dpkg -L dirmngr
/.
/usr
/usr/bin
/usr/bin/dirmngr
/usr/bin/dirmngr-client
/usr/lib
/usr/lib/gnupg
/usr/lib/gnupg/dirmngr_ldap
/usr/lib/systemd
/usr/lib/systemd/user
/usr/lib/systemd/user/dirmngr.service
/usr/lib/systemd/user/dirmngr.socket
/usr/share
/usr/share/doc
/usr/share/doc/dirmngr
/usr/share/doc/dirmngr/AUTHORS
/usr/share/doc/dirmngr/KEYSERVER
/usr/share/doc/dirmngr/NEWS.Debian.gz
/usr/share/doc/dirmngr/NEWS.gz
/usr/share/doc/dirmngr/README.Debian
/usr/share/doc/dirmngr/THANKS.gz
/usr/share/doc/dirmngr/TODO
/usr/share/doc/dirmngr/changelog.Debian.gz
/usr/share/doc/dirmngr/changelog.gz
/usr/share/doc/dirmngr/copyright
/usr/share/gnupg
/usr/share/gnupg/sks-keyservers.netCA.pem
/usr/share/man
/usr/share/man/man1
/usr/share/man/man1/dirmngr-client.1.gz
/usr/share/man/man8
/usr/share/man/man8/dirmngr.8.gz

dpkg -L gnupg-l10n
/.
/usr
/usr/share
/usr/share/doc
/usr/share/doc/gnupg-l10n
/usr/share/doc/gnupg-l10n/NEWS.Debian.gz
/usr/share/doc/gnupg-l10n/changelog.Debian.gz
/usr/share/doc/gnupg-l10n/changelog.gz
/usr/share/doc/gnupg-l10n/copyright
/usr/share/gnupg
/usr/share/gnupg/help.be.txt
/usr/share/gnupg/help.ca.txt
/usr/share/gnupg/help.cs.txt
/usr/share/gnupg/help.da.txt
/usr/share/gnupg/help.de.txt
/usr/share/gnupg/help.el.txt
/usr/share/gnupg/help.eo.txt
/usr/share/gnupg/help.es.txt
/usr/share/gnupg/help.et.txt
/usr/share/gnupg/help.fi.txt
/usr/share/gnupg/help.fr.txt
/usr/share/gnupg/help.gl.txt
/usr/share/gnupg/help.hu.txt
/usr/share/gnupg/help.id.txt
/usr/share/gnupg/help.it.txt
/usr/share/gnupg/help.ja.txt
/usr/share/gnupg/help.nb.txt
/usr/share/gnupg/help.pl.txt
/usr/share/gnupg/help.pt.txt
/usr/share/gnupg/help.pt_BR.txt
/usr/share/gnupg/help.ro.txt
/usr/share/gnupg/help.ru.txt
/usr/share/gnupg/help.sk.txt
/usr/share/gnupg/help.sv.txt
/usr/share/gnupg/help.tr.txt
/usr/share/gnupg/help.txt
/usr/share/gnupg/help.zh_CN.txt
/usr/share/gnupg/help.zh_TW.txt
/usr/share/lintian
/usr/share/lintian/overrides
/usr/share/lintian/overrides/gnupg-l10n
/usr/share/locale
/usr/share/locale/ca/LC_MESSAGES/gnupg2.mo
/usr/share/locale/cs/LC_MESSAGES/gnupg2.mo
/usr/share/locale/da/LC_MESSAGES/gnupg2.mo
/usr/share/locale/de/LC_MESSAGES/gnupg2.mo
/usr/share/locale/el/LC_MESSAGES/gnupg2.mo
/usr/share/locale/en@boldquot
/usr/share/locale/en@boldquot/LC_MESSAGES
/usr/share/locale/en@boldquot/LC_MESSAGES/gnupg2.mo
/usr/share/locale/en@quot
/usr/share/locale/en@quot/LC_MESSAGES
/usr/share/locale/en@quot/LC_MESSAGES/gnupg2.mo
/usr/share/locale/eo/LC_MESSAGES/gnupg2.mo
/usr/share/locale/es/LC_MESSAGES/gnupg2.mo
/usr/share/locale/et
/usr/share/locale/et/LC_MESSAGES
/usr/share/locale/et/LC_MESSAGES/gnupg2.mo
/usr/share/locale/fi/LC_MESSAGES/gnupg2.mo
/usr/share/locale/fr/LC_MESSAGES/gnupg2.mo
/usr/share/locale/gl/LC_MESSAGES/gnupg2.mo
/usr/share/locale/hu/LC_MESSAGES/gnupg2.mo
/usr/share/locale/id/LC_MESSAGES/gnupg2.mo
/usr/share/locale/it/LC_MESSAGES/gnupg2.mo
/usr/share/locale/ja/LC_MESSAGES/gnupg2.mo
/usr/share/locale/nb/LC_MESSAGES/gnupg2.mo
/usr/share/locale/pl/LC_MESSAGES/gnupg2.mo
/usr/share/locale/pt/LC_MESSAGES/gnupg2.mo
/usr/share/locale/ro/LC_MESSAGES/gnupg2.mo
/usr/share/locale/ru/LC_MESSAGES/gnupg2.mo
/usr/share/locale/sk/LC_MESSAGES/gnupg2.mo
/usr/share/locale/sv/LC_MESSAGES/gnupg2.mo
/usr/share/locale/tr/LC_MESSAGES/gnupg2.mo
/usr/share/locale/uk/LC_MESSAGES/gnupg2.mo
/usr/share/locale/zh_CN/LC_MESSAGES/gnupg2.mo
/usr/share/locale/zh_TW/LC_MESSAGES/gnupg2.mo

dpkg -L gnupg-utils
/.
/usr
/usr/bin
/usr/bin/gpg-zip
/usr/bin/gpgcompose
/usr/bin/gpgparsemail
/usr/bin/gpgsplit
/usr/bin/gpgtar
/usr/bin/kbxutil
/usr/bin/lspgpot
/usr/bin/migrate-pubring-from-classic-gpg
/usr/bin/watchgnupg
/usr/sbin
/usr/sbin/addgnupghome
/usr/sbin/applygnupgdefaults
/usr/share
/usr/share/doc
/usr/share/doc/gnupg-utils
/usr/share/doc/gnupg-utils/NEWS.Debian.gz
/usr/share/doc/gnupg-utils/changelog.Debian.gz
/usr/share/doc/gnupg-utils/changelog.gz
/usr/share/doc/gnupg-utils/copyright
/usr/share/man
/usr/share/man/man1
/usr/share/man/man1/gpg-zip.1.gz
/usr/share/man/man1/gpgcompose.1.gz
/usr/share/man/man1/gpgparsemail.1.gz
/usr/share/man/man1/gpgsplit.1.gz
/usr/share/man/man1/gpgtar.1.gz
/usr/share/man/man1/kbxutil.1.gz
/usr/share/man/man1/lspgpot.1.gz
/usr/share/man/man1/migrate-pubring-from-classic-gpg.1.gz
/usr/share/man/man1/watchgnupg.1.gz
/usr/share/man/man8
/usr/share/man/man8/addgnupghome.8.gz
/usr/share/man/man8/applygnupgdefaults.8.gz

dpkg -L gpg
/.
/usr
/usr/bin
/usr/bin/gpg
/usr/share
/usr/share/doc
/usr/share/doc/gpg
/usr/share/doc/gpg/NEWS.Debian.gz
/usr/share/doc/gpg/changelog.Debian.gz
/usr/share/doc/gpg/changelog.gz
/usr/share/doc/gpg/copyright
/usr/share/man
/usr/share/man/man1
/usr/share/man/man1/gpg.1.gz

dpkg -L gpg-agent
/.
/etc
/etc/X11
/etc/X11/Xsession.d
/etc/X11/Xsession.d/90gpg-agent
/etc/logcheck
/etc/logcheck/ignore.d.server
/etc/logcheck/ignore.d.server/gpg-agent
/usr
/usr/bin
/usr/bin/gpg-agent
/usr/lib
/usr/lib/gnupg
/usr/lib/gnupg/gpg-check-pattern
/usr/lib/gnupg/gpg-preset-passphrase
/usr/lib/gnupg/gpg-protect-tool
/usr/lib/gnupg2
/usr/lib/systemd
/usr/lib/systemd/user
/usr/lib/systemd/user/gpg-agent-browser.socket
/usr/lib/systemd/user/gpg-agent-extra.socket
/usr/lib/systemd/user/gpg-agent-ssh.socket
/usr/lib/systemd/user/gpg-agent.service
/usr/lib/systemd/user/gpg-agent.socket
/usr/lib/systemd/user-environment-generators
/usr/lib/systemd/user-environment-generators/90gpg-agent
/usr/share
/usr/share/doc
/usr/share/doc/gpg-agent
/usr/share/doc/gpg-agent/NEWS.Debian.gz
/usr/share/doc/gpg-agent/README.Debian
/usr/share/doc/gpg-agent/changelog.Debian.gz
/usr/share/doc/gpg-agent/changelog.gz
/usr/share/doc/gpg-agent/copyright
/usr/share/doc/gpg-agent/examples
/usr/share/doc/gpg-agent/examples/pwpattern.list
/usr/share/doc/gpg-agent/examples/trustlist.txt
/usr/share/lintian
/usr/share/lintian/overrides
/usr/share/lintian/overrides/gpg-agent
/usr/share/man
/usr/share/man/man1
/usr/share/man/man1/gpg-agent.1.gz
/usr/share/man/man1/gpg-check-pattern.1.gz
/usr/share/man/man1/gpg-preset-passphrase.1.gz
/usr/lib/gnupg2/gpg-preset-passphrase
/usr/lib/gnupg2/gpg-protect-tool

dpkg -L gpg-wks-client
/.
/usr
/usr/lib
/usr/lib/gnupg
/usr/lib/gnupg/gpg-wks-client
/usr/share
/usr/share/doc
/usr/share/doc/gpg-wks-client
/usr/share/doc/gpg-wks-client/NEWS.Debian.gz
/usr/share/doc/gpg-wks-client/changelog.Debian.gz
/usr/share/doc/gpg-wks-client/changelog.gz
/usr/share/doc/gpg-wks-client/copyright
/usr/share/lintian
/usr/share/lintian/overrides
/usr/share/lintian/overrides/gpg-wks-client
/usr/share/man
/usr/share/man/man1
/usr/share/man/man1/gpg-wks-client.1.gz

dpkg -L gpg-wks-server
/.
/usr
/usr/bin
/usr/bin/gpg-wks-server
/usr/share
/usr/share/doc
/usr/share/doc/gpg-wks-server
/usr/share/doc/gpg-wks-server/NEWS.Debian.gz
/usr/share/doc/gpg-wks-server/changelog.Debian.gz
/usr/share/doc/gpg-wks-server/changelog.gz
/usr/share/doc/gpg-wks-server/copyright
/usr/share/man
/usr/share/man/man1
/usr/share/man/man1/gpg-wks-server.1.gz

dpkg -L gpgconf
/.
/usr
/usr/bin
/usr/bin/gpg-connect-agent
/usr/bin/gpgconf
/usr/share
/usr/share/doc
/usr/share/doc/gpgconf
/usr/share/doc/gpgconf/NEWS.Debian.gz
/usr/share/doc/gpgconf/changelog.Debian.gz
/usr/share/doc/gpgconf/changelog.gz
/usr/share/doc/gpgconf/copyright
/usr/share/doc/gpgconf/examples
/usr/share/doc/gpgconf/examples/gpgconf.conf
/usr/share/gnupg
/usr/share/gnupg/distsigkey.gpg
/usr/share/man
/usr/share/man/man1
/usr/share/man/man1/gpg-connect-agent.1.gz
/usr/share/man/man1/gpgconf.1.gz

dpkg -L gpgsm
/.
/usr
/usr/bin
/usr/bin/gpgsm
/usr/share
/usr/share/doc
/usr/share/doc/gpgsm
/usr/share/doc/gpgsm/NEWS.Debian.gz
/usr/share/doc/gpgsm/changelog.Debian.gz
/usr/share/doc/gpgsm/changelog.gz
/usr/share/doc/gpgsm/copyright
/usr/share/man
/usr/share/man/man1
/usr/share/man/man1/gpgsm.1.gz

dpkg -L libassuan0
/.
/usr
/usr/lib
/usr/lib/x86_64-linux-gnu
/usr/lib/x86_64-linux-gnu/libassuan.so.0.8.3
/usr/share
/usr/share/doc
/usr/share/doc/libassuan0
/usr/share/doc/libassuan0/changelog.Debian.gz
/usr/share/doc/libassuan0/changelog.gz
/usr/share/doc/libassuan0/copyright
/usr/lib/x86_64-linux-gnu/libassuan.so.0

dpkg -L libksba8
/.
/usr
/usr/lib
/usr/lib/x86_64-linux-gnu
/usr/lib/x86_64-linux-gnu/libksba.so.8.13.0
/usr/share
/usr/share/doc
/usr/share/doc/libksba8
/usr/share/doc/libksba8/AUTHORS
/usr/share/doc/libksba8/NEWS.gz
/usr/share/doc/libksba8/README
/usr/share/doc/libksba8/changelog.Debian.gz
/usr/share/doc/libksba8/changelog.gz
/usr/share/doc/libksba8/copyright
/usr/lib/x86_64-linux-gnu/libksba.so.8

dpkg -L libldap-2.4-2
/.
/usr
/usr/lib
/usr/lib/x86_64-linux-gnu
/usr/lib/x86_64-linux-gnu/liblber-2.4.so.2.11.5
/usr/lib/x86_64-linux-gnu/libldap_r-2.4.so.2.11.5
/usr/share
/usr/share/doc
/usr/share/doc/libldap-2.4-2
/usr/share/doc/libldap-2.4-2/README.Debian
/usr/share/doc/libldap-2.4-2/changelog.Debian.gz
/usr/share/doc/libldap-2.4-2/changelog.gz
/usr/share/doc/libldap-2.4-2/copyright
/usr/share/lintian
/usr/share/lintian/overrides
/usr/share/lintian/overrides/libldap-2.4-2
/usr/lib/x86_64-linux-gnu/liblber-2.4.so.2
/usr/lib/x86_64-linux-gnu/libldap-2.4.so.2
/usr/lib/x86_64-linux-gnu/libldap_r-2.4.so.2

dpkg -L libncursesw6
/.
/lib
/lib/x86_64-linux-gnu
/lib/x86_64-linux-gnu/libncursesw.so.6.2
/usr
/usr/lib
/usr/lib/x86_64-linux-gnu
/usr/lib/x86_64-linux-gnu/libformw.so.6.2
/usr/lib/x86_64-linux-gnu/libmenuw.so.6.2
/usr/lib/x86_64-linux-gnu/libpanelw.so.6.2
/usr/share
/usr/share/doc
/lib/x86_64-linux-gnu/libncursesw.so.6
/usr/lib/x86_64-linux-gnu/libformw.so.6
/usr/lib/x86_64-linux-gnu/libmenuw.so.6
/usr/lib/x86_64-linux-gnu/libpanelw.so.6
/usr/share/doc/libncursesw6

dpkg -L libnpth0
/.
/usr
/usr/lib
/usr/lib/x86_64-linux-gnu
/usr/lib/x86_64-linux-gnu/libnpth.so.0.1.2
/usr/share
/usr/share/doc
/usr/share/doc/libnpth0
/usr/share/doc/libnpth0/changelog.Debian.gz
/usr/share/doc/libnpth0/changelog.gz
/usr/share/doc/libnpth0/copyright
/usr/lib/x86_64-linux-gnu/libnpth.so.0

dpkg -L libreadline8
/.
/etc
/lib
/lib/x86_64-linux-gnu
/lib/x86_64-linux-gnu/libhistory.so.8.1
/lib/x86_64-linux-gnu/libreadline.so.8.1
/usr
/usr/share
/usr/share/doc
/usr/share/doc/libreadline8
/usr/share/doc/libreadline8/README.Debian
/usr/share/doc/libreadline8/USAGE
/usr/share/doc/libreadline8/changelog.Debian.gz
/usr/share/doc/libreadline8/changelog.gz
/usr/share/doc/libreadline8/copyright
/usr/share/doc/libreadline8/examples
/usr/share/doc/libreadline8/examples/Inputrc
/usr/share/doc/libreadline8/inputrc.arrows
/lib/x86_64-linux-gnu/libhistory.so.8
/lib/x86_64-linux-gnu/libreadline.so.8

dpkg -L libsasl2-2
/.
/usr
/usr/lib
/usr/lib/sasl2
/usr/lib/x86_64-linux-gnu
/usr/lib/x86_64-linux-gnu/libsasl2.so.2.0.25
/usr/share
/usr/share/doc
/usr/share/doc/libsasl2-2
/usr/share/doc/libsasl2-2/NEWS.Debian.gz
/usr/share/doc/libsasl2-2/README.Debian
/usr/share/doc/libsasl2-2/README.configure-options
/usr/share/doc/libsasl2-2/changelog.Debian.gz
/usr/share/doc/libsasl2-2/changelog.gz
/usr/share/doc/libsasl2-2/copyright
/usr/lib/x86_64-linux-gnu/libsasl2.so.2

dpkg -L libsasl2-modules-db
/.
/usr
/usr/lib
/usr/lib/x86_64-linux-gnu
/usr/lib/x86_64-linux-gnu/sasl2
/usr/lib/x86_64-linux-gnu/sasl2/libsasldb.so.2.0.25
/usr/share
/usr/share/doc
/usr/share/doc/libsasl2-modules-db
/usr/share/doc/libsasl2-modules-db/NEWS.Debian.gz
/usr/share/doc/libsasl2-modules-db/changelog.Debian.gz
/usr/share/doc/libsasl2-modules-db/changelog.gz
/usr/share/doc/libsasl2-modules-db/copyright
/usr/lib/x86_64-linux-gnu/sasl2/libsasldb.so
/usr/lib/x86_64-linux-gnu/sasl2/libsasldb.so.2

dpkg -L libsqlite3-0
/.
/usr
/usr/lib
/usr/lib/x86_64-linux-gnu
/usr/lib/x86_64-linux-gnu/libsqlite3.so.0.8.6
/usr/share
/usr/share/doc
/usr/share/doc/libsqlite3-0
/usr/share/doc/libsqlite3-0/README.Debian
/usr/share/doc/libsqlite3-0/changelog.Debian.gz
/usr/share/doc/libsqlite3-0/changelog.gz
/usr/share/doc/libsqlite3-0/changelog.html.gz
/usr/share/doc/libsqlite3-0/copyright
/usr/lib/x86_64-linux-gnu/libsqlite3.so.0

dpkg -L pinentry-curses
/.
/usr
/usr/bin
/usr/bin/pinentry-curses
/usr/share
/usr/share/doc
/usr/share/doc/pinentry-curses
/usr/share/doc/pinentry-curses/AUTHORS
/usr/share/doc/pinentry-curses/NEWS.gz
/usr/share/doc/pinentry-curses/README.Debian
/usr/share/doc/pinentry-curses/changelog.Debian.gz
/usr/share/doc/pinentry-curses/changelog.gz
/usr/share/doc/pinentry-curses/copyright
/usr/share/man
/usr/share/man/man1
/usr/share/man/man1/pinentry-curses.1.gz

dpkg -L readline-common
/.
/etc
/usr
/usr/share
/usr/share/doc
/usr/share/doc/readline-common
/usr/share/doc/readline-common/changelog.Debian.gz
/usr/share/doc/readline-common/changelog.gz
/usr/share/doc/readline-common/copyright
/usr/share/doc/readline-common/inputrc.arrows
/usr/share/info
/usr/share/info/rluserman.info.gz
/usr/share/lintian
/usr/share/lintian/overrides
/usr/share/lintian/overrides/readline-common
/usr/share/man
/usr/share/man/man3
/usr/share/man/man3/history.3readline.gz
/usr/share/man/man3/readline.3readline.gz
/usr/share/readline
/usr/share/readline/inputrc

dpkg -L dbus-user-session
dpkg-query: package 'dbus-user-session' is not installed
Use dpkg --contents (= dpkg-deb --contents) to list archive files contents.

dpkg -L libpam-systemd
dpkg-query: package 'libpam-systemd' is not installed
Use dpkg --contents (= dpkg-deb --contents) to list archive files contents.

dpkg -L pinentry-gnome3
dpkg-query: package 'pinentry-gnome3' is not installed
Use dpkg --contents (= dpkg-deb --contents) to list archive files contents.

dpkg -L tor
dpkg-query: package 'tor' is not installed
Use dpkg --contents (= dpkg-deb --contents) to list archive files contents.

dpkg -L parcimonie
dpkg-query: package 'parcimonie' is not installed
Use dpkg --contents (= dpkg-deb --contents) to list archive files contents.

dpkg -L xloadimage
dpkg-query: package 'xloadimage' is not installed
Use dpkg --contents (= dpkg-deb --contents) to list archive files contents.

dpkg -L scdaemon
dpkg-query: package 'scdaemon' is not installed
Use dpkg --contents (= dpkg-deb --contents) to list archive files contents.

dpkg -L pinentry-doc
dpkg-query: package 'pinentry-doc' is not installed
Use dpkg --contents (= dpkg-deb --contents) to list archive files contents.

dpkg -L readline-doc
dpkg-query: package 'readline-doc' is not installed
Use dpkg --contents (= dpkg-deb --contents) to list archive files contents.

dpkg -L libldap-common
dpkg-query: package 'libldap-common' is not installed
Use dpkg --contents (= dpkg-deb --contents) to list archive files contents.

dpkg -L libgpm2
dpkg-query: package 'libgpm2' is not installed
Use dpkg --contents (= dpkg-deb --contents) to list archive files contents.

dpkg -L libsasl2-modules
dpkg-query: package 'libsasl2-modules' is not installed
Use dpkg --contents (= dpkg-deb --contents) to list archive files contents.

dpkg -L gnupg
/.
/usr
/usr/share
/usr/share/doc
/usr/share/doc/gnupg
/usr/share/doc/gnupg/DCO
/usr/share/doc/gnupg/DETAILS.gz
/usr/share/doc/gnupg/FAQ
/usr/share/doc/gnupg/HACKING.gz
/usr/share/doc/gnupg/KEYSERVER
/usr/share/doc/gnupg/NEWS.Debian.gz
/usr/share/doc/gnupg/NEWS.gz
/usr/share/doc/gnupg/OpenPGP.gz
/usr/share/doc/gnupg/README.Debian
/usr/share/doc/gnupg/README.gz
/usr/share/doc/gnupg/THANKS.gz
/usr/share/doc/gnupg/TODO
/usr/share/doc/gnupg/TRANSLATE
/usr/share/doc/gnupg/changelog.Debian.gz
/usr/share/doc/gnupg/changelog.gz
/usr/share/doc/gnupg/copyright
/usr/share/doc/gnupg/examples
/usr/share/doc/gnupg/examples/Automatic.prf
/usr/share/doc/gnupg/examples/README
/usr/share/doc/gnupg/examples/VS-NfD.prf
/usr/share/doc/gnupg/examples/debug.prf
/usr/share/doc/gnupg/examples/gpgconf.conf
/usr/share/doc/gnupg/examples/pwpattern.list
/usr/share/doc/gnupg/examples/scd-event
/usr/share/doc/gnupg/examples/systemd-user
/usr/share/doc/gnupg/examples/systemd-user/README
/usr/share/doc/gnupg/examples/systemd-user/dirmngr.service
/usr/share/doc/gnupg/examples/systemd-user/dirmngr.socket
/usr/share/doc/gnupg/examples/systemd-user/gpg-agent-browser.socket
/usr/share/doc/gnupg/examples/systemd-user/gpg-agent-extra.socket
/usr/share/doc/gnupg/examples/systemd-user/gpg-agent-ssh.socket
/usr/share/doc/gnupg/examples/systemd-user/gpg-agent.service
/usr/share/doc/gnupg/examples/systemd-user/gpg-agent.socket
/usr/share/doc/gnupg/examples/trustlist.txt
/usr/share/info
/usr/share/info/gnupg-card-architecture.png
/usr/share/info/gnupg-module-overview.png
/usr/share/info/gnupg.info-1.gz
/usr/share/info/gnupg.info-2.gz
/usr/share/info/gnupg.info.gz
/usr/share/man
/usr/share/man/man7
/usr/share/man/man7/gnupg.7.gz

dpkg -L less
/.
/usr
/usr/bin
/usr/bin/less
/usr/bin/lessecho
/usr/bin/lesskey
/usr/bin/lesspipe
/usr/lib
/usr/lib/mime
/usr/lib/mime/packages
/usr/lib/mime/packages/less
/usr/share
/usr/share/doc
/usr/share/doc/less
/usr/share/doc/less/LESSOPEN
/usr/share/doc/less/NEWS.gz
/usr/share/doc/less/README.Debian
/usr/share/doc/less/changelog.Debian.gz
/usr/share/doc/less/copyright
/usr/share/man
/usr/share/man/man1
/usr/share/man/man1/less.1.gz
/usr/share/man/man1/lessecho.1.gz
/usr/share/man/man1/lesskey.1.gz
/usr/share/man/man1/lesspipe.1.gz
/usr/bin/lessfile
/usr/share/man/man1/lessfile.1.gz

dpkg -L libpsl5
dpkg-query: package 'libpsl5' is not installed
Use dpkg --contents (= dpkg-deb --contents) to list archive files contents.

dpkg -L openssl
/.
/etc
/etc/ssl
/etc/ssl/certs
/etc/ssl/openssl.cnf
/etc/ssl/private
/usr
/usr/bin
/usr/bin/c_rehash
/usr/bin/openssl
/usr/lib
/usr/lib/ssl
/usr/lib/ssl/misc
/usr/lib/ssl/misc/CA.pl
/usr/lib/ssl/misc/tsget.pl
/usr/share
/usr/share/doc
/usr/share/doc/openssl
/usr/share/doc/openssl/FAQ
/usr/share/doc/openssl/HOWTO
/usr/share/doc/openssl/HOWTO/certificates.txt.gz
/usr/share/doc/openssl/HOWTO/keys.txt
/usr/share/doc/openssl/NEWS.Debian.gz
/usr/share/doc/openssl/NEWS.gz
/usr/share/doc/openssl/README
/usr/share/doc/openssl/README.Debian
/usr/share/doc/openssl/README.ENGINE.gz
/usr/share/doc/openssl/README.optimization
/usr/share/doc/openssl/changelog.Debian.gz
/usr/share/doc/openssl/changelog.gz
/usr/share/doc/openssl/copyright
/usr/share/doc/openssl/fingerprints.txt
/usr/share/lintian
/usr/share/lintian/overrides
/usr/share/lintian/overrides/openssl
/usr/share/man
/usr/share/man/man1
/usr/share/man/man1/CA.pl.1ssl.gz
/usr/share/man/man1/asn1parse.1ssl.gz
/usr/share/man/man1/ca.1ssl.gz
/usr/share/man/man1/ciphers.1ssl.gz
/usr/share/man/man1/cms.1ssl.gz
/usr/share/man/man1/crl.1ssl.gz
/usr/share/man/man1/crl2pkcs7.1ssl.gz
/usr/share/man/man1/dgst.1ssl.gz
/usr/share/man/man1/dhparam.1ssl.gz
/usr/share/man/man1/dsa.1ssl.gz
/usr/share/man/man1/dsaparam.1ssl.gz
/usr/share/man/man1/ec.1ssl.gz
/usr/share/man/man1/ecparam.1ssl.gz
/usr/share/man/man1/enc.1ssl.gz
/usr/share/man/man1/engine.1ssl.gz
/usr/share/man/man1/errstr.1ssl.gz
/usr/share/man/man1/gendsa.1ssl.gz
/usr/share/man/man1/genpkey.1ssl.gz
/usr/share/man/man1/genrsa.1ssl.gz
/usr/share/man/man1/list.1ssl.gz
/usr/share/man/man1/nseq.1ssl.gz
/usr/share/man/man1/ocsp.1ssl.gz
/usr/share/man/man1/openssl.1ssl.gz
/usr/share/man/man1/passwd.1ssl.gz
/usr/share/man/man1/pkcs12.1ssl.gz
/usr/share/man/man1/pkcs7.1ssl.gz
/usr/share/man/man1/pkcs8.1ssl.gz
/usr/share/man/man1/pkey.1ssl.gz
/usr/share/man/man1/pkeyparam.1ssl.gz
/usr/share/man/man1/pkeyutl.1ssl.gz
/usr/share/man/man1/prime.1ssl.gz
/usr/share/man/man1/rand.1ssl.gz
/usr/share/man/man1/rehash.1ssl.gz
/usr/share/man/man1/req.1ssl.gz
/usr/share/man/man1/rsa.1ssl.gz
/usr/share/man/man1/rsautl.1ssl.gz
/usr/share/man/man1/s_client.1ssl.gz
/usr/share/man/man1/s_server.1ssl.gz
/usr/share/man/man1/s_time.1ssl.gz
/usr/share/man/man1/sess_id.1ssl.gz
/usr/share/man/man1/smime.1ssl.gz
/usr/share/man/man1/speed.1ssl.gz
/usr/share/man/man1/spkac.1ssl.gz
/usr/share/man/man1/srp.1ssl.gz
/usr/share/man/man1/storeutl.1ssl.gz
/usr/share/man/man1/ts.1ssl.gz
/usr/share/man/man1/tsget.1ssl.gz
/usr/share/man/man1/verify.1ssl.gz
/usr/share/man/man1/version.1ssl.gz
/usr/share/man/man1/x509.1ssl.gz
/usr/share/man/man5
/usr/share/man/man5/config.5ssl.gz
/usr/share/man/man5/x509v3_config.5ssl.gz
/usr/share/man/man7
/usr/share/man/man7/Ed25519.7ssl.gz
/usr/share/man/man7/RAND.7ssl.gz
/usr/share/man/man7/RAND_DRBG.7ssl.gz
/usr/share/man/man7/RSA-PSS.7ssl.gz
/usr/share/man/man7/SM2.7ssl.gz
/usr/share/man/man7/X25519.7ssl.gz
/usr/share/man/man7/bio.7ssl.gz
/usr/share/man/man7/crypto.7ssl.gz
/usr/share/man/man7/ct.7ssl.gz
/usr/share/man/man7/des_modes.7ssl.gz
/usr/share/man/man7/evp.7ssl.gz
/usr/share/man/man7/ossl_store-file.7ssl.gz
/usr/share/man/man7/ossl_store.7ssl.gz
/usr/share/man/man7/passphrase-encoding.7ssl.gz
/usr/share/man/man7/proxy-certificates.7ssl.gz
/usr/share/man/man7/scrypt.7ssl.gz
/usr/share/man/man7/ssl.7ssl.gz
/usr/share/man/man7/x509.7ssl.gz
/usr/lib/ssl/certs
/usr/lib/ssl/misc/tsget
/usr/lib/ssl/openssl.cnf
/usr/lib/ssl/private
/usr/share/man/man1/c_rehash.1ssl.gz
/usr/share/man/man1/openssl-asn1parse.1ssl.gz
/usr/share/man/man1/openssl-c_rehash.1ssl.gz
/usr/share/man/man1/openssl-ca.1ssl.gz
/usr/share/man/man1/openssl-ciphers.1ssl.gz
/usr/share/man/man1/openssl-cms.1ssl.gz
/usr/share/man/man1/openssl-crl.1ssl.gz
/usr/share/man/man1/openssl-crl2pkcs7.1ssl.gz
/usr/share/man/man1/openssl-dgst.1ssl.gz
/usr/share/man/man1/openssl-dhparam.1ssl.gz
/usr/share/man/man1/openssl-dsa.1ssl.gz
/usr/share/man/man1/openssl-dsaparam.1ssl.gz
/usr/share/man/man1/openssl-ec.1ssl.gz
/usr/share/man/man1/openssl-ecparam.1ssl.gz
/usr/share/man/man1/openssl-enc.1ssl.gz
/usr/share/man/man1/openssl-engine.1ssl.gz
/usr/share/man/man1/openssl-errstr.1ssl.gz
/usr/share/man/man1/openssl-gendsa.1ssl.gz
/usr/share/man/man1/openssl-genpkey.1ssl.gz
/usr/share/man/man1/openssl-genrsa.1ssl.gz
/usr/share/man/man1/openssl-list.1ssl.gz
/usr/share/man/man1/openssl-nseq.1ssl.gz
/usr/share/man/man1/openssl-ocsp.1ssl.gz
/usr/share/man/man1/openssl-passwd.1ssl.gz
/usr/share/man/man1/openssl-pkcs12.1ssl.gz
/usr/share/man/man1/openssl-pkcs7.1ssl.gz
/usr/share/man/man1/openssl-pkcs8.1ssl.gz
/usr/share/man/man1/openssl-pkey.1ssl.gz
/usr/share/man/man1/openssl-pkeyparam.1ssl.gz
/usr/share/man/man1/openssl-pkeyutl.1ssl.gz
/usr/share/man/man1/openssl-prime.1ssl.gz
/usr/share/man/man1/openssl-rand.1ssl.gz
/usr/share/man/man1/openssl-rehash.1ssl.gz
/usr/share/man/man1/openssl-req.1ssl.gz
/usr/share/man/man1/openssl-rsa.1ssl.gz
/usr/share/man/man1/openssl-rsautl.1ssl.gz
/usr/share/man/man1/openssl-s_client.1ssl.gz
/usr/share/man/man1/openssl-s_server.1ssl.gz
/usr/share/man/man1/openssl-s_time.1ssl.gz
/usr/share/man/man1/openssl-sess_id.1ssl.gz
/usr/share/man/man1/openssl-smime.1ssl.gz
/usr/share/man/man1/openssl-speed.1ssl.gz
/usr/share/man/man1/openssl-spkac.1ssl.gz
/usr/share/man/man1/openssl-srp.1ssl.gz
/usr/share/man/man1/openssl-storeutl.1ssl.gz
/usr/share/man/man1/openssl-ts.1ssl.gz
/usr/share/man/man1/openssl-tsget.1ssl.gz
/usr/share/man/man1/openssl-verify.1ssl.gz
/usr/share/man/man1/openssl-version.1ssl.gz
/usr/share/man/man1/openssl-x509.1ssl.gz
/usr/share/man/man7/Ed448.7ssl.gz
/usr/share/man/man7/X448.7ssl.gz

dpkg -L publicsuffix
dpkg-query: package 'publicsuffix' is not installed
Use dpkg --contents (= dpkg-deb --contents) to list archive files contents.

dpkg -L ca-certificates
dpkg-query: package 'ca-certificates' is not installed
Use dpkg --contents (= dpkg-deb --contents) to list archive files contents.

dpkg -L wget
dpkg-query: package 'wget' is not installed
Use dpkg --contents (= dpkg-deb --contents) to list archive files contents.

dpkg -L libc-l10n
/.
/usr
/usr/share
/usr/share/doc
/usr/share/doc/libc-l10n
/usr/share/doc/libc-l10n/changelog.Debian.gz
/usr/share/doc/libc-l10n/changelog.gz
/usr/share/doc/libc-l10n/copyright
/usr/share/locale
/usr/share/locale/be
/usr/share/locale/be/LC_MESSAGES
/usr/share/locale/be/LC_MESSAGES/libc.mo
/usr/share/locale/bg
/usr/share/locale/bg/LC_MESSAGES
/usr/share/locale/bg/LC_MESSAGES/libc.mo
/usr/share/locale/ca
/usr/share/locale/ca/LC_MESSAGES
/usr/share/locale/ca/LC_MESSAGES/libc.mo
/usr/share/locale/cs
/usr/share/locale/cs/LC_MESSAGES
/usr/share/locale/cs/LC_MESSAGES/libc.mo
/usr/share/locale/da
/usr/share/locale/da/LC_MESSAGES
/usr/share/locale/da/LC_MESSAGES/libc.mo
/usr/share/locale/de
/usr/share/locale/de/LC_MESSAGES
/usr/share/locale/de/LC_MESSAGES/libc.mo
/usr/share/locale/el
/usr/share/locale/el/LC_MESSAGES
/usr/share/locale/el/LC_MESSAGES/libc.mo
/usr/share/locale/en_GB
/usr/share/locale/en_GB/LC_MESSAGES
/usr/share/locale/en_GB/LC_MESSAGES/libc.mo
/usr/share/locale/eo
/usr/share/locale/eo/LC_MESSAGES
/usr/share/locale/eo/LC_MESSAGES/libc.mo
/usr/share/locale/es
/usr/share/locale/es/LC_MESSAGES
/usr/share/locale/es/LC_MESSAGES/libc.mo
/usr/share/locale/fi
/usr/share/locale/fi/LC_MESSAGES
/usr/share/locale/fi/LC_MESSAGES/libc.mo
/usr/share/locale/fr
/usr/share/locale/fr/LC_MESSAGES
/usr/share/locale/fr/LC_MESSAGES/libc.mo
/usr/share/locale/gl
/usr/share/locale/gl/LC_MESSAGES
/usr/share/locale/gl/LC_MESSAGES/libc.mo
/usr/share/locale/hr
/usr/share/locale/hr/LC_MESSAGES
/usr/share/locale/hr/LC_MESSAGES/libc.mo
/usr/share/locale/hu
/usr/share/locale/hu/LC_MESSAGES
/usr/share/locale/hu/LC_MESSAGES/libc.mo
/usr/share/locale/ia
/usr/share/locale/ia/LC_MESSAGES
/usr/share/locale/ia/LC_MESSAGES/libc.mo
/usr/share/locale/id
/usr/share/locale/id/LC_MESSAGES
/usr/share/locale/id/LC_MESSAGES/libc.mo
/usr/share/locale/it
/usr/share/locale/it/LC_MESSAGES
/usr/share/locale/it/LC_MESSAGES/libc.mo
/usr/share/locale/ja
/usr/share/locale/ja/LC_MESSAGES
/usr/share/locale/ja/LC_MESSAGES/libc.mo
/usr/share/locale/ko
/usr/share/locale/ko/LC_MESSAGES
/usr/share/locale/ko/LC_MESSAGES/libc.mo
/usr/share/locale/lt
/usr/share/locale/lt/LC_MESSAGES
/usr/share/locale/lt/LC_MESSAGES/libc.mo
/usr/share/locale/nb
/usr/share/locale/nb/LC_MESSAGES
/usr/share/locale/nb/LC_MESSAGES/libc.mo
/usr/share/locale/nl
/usr/share/locale/nl/LC_MESSAGES
/usr/share/locale/nl/LC_MESSAGES/libc.mo
/usr/share/locale/pl
/usr/share/locale/pl/LC_MESSAGES
/usr/share/locale/pl/LC_MESSAGES/libc.mo
/usr/share/locale/pt
/usr/share/locale/pt/LC_MESSAGES
/usr/share/locale/pt/LC_MESSAGES/libc.mo
/usr/share/locale/pt_BR
/usr/share/locale/pt_BR/LC_MESSAGES
/usr/share/locale/pt_BR/LC_MESSAGES/libc.mo
/usr/share/locale/ru
/usr/share/locale/ru/LC_MESSAGES
/usr/share/locale/ru/LC_MESSAGES/libc.mo
/usr/share/locale/rw
/usr/share/locale/rw/LC_MESSAGES
/usr/share/locale/rw/LC_MESSAGES/libc.mo
/usr/share/locale/sk
/usr/share/locale/sk/LC_MESSAGES
/usr/share/locale/sk/LC_MESSAGES/libc.mo
/usr/share/locale/sl
/usr/share/locale/sl/LC_MESSAGES
/usr/share/locale/sl/LC_MESSAGES/libc.mo
/usr/share/locale/sv
/usr/share/locale/sv/LC_MESSAGES
/usr/share/locale/sv/LC_MESSAGES/libc.mo
/usr/share/locale/tr
/usr/share/locale/tr/LC_MESSAGES
/usr/share/locale/tr/LC_MESSAGES/libc.mo
/usr/share/locale/uk
/usr/share/locale/uk/LC_MESSAGES
/usr/share/locale/uk/LC_MESSAGES/libc.mo
/usr/share/locale/vi
/usr/share/locale/vi/LC_MESSAGES
/usr/share/locale/vi/LC_MESSAGES/libc.mo
/usr/share/locale/zh_CN
/usr/share/locale/zh_CN/LC_MESSAGES
/usr/share/locale/zh_CN/LC_MESSAGES/libc.mo
/usr/share/locale/zh_TW
/usr/share/locale/zh_TW/LC_MESSAGES
/usr/share/locale/zh_TW/LC_MESSAGES/libc.mo

dpkg -L locales
/.
/etc
/etc/locale.alias
/usr
/usr/lib
/usr/lib/locale
/usr/sbin
/usr/sbin/locale-gen
/usr/sbin/update-locale
/usr/sbin/validlocale
/usr/share
/usr/share/doc
/usr/share/doc/locales
/usr/share/doc/locales/NEWS.Debian.gz
/usr/share/doc/locales/README.Debian
/usr/share/doc/locales/changelog.Debian.gz
/usr/share/doc/locales/changelog.gz
/usr/share/doc/locales/copyright
/usr/share/i18n
/usr/share/i18n/SUPPORTED
/usr/share/i18n/charmaps
/usr/share/i18n/charmaps/ANSI_X3.110-1983.gz
/usr/share/i18n/charmaps/ANSI_X3.4-1968.gz
/usr/share/i18n/charmaps/ARMSCII-8.gz
/usr/share/i18n/charmaps/ASMO_449.gz
/usr/share/i18n/charmaps/BIG5-HKSCS.gz
/usr/share/i18n/charmaps/BIG5.gz
/usr/share/i18n/charmaps/BRF.gz
/usr/share/i18n/charmaps/BS_4730.gz
/usr/share/i18n/charmaps/BS_VIEWDATA.gz
/usr/share/i18n/charmaps/CP10007.gz
/usr/share/i18n/charmaps/CP1125.gz
/usr/share/i18n/charmaps/CP1250.gz
/usr/share/i18n/charmaps/CP1251.gz
/usr/share/i18n/charmaps/CP1252.gz
/usr/share/i18n/charmaps/CP1253.gz
/usr/share/i18n/charmaps/CP1254.gz
/usr/share/i18n/charmaps/CP1255.gz
/usr/share/i18n/charmaps/CP1256.gz
/usr/share/i18n/charmaps/CP1257.gz
/usr/share/i18n/charmaps/CP1258.gz
/usr/share/i18n/charmaps/CP737.gz
/usr/share/i18n/charmaps/CP770.gz
/usr/share/i18n/charmaps/CP771.gz
/usr/share/i18n/charmaps/CP772.gz
/usr/share/i18n/charmaps/CP773.gz
/usr/share/i18n/charmaps/CP774.gz
/usr/share/i18n/charmaps/CP775.gz
/usr/share/i18n/charmaps/CP949.gz
/usr/share/i18n/charmaps/CSA_Z243.4-1985-1.gz
/usr/share/i18n/charmaps/CSA_Z243.4-1985-2.gz
/usr/share/i18n/charmaps/CSA_Z243.4-1985-GR.gz
/usr/share/i18n/charmaps/CSN_369103.gz
/usr/share/i18n/charmaps/CWI.gz
/usr/share/i18n/charmaps/DEC-MCS.gz
/usr/share/i18n/charmaps/DIN_66003.gz
/usr/share/i18n/charmaps/DS_2089.gz
/usr/share/i18n/charmaps/EBCDIC-AT-DE-A.gz
/usr/share/i18n/charmaps/EBCDIC-AT-DE.gz
/usr/share/i18n/charmaps/EBCDIC-CA-FR.gz
/usr/share/i18n/charmaps/EBCDIC-DK-NO-A.gz
/usr/share/i18n/charmaps/EBCDIC-DK-NO.gz
/usr/share/i18n/charmaps/EBCDIC-ES-A.gz
/usr/share/i18n/charmaps/EBCDIC-ES-S.gz
/usr/share/i18n/charmaps/EBCDIC-ES.gz
/usr/share/i18n/charmaps/EBCDIC-FI-SE-A.gz
/usr/share/i18n/charmaps/EBCDIC-FI-SE.gz
/usr/share/i18n/charmaps/EBCDIC-FR.gz
/usr/share/i18n/charmaps/EBCDIC-IS-FRISS.gz
/usr/share/i18n/charmaps/EBCDIC-IT.gz
/usr/share/i18n/charmaps/EBCDIC-PT.gz
/usr/share/i18n/charmaps/EBCDIC-UK.gz
/usr/share/i18n/charmaps/EBCDIC-US.gz
/usr/share/i18n/charmaps/ECMA-CYRILLIC.gz
/usr/share/i18n/charmaps/ES.gz
/usr/share/i18n/charmaps/ES2.gz
/usr/share/i18n/charmaps/EUC-JISX0213.gz
/usr/share/i18n/charmaps/EUC-JP-MS.gz
/usr/share/i18n/charmaps/EUC-JP.gz
/usr/share/i18n/charmaps/EUC-KR.gz
/usr/share/i18n/charmaps/EUC-TW.gz
/usr/share/i18n/charmaps/GB18030.gz
/usr/share/i18n/charmaps/GB2312.gz
/usr/share/i18n/charmaps/GBK.gz
/usr/share/i18n/charmaps/GB_1988-80.gz
/usr/share/i18n/charmaps/GEORGIAN-ACADEMY.gz
/usr/share/i18n/charmaps/GEORGIAN-PS.gz
/usr/share/i18n/charmaps/GOST_19768-74.gz
/usr/share/i18n/charmaps/GREEK-CCITT.gz
/usr/share/i18n/charmaps/GREEK7-OLD.gz
/usr/share/i18n/charmaps/GREEK7.gz
/usr/share/i18n/charmaps/HP-GREEK8.gz
/usr/share/i18n/charmaps/HP-ROMAN8.gz
/usr/share/i18n/charmaps/HP-ROMAN9.gz
/usr/share/i18n/charmaps/HP-THAI8.gz
/usr/share/i18n/charmaps/HP-TURKISH8.gz
/usr/share/i18n/charmaps/IBM037.gz
/usr/share/i18n/charmaps/IBM038.gz
/usr/share/i18n/charmaps/IBM1004.gz
/usr/share/i18n/charmaps/IBM1026.gz
/usr/share/i18n/charmaps/IBM1047.gz
/usr/share/i18n/charmaps/IBM1124.gz
/usr/share/i18n/charmaps/IBM1129.gz
/usr/share/i18n/charmaps/IBM1132.gz
/usr/share/i18n/charmaps/IBM1133.gz
/usr/share/i18n/charmaps/IBM1160.gz
/usr/share/i18n/charmaps/IBM1161.gz
/usr/share/i18n/charmaps/IBM1162.gz
/usr/share/i18n/charmaps/IBM1163.gz
/usr/share/i18n/charmaps/IBM1164.gz
/usr/share/i18n/charmaps/IBM256.gz
/usr/share/i18n/charmaps/IBM273.gz
/usr/share/i18n/charmaps/IBM274.gz
/usr/share/i18n/charmaps/IBM275.gz
/usr/share/i18n/charmaps/IBM277.gz
/usr/share/i18n/charmaps/IBM278.gz
/usr/share/i18n/charmaps/IBM280.gz
/usr/share/i18n/charmaps/IBM281.gz
/usr/share/i18n/charmaps/IBM284.gz
/usr/share/i18n/charmaps/IBM285.gz
/usr/share/i18n/charmaps/IBM290.gz
/usr/share/i18n/charmaps/IBM297.gz
/usr/share/i18n/charmaps/IBM420.gz
/usr/share/i18n/charmaps/IBM423.gz
/usr/share/i18n/charmaps/IBM424.gz
/usr/share/i18n/charmaps/IBM437.gz
/usr/share/i18n/charmaps/IBM500.gz
/usr/share/i18n/charmaps/IBM850.gz
/usr/share/i18n/charmaps/IBM851.gz
/usr/share/i18n/charmaps/IBM852.gz
/usr/share/i18n/charmaps/IBM855.gz
/usr/share/i18n/charmaps/IBM856.gz
/usr/share/i18n/charmaps/IBM857.gz
/usr/share/i18n/charmaps/IBM858.gz
/usr/share/i18n/charmaps/IBM860.gz
/usr/share/i18n/charmaps/IBM861.gz
/usr/share/i18n/charmaps/IBM862.gz
/usr/share/i18n/charmaps/IBM863.gz
/usr/share/i18n/charmaps/IBM864.gz
/usr/share/i18n/charmaps/IBM865.gz
/usr/share/i18n/charmaps/IBM866.gz
/usr/share/i18n/charmaps/IBM866NAV.gz
/usr/share/i18n/charmaps/IBM868.gz
/usr/share/i18n/charmaps/IBM869.gz
/usr/share/i18n/charmaps/IBM870.gz
/usr/share/i18n/charmaps/IBM871.gz
/usr/share/i18n/charmaps/IBM874.gz
/usr/share/i18n/charmaps/IBM875.gz
/usr/share/i18n/charmaps/IBM880.gz
/usr/share/i18n/charmaps/IBM891.gz
/usr/share/i18n/charmaps/IBM903.gz
/usr/share/i18n/charmaps/IBM904.gz
/usr/share/i18n/charmaps/IBM905.gz
/usr/share/i18n/charmaps/IBM918.gz
/usr/share/i18n/charmaps/IBM922.gz
/usr/share/i18n/charmaps/IEC_P27-1.gz
/usr/share/i18n/charmaps/INIS-8.gz
/usr/share/i18n/charmaps/INIS-CYRILLIC.gz
/usr/share/i18n/charmaps/INIS.gz
/usr/share/i18n/charmaps/INVARIANT.gz
/usr/share/i18n/charmaps/ISIRI-3342.gz
/usr/share/i18n/charmaps/ISO-8859-1.gz
/usr/share/i18n/charmaps/ISO-8859-10.gz
/usr/share/i18n/charmaps/ISO-8859-11.gz
/usr/share/i18n/charmaps/ISO-8859-13.gz
/usr/share/i18n/charmaps/ISO-8859-14.gz
/usr/share/i18n/charmaps/ISO-8859-15.gz
/usr/share/i18n/charmaps/ISO-8859-16.gz
/usr/share/i18n/charmaps/ISO-8859-2.gz
/usr/share/i18n/charmaps/ISO-8859-3.gz
/usr/share/i18n/charmaps/ISO-8859-4.gz
/usr/share/i18n/charmaps/ISO-8859-5.gz
/usr/share/i18n/charmaps/ISO-8859-6.gz
/usr/share/i18n/charmaps/ISO-8859-7.gz
/usr/share/i18n/charmaps/ISO-8859-8.gz
/usr/share/i18n/charmaps/ISO-8859-9.gz
/usr/share/i18n/charmaps/ISO-8859-9E.gz
/usr/share/i18n/charmaps/ISO-IR-197.gz
/usr/share/i18n/charmaps/ISO-IR-209.gz
/usr/share/i18n/charmaps/ISO-IR-90.gz
/usr/share/i18n/charmaps/ISO_10367-BOX.gz
/usr/share/i18n/charmaps/ISO_10646.gz
/usr/share/i18n/charmaps/ISO_11548-1.gz
/usr/share/i18n/charmaps/ISO_2033-1983.gz
/usr/share/i18n/charmaps/ISO_5427-EXT.gz
/usr/share/i18n/charmaps/ISO_5427.gz
/usr/share/i18n/charmaps/ISO_5428.gz
/usr/share/i18n/charmaps/ISO_646.BASIC.gz
/usr/share/i18n/charmaps/ISO_646.IRV.gz
/usr/share/i18n/charmaps/ISO_6937-2-25.gz
/usr/share/i18n/charmaps/ISO_6937-2-ADD.gz
/usr/share/i18n/charmaps/ISO_6937.gz
/usr/share/i18n/charmaps/ISO_8859-1,GL.gz
/usr/share/i18n/charmaps/ISO_8859-SUPP.gz
/usr/share/i18n/charmaps/IT.gz
/usr/share/i18n/charmaps/JIS_C6220-1969-JP.gz
/usr/share/i18n/charmaps/JIS_C6220-1969-RO.gz
/usr/share/i18n/charmaps/JIS_C6229-1984-A.gz
/usr/share/i18n/charmaps/JIS_C6229-1984-B-ADD.gz
/usr/share/i18n/charmaps/JIS_C6229-1984-B.gz
/usr/share/i18n/charmaps/JIS_C6229-1984-HAND-ADD.gz
/usr/share/i18n/charmaps/JIS_C6229-1984-HAND.gz
/usr/share/i18n/charmaps/JIS_C6229-1984-KANA.gz
/usr/share/i18n/charmaps/JIS_X0201.gz
/usr/share/i18n/charmaps/JOHAB.gz
/usr/share/i18n/charmaps/JUS_I.B1.002.gz
/usr/share/i18n/charmaps/JUS_I.B1.003-MAC.gz
/usr/share/i18n/charmaps/JUS_I.B1.003-SERB.gz
/usr/share/i18n/charmaps/KOI-8.gz
/usr/share/i18n/charmaps/KOI8-R.gz
/usr/share/i18n/charmaps/KOI8-RU.gz
/usr/share/i18n/charmaps/KOI8-T.gz
/usr/share/i18n/charmaps/KOI8-U.gz
/usr/share/i18n/charmaps/KSC5636.gz
/usr/share/i18n/charmaps/LATIN-GREEK-1.gz
/usr/share/i18n/charmaps/LATIN-GREEK.gz
/usr/share/i18n/charmaps/MAC-CENTRALEUROPE.gz
/usr/share/i18n/charmaps/MAC-CYRILLIC.gz
/usr/share/i18n/charmaps/MAC-IS.gz
/usr/share/i18n/charmaps/MAC-SAMI.gz
/usr/share/i18n/charmaps/MAC-UK.gz
/usr/share/i18n/charmaps/MACINTOSH.gz
/usr/share/i18n/charmaps/MIK.gz
/usr/share/i18n/charmaps/MSZ_7795.3.gz
/usr/share/i18n/charmaps/NATS-DANO-ADD.gz
/usr/share/i18n/charmaps/NATS-DANO.gz
/usr/share/i18n/charmaps/NATS-SEFI-ADD.gz
/usr/share/i18n/charmaps/NATS-SEFI.gz
/usr/share/i18n/charmaps/NC_NC00-10.gz
/usr/share/i18n/charmaps/NEXTSTEP.gz
/usr/share/i18n/charmaps/NF_Z_62-010.gz
/usr/share/i18n/charmaps/NF_Z_62-010_1973.gz
/usr/share/i18n/charmaps/NS_4551-1.gz
/usr/share/i18n/charmaps/NS_4551-2.gz
/usr/share/i18n/charmaps/PT.gz
/usr/share/i18n/charmaps/PT154.gz
/usr/share/i18n/charmaps/PT2.gz
/usr/share/i18n/charmaps/RK1048.gz
/usr/share/i18n/charmaps/SAMI-WS2.gz
/usr/share/i18n/charmaps/SAMI.gz
/usr/share/i18n/charmaps/SEN_850200_B.gz
/usr/share/i18n/charmaps/SEN_850200_C.gz
/usr/share/i18n/charmaps/SHIFT_JIS.gz
/usr/share/i18n/charmaps/SHIFT_JISX0213.gz
/usr/share/i18n/charmaps/T.101-G2.gz
/usr/share/i18n/charmaps/T.61-7BIT.gz
/usr/share/i18n/charmaps/T.61-8BIT.gz
/usr/share/i18n/charmaps/TCVN5712-1.gz
/usr/share/i18n/charmaps/TIS-620.gz
/usr/share/i18n/charmaps/TSCII.gz
/usr/share/i18n/charmaps/UTF-8.gz
/usr/share/i18n/charmaps/VIDEOTEX-SUPPL.gz
/usr/share/i18n/charmaps/VISCII.gz
/usr/share/i18n/charmaps/WINDOWS-31J.gz
/usr/share/i18n/locales
/usr/share/i18n/locales/C
/usr/share/i18n/locales/POSIX
/usr/share/i18n/locales/aa_DJ
/usr/share/i18n/locales/aa_ER
/usr/share/i18n/locales/aa_ER@saaho
/usr/share/i18n/locales/aa_ET
/usr/share/i18n/locales/af_ZA
/usr/share/i18n/locales/agr_PE
/usr/share/i18n/locales/ak_GH
/usr/share/i18n/locales/am_ET
/usr/share/i18n/locales/an_ES
/usr/share/i18n/locales/anp_IN
/usr/share/i18n/locales/ar_AE
/usr/share/i18n/locales/ar_BH
/usr/share/i18n/locales/ar_DZ
/usr/share/i18n/locales/ar_EG
/usr/share/i18n/locales/ar_IN
/usr/share/i18n/locales/ar_IQ
/usr/share/i18n/locales/ar_JO
/usr/share/i18n/locales/ar_KW
/usr/share/i18n/locales/ar_LB
/usr/share/i18n/locales/ar_LY
/usr/share/i18n/locales/ar_MA
/usr/share/i18n/locales/ar_OM
/usr/share/i18n/locales/ar_QA
/usr/share/i18n/locales/ar_SA
/usr/share/i18n/locales/ar_SD
/usr/share/i18n/locales/ar_SS
/usr/share/i18n/locales/ar_SY
/usr/share/i18n/locales/ar_TN
/usr/share/i18n/locales/ar_YE
/usr/share/i18n/locales/as_IN
/usr/share/i18n/locales/ast_ES
/usr/share/i18n/locales/ayc_PE
/usr/share/i18n/locales/az_AZ
/usr/share/i18n/locales/az_IR
/usr/share/i18n/locales/be_BY
/usr/share/i18n/locales/be_BY@latin
/usr/share/i18n/locales/bem_ZM
/usr/share/i18n/locales/ber_DZ
/usr/share/i18n/locales/ber_MA
/usr/share/i18n/locales/bg_BG
/usr/share/i18n/locales/bhb_IN
/usr/share/i18n/locales/bho_IN
/usr/share/i18n/locales/bho_NP
/usr/share/i18n/locales/bi_VU
/usr/share/i18n/locales/bn_BD
/usr/share/i18n/locales/bn_IN
/usr/share/i18n/locales/bo_CN
/usr/share/i18n/locales/bo_IN
/usr/share/i18n/locales/br_FR
/usr/share/i18n/locales/br_FR@euro
/usr/share/i18n/locales/brx_IN
/usr/share/i18n/locales/bs_BA
/usr/share/i18n/locales/byn_ER
/usr/share/i18n/locales/ca_AD
/usr/share/i18n/locales/ca_ES
/usr/share/i18n/locales/ca_ES@euro
/usr/share/i18n/locales/ca_ES@valencia
/usr/share/i18n/locales/ca_FR
/usr/share/i18n/locales/ca_IT
/usr/share/i18n/locales/ce_RU
/usr/share/i18n/locales/chr_US
/usr/share/i18n/locales/cmn_TW
/usr/share/i18n/locales/cns11643_stroke
/usr/share/i18n/locales/crh_UA
/usr/share/i18n/locales/cs_CZ
/usr/share/i18n/locales/csb_PL
/usr/share/i18n/locales/cv_RU
/usr/share/i18n/locales/cy_GB
/usr/share/i18n/locales/da_DK
/usr/share/i18n/locales/de_AT
/usr/share/i18n/locales/de_AT@euro
/usr/share/i18n/locales/de_BE
/usr/share/i18n/locales/de_BE@euro
/usr/share/i18n/locales/de_CH
/usr/share/i18n/locales/de_DE
/usr/share/i18n/locales/de_DE@euro
/usr/share/i18n/locales/de_IT
/usr/share/i18n/locales/de_LI
/usr/share/i18n/locales/de_LU
/usr/share/i18n/locales/de_LU@euro
/usr/share/i18n/locales/doi_IN
/usr/share/i18n/locales/dsb_DE
/usr/share/i18n/locales/dv_MV
/usr/share/i18n/locales/dz_BT
/usr/share/i18n/locales/el_CY
/usr/share/i18n/locales/el_GR
/usr/share/i18n/locales/el_GR@euro
/usr/share/i18n/locales/en_AG
/usr/share/i18n/locales/en_AU
/usr/share/i18n/locales/en_BW
/usr/share/i18n/locales/en_CA
/usr/share/i18n/locales/en_DK
/usr/share/i18n/locales/en_GB
/usr/share/i18n/locales/en_HK
/usr/share/i18n/locales/en_IE
/usr/share/i18n/locales/en_IE@euro
/usr/share/i18n/locales/en_IL
/usr/share/i18n/locales/en_IN
/usr/share/i18n/locales/en_NG
/usr/share/i18n/locales/en_NZ
/usr/share/i18n/locales/en_PH
/usr/share/i18n/locales/en_SC
/usr/share/i18n/locales/en_SG
/usr/share/i18n/locales/en_US
/usr/share/i18n/locales/en_ZA
/usr/share/i18n/locales/en_ZM
/usr/share/i18n/locales/en_ZW
/usr/share/i18n/locales/eo
/usr/share/i18n/locales/es_AR
/usr/share/i18n/locales/es_BO
/usr/share/i18n/locales/es_CL
/usr/share/i18n/locales/es_CO
/usr/share/i18n/locales/es_CR
/usr/share/i18n/locales/es_CU
/usr/share/i18n/locales/es_DO
/usr/share/i18n/locales/es_EC
/usr/share/i18n/locales/es_ES
/usr/share/i18n/locales/es_ES@euro
/usr/share/i18n/locales/es_GT
/usr/share/i18n/locales/es_HN
/usr/share/i18n/locales/es_MX
/usr/share/i18n/locales/es_NI
/usr/share/i18n/locales/es_PA
/usr/share/i18n/locales/es_PE
/usr/share/i18n/locales/es_PR
/usr/share/i18n/locales/es_PY
/usr/share/i18n/locales/es_SV
/usr/share/i18n/locales/es_US
/usr/share/i18n/locales/es_UY
/usr/share/i18n/locales/es_VE
/usr/share/i18n/locales/et_EE
/usr/share/i18n/locales/eu_ES
/usr/share/i18n/locales/eu_ES@euro
/usr/share/i18n/locales/eu_FR
/usr/share/i18n/locales/eu_FR@euro
/usr/share/i18n/locales/fa_IR
/usr/share/i18n/locales/ff_SN
/usr/share/i18n/locales/fi_FI
/usr/share/i18n/locales/fi_FI@euro
/usr/share/i18n/locales/fil_PH
/usr/share/i18n/locales/fo_FO
/usr/share/i18n/locales/fr_BE
/usr/share/i18n/locales/fr_BE@euro
/usr/share/i18n/locales/fr_CA
/usr/share/i18n/locales/fr_CH
/usr/share/i18n/locales/fr_FR
/usr/share/i18n/locales/fr_FR@euro
/usr/share/i18n/locales/fr_LU
/usr/share/i18n/locales/fr_LU@euro
/usr/share/i18n/locales/fur_IT
/usr/share/i18n/locales/fy_DE
/usr/share/i18n/locales/fy_NL
/usr/share/i18n/locales/ga_IE
/usr/share/i18n/locales/ga_IE@euro
/usr/share/i18n/locales/gd_GB
/usr/share/i18n/locales/gez_ER
/usr/share/i18n/locales/gez_ER@abegede
/usr/share/i18n/locales/gez_ET
/usr/share/i18n/locales/gez_ET@abegede
/usr/share/i18n/locales/gl_ES
/usr/share/i18n/locales/gl_ES@euro
/usr/share/i18n/locales/gu_IN
/usr/share/i18n/locales/gv_GB
/usr/share/i18n/locales/ha_NG
/usr/share/i18n/locales/hak_TW
/usr/share/i18n/locales/he_IL
/usr/share/i18n/locales/hi_IN
/usr/share/i18n/locales/hif_FJ
/usr/share/i18n/locales/hne_IN
/usr/share/i18n/locales/hr_HR
/usr/share/i18n/locales/hsb_DE
/usr/share/i18n/locales/ht_HT
/usr/share/i18n/locales/hu_HU
/usr/share/i18n/locales/hy_AM
/usr/share/i18n/locales/i18n
/usr/share/i18n/locales/i18n_ctype
/usr/share/i18n/locales/ia_FR
/usr/share/i18n/locales/id_ID
/usr/share/i18n/locales/ig_NG
/usr/share/i18n/locales/ik_CA
/usr/share/i18n/locales/is_IS
/usr/share/i18n/locales/iso14651_t1
/usr/share/i18n/locales/iso14651_t1_common
/usr/share/i18n/locales/iso14651_t1_pinyin
/usr/share/i18n/locales/it_CH
/usr/share/i18n/locales/it_IT
/usr/share/i18n/locales/it_IT@euro
/usr/share/i18n/locales/iu_CA
/usr/share/i18n/locales/ja_JP
/usr/share/i18n/locales/ka_GE
/usr/share/i18n/locales/kab_DZ
/usr/share/i18n/locales/kk_KZ
/usr/share/i18n/locales/kl_GL
/usr/share/i18n/locales/km_KH
/usr/share/i18n/locales/kn_IN
/usr/share/i18n/locales/ko_KR
/usr/share/i18n/locales/kok_IN
/usr/share/i18n/locales/ks_IN
/usr/share/i18n/locales/ks_IN@devanagari
/usr/share/i18n/locales/ku_TR
/usr/share/i18n/locales/kw_GB
/usr/share/i18n/locales/ky_KG
/usr/share/i18n/locales/lb_LU
/usr/share/i18n/locales/lg_UG
/usr/share/i18n/locales/li_BE
/usr/share/i18n/locales/li_NL
/usr/share/i18n/locales/lij_IT
/usr/share/i18n/locales/ln_CD
/usr/share/i18n/locales/lo_LA
/usr/share/i18n/locales/lt_LT
/usr/share/i18n/locales/lv_LV
/usr/share/i18n/locales/lzh_TW
/usr/share/i18n/locales/mag_IN
/usr/share/i18n/locales/mai_IN
/usr/share/i18n/locales/mai_NP
/usr/share/i18n/locales/mfe_MU
/usr/share/i18n/locales/mg_MG
/usr/share/i18n/locales/mhr_RU
/usr/share/i18n/locales/mi_NZ
/usr/share/i18n/locales/miq_NI
/usr/share/i18n/locales/mjw_IN
/usr/share/i18n/locales/mk_MK
/usr/share/i18n/locales/ml_IN
/usr/share/i18n/locales/mn_MN
/usr/share/i18n/locales/mni_IN
/usr/share/i18n/locales/mnw_MM
/usr/share/i18n/locales/mr_IN
/usr/share/i18n/locales/ms_MY
/usr/share/i18n/locales/mt_MT
/usr/share/i18n/locales/my_MM
/usr/share/i18n/locales/nan_TW
/usr/share/i18n/locales/nan_TW@latin
/usr/share/i18n/locales/nb_NO
/usr/share/i18n/locales/nds_DE
/usr/share/i18n/locales/nds_NL
/usr/share/i18n/locales/ne_NP
/usr/share/i18n/locales/nhn_MX
/usr/share/i18n/locales/niu_NU
/usr/share/i18n/locales/niu_NZ
/usr/share/i18n/locales/nl_AW
/usr/share/i18n/locales/nl_BE
/usr/share/i18n/locales/nl_BE@euro
/usr/share/i18n/locales/nl_NL
/usr/share/i18n/locales/nl_NL@euro
/usr/share/i18n/locales/nn_NO
/usr/share/i18n/locales/nr_ZA
/usr/share/i18n/locales/nso_ZA
/usr/share/i18n/locales/oc_FR
/usr/share/i18n/locales/om_ET
/usr/share/i18n/locales/om_KE
/usr/share/i18n/locales/or_IN
/usr/share/i18n/locales/os_RU
/usr/share/i18n/locales/pa_IN
/usr/share/i18n/locales/pa_PK
/usr/share/i18n/locales/pap_AW
/usr/share/i18n/locales/pap_CW
/usr/share/i18n/locales/pl_PL
/usr/share/i18n/locales/ps_AF
/usr/share/i18n/locales/pt_BR
/usr/share/i18n/locales/pt_PT
/usr/share/i18n/locales/pt_PT@euro
/usr/share/i18n/locales/quz_PE
/usr/share/i18n/locales/raj_IN
/usr/share/i18n/locales/ro_RO
/usr/share/i18n/locales/ru_RU
/usr/share/i18n/locales/ru_UA
/usr/share/i18n/locales/rw_RW
/usr/share/i18n/locales/sa_IN
/usr/share/i18n/locales/sah_RU
/usr/share/i18n/locales/sat_IN
/usr/share/i18n/locales/sc_IT
/usr/share/i18n/locales/sd_IN
/usr/share/i18n/locales/sd_IN@devanagari
/usr/share/i18n/locales/se_NO
/usr/share/i18n/locales/sgs_LT
/usr/share/i18n/locales/shn_MM
/usr/share/i18n/locales/shs_CA
/usr/share/i18n/locales/si_LK
/usr/share/i18n/locales/sid_ET
/usr/share/i18n/locales/sk_SK
/usr/share/i18n/locales/sl_SI
/usr/share/i18n/locales/sm_WS
/usr/share/i18n/locales/so_DJ
/usr/share/i18n/locales/so_ET
/usr/share/i18n/locales/so_KE
/usr/share/i18n/locales/so_SO
/usr/share/i18n/locales/sq_AL
/usr/share/i18n/locales/sq_MK
/usr/share/i18n/locales/sr_ME
/usr/share/i18n/locales/sr_RS
/usr/share/i18n/locales/sr_RS@latin
/usr/share/i18n/locales/ss_ZA
/usr/share/i18n/locales/st_ZA
/usr/share/i18n/locales/sv_FI
/usr/share/i18n/locales/sv_FI@euro
/usr/share/i18n/locales/sv_SE
/usr/share/i18n/locales/sw_KE
/usr/share/i18n/locales/sw_TZ
/usr/share/i18n/locales/szl_PL
/usr/share/i18n/locales/ta_IN
/usr/share/i18n/locales/ta_LK
/usr/share/i18n/locales/tcy_IN
/usr/share/i18n/locales/te_IN
/usr/share/i18n/locales/tg_TJ
/usr/share/i18n/locales/th_TH
/usr/share/i18n/locales/the_NP
/usr/share/i18n/locales/ti_ER
/usr/share/i18n/locales/ti_ET
/usr/share/i18n/locales/tig_ER
/usr/share/i18n/locales/tk_TM
/usr/share/i18n/locales/tl_PH
/usr/share/i18n/locales/tn_ZA
/usr/share/i18n/locales/to_TO
/usr/share/i18n/locales/tpi_PG
/usr/share/i18n/locales/tr_CY
/usr/share/i18n/locales/tr_TR
/usr/share/i18n/locales/translit_circle
/usr/share/i18n/locales/translit_cjk_compat
/usr/share/i18n/locales/translit_cjk_variants
/usr/share/i18n/locales/translit_combining
/usr/share/i18n/locales/translit_compat
/usr/share/i18n/locales/translit_font
/usr/share/i18n/locales/translit_fraction
/usr/share/i18n/locales/translit_hangul
/usr/share/i18n/locales/translit_narrow
/usr/share/i18n/locales/translit_neutral
/usr/share/i18n/locales/translit_small
/usr/share/i18n/locales/translit_wide
/usr/share/i18n/locales/ts_ZA
/usr/share/i18n/locales/tt_RU
/usr/share/i18n/locales/tt_RU@iqtelif
/usr/share/i18n/locales/ug_CN
/usr/share/i18n/locales/uk_UA
/usr/share/i18n/locales/unm_US
/usr/share/i18n/locales/ur_IN
/usr/share/i18n/locales/ur_PK
/usr/share/i18n/locales/uz_UZ
/usr/share/i18n/locales/uz_UZ@cyrillic
/usr/share/i18n/locales/ve_ZA
/usr/share/i18n/locales/vi_VN
/usr/share/i18n/locales/wa_BE
/usr/share/i18n/locales/wa_BE@euro
/usr/share/i18n/locales/wae_CH
/usr/share/i18n/locales/wal_ET
/usr/share/i18n/locales/wo_SN
/usr/share/i18n/locales/xh_ZA
/usr/share/i18n/locales/yi_US
/usr/share/i18n/locales/yo_NG
/usr/share/i18n/locales/yue_HK
/usr/share/i18n/locales/yuw_PG
/usr/share/i18n/locales/zh_CN
/usr/share/i18n/locales/zh_HK
/usr/share/i18n/locales/zh_SG
/usr/share/i18n/locales/zh_TW
/usr/share/i18n/locales/zu_ZA
/usr/share/locale
/usr/share/man
/usr/share/man/de
/usr/share/man/de/man8
/usr/share/man/de/man8/validlocale.8.gz
/usr/share/man/es
/usr/share/man/es/man8
/usr/share/man/es/man8/validlocale.8.gz
/usr/share/man/fr
/usr/share/man/fr/man8
/usr/share/man/fr/man8/validlocale.8.gz
/usr/share/man/man5
/usr/share/man/man5/locale.gen.5.gz
/usr/share/man/man8
/usr/share/man/man8/locale-gen.8.gz
/usr/share/man/man8/update-locale.8.gz
/usr/share/man/man8/validlocale.8.gz
/usr/share/man/pl
/usr/share/man/pl/man8
/usr/share/man/pl/man8/validlocale.8.gz
/usr/share/locale/locale.alias

dpkg -L libnss-wrapper
/.
/usr
/usr/lib
/usr/lib/x86_64-linux-gnu
/usr/lib/x86_64-linux-gnu/cmake
/usr/lib/x86_64-linux-gnu/cmake/nss_wrapper
/usr/lib/x86_64-linux-gnu/cmake/nss_wrapper/nss_wrapper-config-version.cmake
/usr/lib/x86_64-linux-gnu/cmake/nss_wrapper/nss_wrapper-config.cmake
/usr/lib/x86_64-linux-gnu/libnss_wrapper.so
/usr/lib/x86_64-linux-gnu/pkgconfig
/usr/lib/x86_64-linux-gnu/pkgconfig/nss_wrapper.pc
/usr/share
/usr/share/doc
/usr/share/doc/libnss-wrapper
/usr/share/doc/libnss-wrapper/AUTHORS
/usr/share/doc/libnss-wrapper/README.md
/usr/share/doc/libnss-wrapper/TODO
/usr/share/doc/libnss-wrapper/changelog.Debian.gz
/usr/share/doc/libnss-wrapper/changelog.gz
/usr/share/doc/libnss-wrapper/copyright
/usr/share/lintian
/usr/share/lintian/overrides
/usr/share/lintian/overrides/libnss-wrapper
/usr/share/man
/usr/share/man/man1
/usr/share/man/man1/nss_wrapper.1.gz

dpkg -L xz-utils
/.
/usr
/usr/bin
/usr/bin/lzmainfo
/usr/bin/xz
/usr/bin/xzdiff
/usr/bin/xzgrep
/usr/bin/xzless
/usr/bin/xzmore
/usr/share
/usr/share/doc
/usr/share/doc/xz-utils
/usr/share/doc/xz-utils/AUTHORS
/usr/share/doc/xz-utils/NEWS.gz
/usr/share/doc/xz-utils/README.Debian
/usr/share/doc/xz-utils/README.gz
/usr/share/doc/xz-utils/THANKS
/usr/share/doc/xz-utils/changelog.Debian.gz
/usr/share/doc/xz-utils/changelog.gz
/usr/share/doc/xz-utils/copyright
/usr/share/doc/xz-utils/extra
/usr/share/doc/xz-utils/extra/7z2lzma
/usr/share/doc/xz-utils/extra/7z2lzma/7z2lzma.bash
/usr/share/doc/xz-utils/extra/scanlzma
/usr/share/doc/xz-utils/extra/scanlzma/scanlzma.c
/usr/share/doc/xz-utils/faq.txt.gz
/usr/share/doc/xz-utils/history.txt.gz
/usr/share/locale
/usr/share/locale/cs
/usr/share/locale/cs/LC_MESSAGES
/usr/share/locale/cs/LC_MESSAGES/xz.mo
/usr/share/locale/da
/usr/share/locale/da/LC_MESSAGES
/usr/share/locale/da/LC_MESSAGES/xz.mo
/usr/share/locale/de
/usr/share/locale/de/LC_MESSAGES
/usr/share/locale/de/LC_MESSAGES/xz.mo
/usr/share/locale/fi
/usr/share/locale/fi/LC_MESSAGES
/usr/share/locale/fi/LC_MESSAGES/xz.mo
/usr/share/locale/fr
/usr/share/locale/fr/LC_MESSAGES
/usr/share/locale/fr/LC_MESSAGES/xz.mo
/usr/share/locale/hu
/usr/share/locale/hu/LC_MESSAGES
/usr/share/locale/hu/LC_MESSAGES/xz.mo
/usr/share/locale/it
/usr/share/locale/it/LC_MESSAGES
/usr/share/locale/it/LC_MESSAGES/xz.mo
/usr/share/locale/pl
/usr/share/locale/pl/LC_MESSAGES
/usr/share/locale/pl/LC_MESSAGES/xz.mo
/usr/share/locale/pt_BR
/usr/share/locale/pt_BR/LC_MESSAGES
/usr/share/locale/pt_BR/LC_MESSAGES/xz.mo
/usr/share/locale/vi
/usr/share/locale/vi/LC_MESSAGES
/usr/share/locale/vi/LC_MESSAGES/xz.mo
/usr/share/locale/zh_CN
/usr/share/locale/zh_CN/LC_MESSAGES
/usr/share/locale/zh_CN/LC_MESSAGES/xz.mo
/usr/share/locale/zh_TW
/usr/share/locale/zh_TW/LC_MESSAGES
/usr/share/locale/zh_TW/LC_MESSAGES/xz.mo
/usr/share/man
/usr/share/man/man1
/usr/share/man/man1/lzmainfo.1.gz
/usr/share/man/man1/xz.1.gz
/usr/share/man/man1/xzdiff.1.gz
/usr/share/man/man1/xzgrep.1.gz
/usr/share/man/man1/xzless.1.gz
/usr/share/man/man1/xzmore.1.gz
/usr/bin/unxz
/usr/bin/xzcat
/usr/bin/xzcmp
/usr/bin/xzegrep
/usr/bin/xzfgrep
/usr/share/man/man1/unxz.1.gz
/usr/share/man/man1/xzcat.1.gz
/usr/share/man/man1/xzcmp.1.gz
/usr/share/man/man1/xzegrep.1.gz
/usr/share/man/man1/xzfgrep.1.gz

dpkg -L zstd
/.
/usr
/usr/bin
/usr/bin/pzstd
/usr/bin/zstd
/usr/bin/zstdgrep
/usr/bin/zstdless
/usr/share
/usr/share/doc
/usr/share/doc/zstd
/usr/share/doc/zstd/CODE_OF_CONDUCT.md
/usr/share/doc/zstd/CONTRIBUTING.md.gz
/usr/share/doc/zstd/README.md.gz
/usr/share/doc/zstd/TESTING.md
/usr/share/doc/zstd/changelog.Debian.gz
/usr/share/doc/zstd/changelog.gz
/usr/share/doc/zstd/copyright
/usr/share/man
/usr/share/man/man1
/usr/share/man/man1/pzstd.1.gz
/usr/share/man/man1/unzstd.1.gz
/usr/share/man/man1/zstd.1.gz
/usr/share/man/man1/zstdcat.1.gz
/usr/share/man/man1/zstdgrep.1.gz
/usr/share/man/man1/zstdless.1.gz
/usr/share/man/man1/zstdmt.1.gz
/usr/bin/unzstd
/usr/bin/zstdcat
/usr/bin/zstdmt

dpkg -L libgdbm-compat4
/.
/usr
/usr/lib
/usr/lib/x86_64-linux-gnu
/usr/lib/x86_64-linux-gnu/libgdbm_compat.so.4.0.0
/usr/share
/usr/share/doc
/usr/share/doc/libgdbm-compat4
/usr/share/doc/libgdbm-compat4/changelog.Debian.gz
/usr/share/doc/libgdbm-compat4/changelog.gz
/usr/share/doc/libgdbm-compat4/copyright
/usr/lib/x86_64-linux-gnu/libgdbm_compat.so.4

dpkg -L libgdbm6
/.
/usr
/usr/lib
/usr/lib/x86_64-linux-gnu
/usr/lib/x86_64-linux-gnu/libgdbm.so.6.0.0
/usr/share
/usr/share/doc
/usr/share/doc/libgdbm6
/usr/share/doc/libgdbm6/changelog.Debian.gz
/usr/share/doc/libgdbm6/changelog.gz
/usr/share/doc/libgdbm6/copyright
/usr/lib/x86_64-linux-gnu/libgdbm.so.6

dpkg -L libio-pty-perl
/.
/usr
/usr/lib
/usr/lib/x86_64-linux-gnu
/usr/lib/x86_64-linux-gnu/perl5
/usr/lib/x86_64-linux-gnu/perl5/5.32
/usr/lib/x86_64-linux-gnu/perl5/5.32/IO
/usr/lib/x86_64-linux-gnu/perl5/5.32/IO/Pty.pm
/usr/lib/x86_64-linux-gnu/perl5/5.32/IO/Tty
/usr/lib/x86_64-linux-gnu/perl5/5.32/IO/Tty/Constant.pm
/usr/lib/x86_64-linux-gnu/perl5/5.32/IO/Tty.pm
/usr/lib/x86_64-linux-gnu/perl5/5.32/auto
/usr/lib/x86_64-linux-gnu/perl5/5.32/auto/IO
/usr/lib/x86_64-linux-gnu/perl5/5.32/auto/IO/Tty
/usr/lib/x86_64-linux-gnu/perl5/5.32/auto/IO/Tty/Tty.so
/usr/share
/usr/share/doc
/usr/share/doc/libio-pty-perl
/usr/share/doc/libio-pty-perl/changelog.Debian.gz
/usr/share/doc/libio-pty-perl/changelog.gz
/usr/share/doc/libio-pty-perl/copyright
/usr/share/doc/libio-pty-perl/examples
/usr/share/doc/libio-pty-perl/examples/try
/usr/share/man
/usr/share/man/man3
/usr/share/man/man3/IO::Pty.3pm.gz
/usr/share/man/man3/IO::Tty.3pm.gz
/usr/share/man/man3/IO::Tty::Constant.3pm.gz

dpkg -L libipc-run-perl
/.
/usr
/usr/share
/usr/share/doc
/usr/share/doc/libipc-run-perl
/usr/share/doc/libipc-run-perl/changelog.Debian.gz
/usr/share/doc/libipc-run-perl/changelog.gz
/usr/share/doc/libipc-run-perl/copyright
/usr/share/doc/libipc-run-perl/examples
/usr/share/doc/libipc-run-perl/examples/abuse
/usr/share/doc/libipc-run-perl/examples/abuse/blocking_debug_with_sub_coprocess
/usr/share/doc/libipc-run-perl/examples/abuse/blocking_writes
/usr/share/doc/libipc-run-perl/examples/abuse/broken_pipe_on_bad_executable_name
/usr/share/doc/libipc-run-perl/examples/abuse/timers
/usr/share/doc/libipc-run-perl/examples/factorial
/usr/share/doc/libipc-run-perl/examples/factorial_pipe
/usr/share/doc/libipc-run-perl/examples/factorial_scalar
/usr/share/doc/libipc-run-perl/examples/run_daemon
/usr/share/doc/libipc-run-perl/examples/runsh
/usr/share/doc/libipc-run-perl/examples/runsu
/usr/share/doc/libipc-run-perl/examples/synopsis_scripting
/usr/share/man
/usr/share/man/man3
/usr/share/man/man3/IPC::Run.3pm.gz
/usr/share/man/man3/IPC::Run::Debug.3pm.gz
/usr/share/man/man3/IPC::Run::IO.3pm.gz
/usr/share/man/man3/IPC::Run::Timer.3pm.gz
/usr/share/perl5
/usr/share/perl5/IPC
/usr/share/perl5/IPC/Run
/usr/share/perl5/IPC/Run/Debug.pm
/usr/share/perl5/IPC/Run/IO.pm
/usr/share/perl5/IPC/Run/Timer.pm
/usr/share/perl5/IPC/Run.pm

dpkg -L libjson-perl
/.
/usr
/usr/share
/usr/share/doc
/usr/share/doc/libjson-perl
/usr/share/doc/libjson-perl/NEWS.Debian.gz
/usr/share/doc/libjson-perl/changelog.Debian.gz
/usr/share/doc/libjson-perl/changelog.gz
/usr/share/doc/libjson-perl/copyright
/usr/share/doc/libjson-perl/examples
/usr/share/doc/libjson-perl/examples/bench_decode.pl
/usr/share/doc/libjson-perl/examples/bench_encode.pl
/usr/share/man
/usr/share/man/man3
/usr/share/man/man3/JSON.3pm.gz
/usr/share/man/man3/JSON::backportPP.3pm.gz
/usr/share/man/man3/JSON::backportPP::Boolean.3pm.gz
/usr/share/man/man3/JSON::backportPP::Compat5005.3pm.gz
/usr/share/man/man3/JSON::backportPP::Compat5006.3pm.gz
/usr/share/perl5
/usr/share/perl5/JSON
/usr/share/perl5/JSON/backportPP
/usr/share/perl5/JSON/backportPP/Boolean.pm
/usr/share/perl5/JSON/backportPP/Compat5005.pm
/usr/share/perl5/JSON/backportPP/Compat5006.pm
/usr/share/perl5/JSON/backportPP.pm
/usr/share/perl5/JSON.pm

dpkg -L libperl5.32
/.
/usr
/usr/bin
/usr/bin/cpan5.32-x86_64-linux-gnu
/usr/bin/perl5.32-x86_64-linux-gnu
/usr/lib
/usr/lib/x86_64-linux-gnu
/usr/lib/x86_64-linux-gnu/libperl.so.5.32.1
/usr/lib/x86_64-linux-gnu/perl
/usr/lib/x86_64-linux-gnu/perl/5.32.1
/usr/lib/x86_64-linux-gnu/perl/5.32.1/B
/usr/lib/x86_64-linux-gnu/perl/5.32.1/B/Concise.pm
/usr/lib/x86_64-linux-gnu/perl/5.32.1/B/Showlex.pm
/usr/lib/x86_64-linux-gnu/perl/5.32.1/B/Terse.pm
/usr/lib/x86_64-linux-gnu/perl/5.32.1/B/Xref.pm
/usr/lib/x86_64-linux-gnu/perl/5.32.1/B.pm
/usr/lib/x86_64-linux-gnu/perl/5.32.1/CORE
/usr/lib/x86_64-linux-gnu/perl/5.32.1/CORE/EXTERN.h
/usr/lib/x86_64-linux-gnu/perl/5.32.1/CORE/INTERN.h
/usr/lib/x86_64-linux-gnu/perl/5.32.1/CORE/XSUB.h
/usr/lib/x86_64-linux-gnu/perl/5.32.1/CORE/av.h
/usr/lib/x86_64-linux-gnu/perl/5.32.1/CORE/bitcount.h
/usr/lib/x86_64-linux-gnu/perl/5.32.1/CORE/charclass_invlists.h
/usr/lib/x86_64-linux-gnu/perl/5.32.1/CORE/config.h
/usr/lib/x86_64-linux-gnu/perl/5.32.1/CORE/cop.h
/usr/lib/x86_64-linux-gnu/perl/5.32.1/CORE/cv.h
/usr/lib/x86_64-linux-gnu/perl/5.32.1/CORE/dosish.h
/usr/lib/x86_64-linux-gnu/perl/5.32.1/CORE/ebcdic_tables.h
/usr/lib/x86_64-linux-gnu/perl/5.32.1/CORE/embed.h
/usr/lib/x86_64-linux-gnu/perl/5.32.1/CORE/embedvar.h
/usr/lib/x86_64-linux-gnu/perl/5.32.1/CORE/fakesdio.h
/usr/lib/x86_64-linux-gnu/perl/5.32.1/CORE/feature.h
/usr/lib/x86_64-linux-gnu/perl/5.32.1/CORE/form.h
/usr/lib/x86_64-linux-gnu/perl/5.32.1/CORE/git_version.h
/usr/lib/x86_64-linux-gnu/perl/5.32.1/CORE/gv.h
/usr/lib/x86_64-linux-gnu/perl/5.32.1/CORE/handy.h
/usr/lib/x86_64-linux-gnu/perl/5.32.1/CORE/hv.h
/usr/lib/x86_64-linux-gnu/perl/5.32.1/CORE/hv_func.h
/usr/lib/x86_64-linux-gnu/perl/5.32.1/CORE/hv_macro.h
/usr/lib/x86_64-linux-gnu/perl/5.32.1/CORE/inline.h
/usr/lib/x86_64-linux-gnu/perl/5.32.1/CORE/intrpvar.h
/usr/lib/x86_64-linux-gnu/perl/5.32.1/CORE/invlist_inline.h
/usr/lib/x86_64-linux-gnu/perl/5.32.1/CORE/iperlsys.h
/usr/lib/x86_64-linux-gnu/perl/5.32.1/CORE/keywords.h
/usr/lib/x86_64-linux-gnu/perl/5.32.1/CORE/l1_char_class_tab.h
/usr/lib/x86_64-linux-gnu/perl/5.32.1/CORE/malloc_ctl.h
/usr/lib/x86_64-linux-gnu/perl/5.32.1/CORE/metaconfig.h
/usr/lib/x86_64-linux-gnu/perl/5.32.1/CORE/mg.h
/usr/lib/x86_64-linux-gnu/perl/5.32.1/CORE/mg_data.h
/usr/lib/x86_64-linux-gnu/perl/5.32.1/CORE/mg_raw.h
/usr/lib/x86_64-linux-gnu/perl/5.32.1/CORE/mg_vtable.h
/usr/lib/x86_64-linux-gnu/perl/5.32.1/CORE/mydtrace.h
/usr/lib/x86_64-linux-gnu/perl/5.32.1/CORE/nostdio.h
/usr/lib/x86_64-linux-gnu/perl/5.32.1/CORE/op.h
/usr/lib/x86_64-linux-gnu/perl/5.32.1/CORE/op_reg_common.h
/usr/lib/x86_64-linux-gnu/perl/5.32.1/CORE/opcode.h
/usr/lib/x86_64-linux-gnu/perl/5.32.1/CORE/opnames.h
/usr/lib/x86_64-linux-gnu/perl/5.32.1/CORE/overload.h
/usr/lib/x86_64-linux-gnu/perl/5.32.1/CORE/pad.h
/usr/lib/x86_64-linux-gnu/perl/5.32.1/CORE/parser.h
/usr/lib/x86_64-linux-gnu/perl/5.32.1/CORE/patchlevel-debian.h
/usr/lib/x86_64-linux-gnu/perl/5.32.1/CORE/patchlevel.h
/usr/lib/x86_64-linux-gnu/perl/5.32.1/CORE/perl.h
/usr/lib/x86_64-linux-gnu/perl/5.32.1/CORE/perl_inc_macro.h
/usr/lib/x86_64-linux-gnu/perl/5.32.1/CORE/perl_langinfo.h
/usr/lib/x86_64-linux-gnu/perl/5.32.1/CORE/perlapi.h
/usr/lib/x86_64-linux-gnu/perl/5.32.1/CORE/perlio.h
/usr/lib/x86_64-linux-gnu/perl/5.32.1/CORE/perliol.h
/usr/lib/x86_64-linux-gnu/perl/5.32.1/CORE/perlsdio.h
/usr/lib/x86_64-linux-gnu/perl/5.32.1/CORE/perlvars.h
/usr/lib/x86_64-linux-gnu/perl/5.32.1/CORE/perly.h
/usr/lib/x86_64-linux-gnu/perl/5.32.1/CORE/pp.h
/usr/lib/x86_64-linux-gnu/perl/5.32.1/CORE/pp_proto.h
/usr/lib/x86_64-linux-gnu/perl/5.32.1/CORE/proto.h
/usr/lib/x86_64-linux-gnu/perl/5.32.1/CORE/reentr.h
/usr/lib/x86_64-linux-gnu/perl/5.32.1/CORE/regcharclass.h
/usr/lib/x86_64-linux-gnu/perl/5.32.1/CORE/regcomp.h
/usr/lib/x86_64-linux-gnu/perl/5.32.1/CORE/regexp.h
/usr/lib/x86_64-linux-gnu/perl/5.32.1/CORE/regnodes.h
/usr/lib/x86_64-linux-gnu/perl/5.32.1/CORE/sbox32_hash.h
/usr/lib/x86_64-linux-gnu/perl/5.32.1/CORE/scope.h
/usr/lib/x86_64-linux-gnu/perl/5.32.1/CORE/stadtx_hash.h
/usr/lib/x86_64-linux-gnu/perl/5.32.1/CORE/sv.h
/usr/lib/x86_64-linux-gnu/perl/5.32.1/CORE/thread.h
/usr/lib/x86_64-linux-gnu/perl/5.32.1/CORE/time64.h
/usr/lib/x86_64-linux-gnu/perl/5.32.1/CORE/time64_config.h
/usr/lib/x86_64-linux-gnu/perl/5.32.1/CORE/uconfig.h
/usr/lib/x86_64-linux-gnu/perl/5.32.1/CORE/uni_keywords.h
/usr/lib/x86_64-linux-gnu/perl/5.32.1/CORE/unicode_constants.h
/usr/lib/x86_64-linux-gnu/perl/5.32.1/CORE/unixish.h
/usr/lib/x86_64-linux-gnu/perl/5.32.1/CORE/utf8.h
/usr/lib/x86_64-linux-gnu/perl/5.32.1/CORE/utfebcdic.h
/usr/lib/x86_64-linux-gnu/perl/5.32.1/CORE/util.h
/usr/lib/x86_64-linux-gnu/perl/5.32.1/CORE/uudmap.h
/usr/lib/x86_64-linux-gnu/perl/5.32.1/CORE/vutil.h
/usr/lib/x86_64-linux-gnu/perl/5.32.1/CORE/warnings.h
/usr/lib/x86_64-linux-gnu/perl/5.32.1/CORE/zaphod32_hash.h
/usr/lib/x86_64-linux-gnu/perl/5.32.1/Compress
/usr/lib/x86_64-linux-gnu/perl/5.32.1/Compress/Raw
/usr/lib/x86_64-linux-gnu/perl/5.32.1/Compress/Raw/Bzip2.pm
/usr/lib/x86_64-linux-gnu/perl/5.32.1/Compress/Raw/Zlib.pm
/usr/lib/x86_64-linux-gnu/perl/5.32.1/Config.pm
/usr/lib/x86_64-linux-gnu/perl/5.32.1/Config.pod
/usr/lib/x86_64-linux-gnu/perl/5.32.1/Config_git.pl
/usr/lib/x86_64-linux-gnu/perl/5.32.1/Config_heavy.pl
/usr/lib/x86_64-linux-gnu/perl/5.32.1/Cwd.pm
/usr/lib/x86_64-linux-gnu/perl/5.32.1/DB_File.pm
/usr/lib/x86_64-linux-gnu/perl/5.32.1/Data
/usr/lib/x86_64-linux-gnu/perl/5.32.1/Data/Dumper.pm
/usr/lib/x86_64-linux-gnu/perl/5.32.1/Devel
/usr/lib/x86_64-linux-gnu/perl/5.32.1/Devel/PPPort.pm
/usr/lib/x86_64-linux-gnu/perl/5.32.1/Devel/Peek.pm
/usr/lib/x86_64-linux-gnu/perl/5.32.1/Digest
/usr/lib/x86_64-linux-gnu/perl/5.32.1/Digest/MD5.pm
/usr/lib/x86_64-linux-gnu/perl/5.32.1/Digest/SHA.pm
/usr/lib/x86_64-linux-gnu/perl/5.32.1/DynaLoader.pm
/usr/lib/x86_64-linux-gnu/perl/5.32.1/Encode
/usr/lib/x86_64-linux-gnu/perl/5.32.1/Encode/Alias.pm
/usr/lib/x86_64-linux-gnu/perl/5.32.1/Encode/Byte.pm
/usr/lib/x86_64-linux-gnu/perl/5.32.1/Encode/CJKConstants.pm
/usr/lib/x86_64-linux-gnu/perl/5.32.1/Encode/CN
/usr/lib/x86_64-linux-gnu/perl/5.32.1/Encode/CN/HZ.pm
/usr/lib/x86_64-linux-gnu/perl/5.32.1/Encode/CN.pm
/usr/lib/x86_64-linux-gnu/perl/5.32.1/Encode/Config.pm
/usr/lib/x86_64-linux-gnu/perl/5.32.1/Encode/EBCDIC.pm
/usr/lib/x86_64-linux-gnu/perl/5.32.1/Encode/Encoder.pm
/usr/lib/x86_64-linux-gnu/perl/5.32.1/Encode/Encoding.pm
/usr/lib/x86_64-linux-gnu/perl/5.32.1/Encode/GSM0338.pm
/usr/lib/x86_64-linux-gnu/perl/5.32.1/Encode/Guess.pm
/usr/lib/x86_64-linux-gnu/perl/5.32.1/Encode/JP
/usr/lib/x86_64-linux-gnu/perl/5.32.1/Encode/JP/H2Z.pm
/usr/lib/x86_64-linux-gnu/perl/5.32.1/Encode/JP/JIS7.pm
/usr/lib/x86_64-linux-gnu/perl/5.32.1/Encode/JP.pm
/usr/lib/x86_64-linux-gnu/perl/5.32.1/Encode/KR
/usr/lib/x86_64-linux-gnu/perl/5.32.1/Encode/KR/2022_KR.pm
/usr/lib/x86_64-linux-gnu/perl/5.32.1/Encode/KR.pm
/usr/lib/x86_64-linux-gnu/perl/5.32.1/Encode/MIME
/usr/lib/x86_64-linux-gnu/perl/5.32.1/Encode/MIME/Header
/usr/lib/x86_64-linux-gnu/perl/5.32.1/Encode/MIME/Header/ISO_2022_JP.pm
/usr/lib/x86_64-linux-gnu/perl/5.32.1/Encode/MIME/Header.pm
/usr/lib/x86_64-linux-gnu/perl/5.32.1/Encode/MIME/Name.pm
/usr/lib/x86_64-linux-gnu/perl/5.32.1/Encode/Symbol.pm
/usr/lib/x86_64-linux-gnu/perl/5.32.1/Encode/TW.pm
/usr/lib/x86_64-linux-gnu/perl/5.32.1/Encode/Unicode
/usr/lib/x86_64-linux-gnu/perl/5.32.1/Encode/Unicode/UTF7.pm
/usr/lib/x86_64-linux-gnu/perl/5.32.1/Encode/Unicode.pm
/usr/lib/x86_64-linux-gnu/perl/5.32.1/Encode.pm
/usr/lib/x86_64-linux-gnu/perl/5.32.1/Errno.pm
/usr/lib/x86_64-linux-gnu/perl/5.32.1/Fcntl.pm
/usr/lib/x86_64-linux-gnu/perl/5.32.1/File
/usr/lib/x86_64-linux-gnu/perl/5.32.1/File/DosGlob.pm
/usr/lib/x86_64-linux-gnu/perl/5.32.1/File/Glob.pm
/usr/lib/x86_64-linux-gnu/perl/5.32.1/File/Spec
/usr/lib/x86_64-linux-gnu/perl/5.32.1/File/Spec/AmigaOS.pm
/usr/lib/x86_64-linux-gnu/perl/5.32.1/File/Spec/Cygwin.pm
/usr/lib/x86_64-linux-gnu/perl/5.32.1/File/Spec/Epoc.pm
/usr/lib/x86_64-linux-gnu/perl/5.32.1/File/Spec/Functions.pm
/usr/lib/x86_64-linux-gnu/perl/5.32.1/File/Spec/Mac.pm
/usr/lib/x86_64-linux-gnu/perl/5.32.1/File/Spec/OS2.pm
/usr/lib/x86_64-linux-gnu/perl/5.32.1/File/Spec/Unix.pm
/usr/lib/x86_64-linux-gnu/perl/5.32.1/File/Spec/VMS.pm
/usr/lib/x86_64-linux-gnu/perl/5.32.1/File/Spec/Win32.pm
/usr/lib/x86_64-linux-gnu/perl/5.32.1/File/Spec.pm
/usr/lib/x86_64-linux-gnu/perl/5.32.1/Filter
/usr/lib/x86_64-linux-gnu/perl/5.32.1/Filter/Util
/usr/lib/x86_64-linux-gnu/perl/5.32.1/Filter/Util/Call.pm
/usr/lib/x86_64-linux-gnu/perl/5.32.1/GDBM_File.pm
/usr/lib/x86_64-linux-gnu/perl/5.32.1/Hash
/usr/lib/x86_64-linux-gnu/perl/5.32.1/Hash/Util
/usr/lib/x86_64-linux-gnu/perl/5.32.1/Hash/Util/FieldHash.pm
/usr/lib/x86_64-linux-gnu/perl/5.32.1/Hash/Util.pm
/usr/lib/x86_64-linux-gnu/perl/5.32.1/I18N
/usr/lib/x86_64-linux-gnu/perl/5.32.1/I18N/Langinfo.pm
/usr/lib/x86_64-linux-gnu/perl/5.32.1/IO
/usr/lib/x86_64-linux-gnu/perl/5.32.1/IO/Dir.pm
/usr/lib/x86_64-linux-gnu/perl/5.32.1/IO/File.pm
/usr/lib/x86_64-linux-gnu/perl/5.32.1/IO/Handle.pm
/usr/lib/x86_64-linux-gnu/perl/5.32.1/IO/Pipe.pm
/usr/lib/x86_64-linux-gnu/perl/5.32.1/IO/Poll.pm
/usr/lib/x86_64-linux-gnu/perl/5.32.1/IO/Seekable.pm
/usr/lib/x86_64-linux-gnu/perl/5.32.1/IO/Select.pm
/usr/lib/x86_64-linux-gnu/perl/5.32.1/IO/Socket
/usr/lib/x86_64-linux-gnu/perl/5.32.1/IO/Socket/INET.pm
/usr/lib/x86_64-linux-gnu/perl/5.32.1/IO/Socket/UNIX.pm
/usr/lib/x86_64-linux-gnu/perl/5.32.1/IO/Socket.pm
/usr/lib/x86_64-linux-gnu/perl/5.32.1/IO.pm
/usr/lib/x86_64-linux-gnu/perl/5.32.1/IPC
/usr/lib/x86_64-linux-gnu/perl/5.32.1/IPC/Msg.pm
/usr/lib/x86_64-linux-gnu/perl/5.32.1/IPC/Semaphore.pm
/usr/lib/x86_64-linux-gnu/perl/5.32.1/IPC/SharedMem.pm
/usr/lib/x86_64-linux-gnu/perl/5.32.1/IPC/SysV.pm
/usr/lib/x86_64-linux-gnu/perl/5.32.1/List
/usr/lib/x86_64-linux-gnu/perl/5.32.1/List/Util
/usr/lib/x86_64-linux-gnu/perl/5.32.1/List/Util/XS.pm
/usr/lib/x86_64-linux-gnu/perl/5.32.1/List/Util.pm
/usr/lib/x86_64-linux-gnu/perl/5.32.1/MIME
/usr/lib/x86_64-linux-gnu/perl/5.32.1/MIME/Base64.pm
/usr/lib/x86_64-linux-gnu/perl/5.32.1/MIME/QuotedPrint.pm
/usr/lib/x86_64-linux-gnu/perl/5.32.1/Math
/usr/lib/x86_64-linux-gnu/perl/5.32.1/Math/BigInt
/usr/lib/x86_64-linux-gnu/perl/5.32.1/Math/BigInt/FastCalc.pm
/usr/lib/x86_64-linux-gnu/perl/5.32.1/NDBM_File.pm
/usr/lib/x86_64-linux-gnu/perl/5.32.1/O.pm
/usr/lib/x86_64-linux-gnu/perl/5.32.1/ODBM_File.pm
/usr/lib/x86_64-linux-gnu/perl/5.32.1/Opcode.pm
/usr/lib/x86_64-linux-gnu/perl/5.32.1/POSIX.pm
/usr/lib/x86_64-linux-gnu/perl/5.32.1/POSIX.pod
/usr/lib/x86_64-linux-gnu/perl/5.32.1/PerlIO
/usr/lib/x86_64-linux-gnu/perl/5.32.1/PerlIO/encoding.pm
/usr/lib/x86_64-linux-gnu/perl/5.32.1/PerlIO/mmap.pm
/usr/lib/x86_64-linux-gnu/perl/5.32.1/PerlIO/scalar.pm
/usr/lib/x86_64-linux-gnu/perl/5.32.1/PerlIO/via.pm
/usr/lib/x86_64-linux-gnu/perl/5.32.1/SDBM_File.pm
/usr/lib/x86_64-linux-gnu/perl/5.32.1/Scalar
/usr/lib/x86_64-linux-gnu/perl/5.32.1/Scalar/Util.pm
/usr/lib/x86_64-linux-gnu/perl/5.32.1/Socket.pm
/usr/lib/x86_64-linux-gnu/perl/5.32.1/Storable.pm
/usr/lib/x86_64-linux-gnu/perl/5.32.1/Sub
/usr/lib/x86_64-linux-gnu/perl/5.32.1/Sub/Util.pm
/usr/lib/x86_64-linux-gnu/perl/5.32.1/Sys
/usr/lib/x86_64-linux-gnu/perl/5.32.1/Sys/Hostname.pm
/usr/lib/x86_64-linux-gnu/perl/5.32.1/Sys/Syslog.pm
/usr/lib/x86_64-linux-gnu/perl/5.32.1/Time
/usr/lib/x86_64-linux-gnu/perl/5.32.1/Time/HiRes.pm
/usr/lib/x86_64-linux-gnu/perl/5.32.1/Time/Piece.pm
/usr/lib/x86_64-linux-gnu/perl/5.32.1/Time/Seconds.pm
/usr/lib/x86_64-linux-gnu/perl/5.32.1/Unicode
/usr/lib/x86_64-linux-gnu/perl/5.32.1/Unicode/Collate
/usr/lib/x86_64-linux-gnu/perl/5.32.1/Unicode/Collate/Locale.pm
/usr/lib/x86_64-linux-gnu/perl/5.32.1/Unicode/Collate.pm
/usr/lib/x86_64-linux-gnu/perl/5.32.1/Unicode/Normalize.pm
/usr/lib/x86_64-linux-gnu/perl/5.32.1/_h2ph_pre.ph
/usr/lib/x86_64-linux-gnu/perl/5.32.1/asm
/usr/lib/x86_64-linux-gnu/perl/5.32.1/asm/bitsperlong.ph
/usr/lib/x86_64-linux-gnu/perl/5.32.1/asm/ioctl.ph
/usr/lib/x86_64-linux-gnu/perl/5.32.1/asm/ioctls.ph
/usr/lib/x86_64-linux-gnu/perl/5.32.1/asm/posix_types.ph
/usr/lib/x86_64-linux-gnu/perl/5.32.1/asm/posix_types_32.ph
/usr/lib/x86_64-linux-gnu/perl/5.32.1/asm/posix_types_64.ph
/usr/lib/x86_64-linux-gnu/perl/5.32.1/asm/posix_types_x32.ph
/usr/lib/x86_64-linux-gnu/perl/5.32.1/asm/socket.ph
/usr/lib/x86_64-linux-gnu/perl/5.32.1/asm/sockios.ph
/usr/lib/x86_64-linux-gnu/perl/5.32.1/asm/termbits.ph
/usr/lib/x86_64-linux-gnu/perl/5.32.1/asm/termios.ph
/usr/lib/x86_64-linux-gnu/perl/5.32.1/asm/unistd.ph
/usr/lib/x86_64-linux-gnu/perl/5.32.1/asm/unistd_32.ph
/usr/lib/x86_64-linux-gnu/perl/5.32.1/asm/unistd_64.ph
/usr/lib/x86_64-linux-gnu/perl/5.32.1/asm/unistd_x32.ph
/usr/lib/x86_64-linux-gnu/perl/5.32.1/asm-generic
/usr/lib/x86_64-linux-gnu/perl/5.32.1/asm-generic/bitsperlong.ph
/usr/lib/x86_64-linux-gnu/perl/5.32.1/asm-generic/ioctl.ph
/usr/lib/x86_64-linux-gnu/perl/5.32.1/asm-generic/ioctls.ph
/usr/lib/x86_64-linux-gnu/perl/5.32.1/asm-generic/posix_types.ph
/usr/lib/x86_64-linux-gnu/perl/5.32.1/asm-generic/socket.ph
/usr/lib/x86_64-linux-gnu/perl/5.32.1/asm-generic/sockios.ph
/usr/lib/x86_64-linux-gnu/perl/5.32.1/asm-generic/termbits.ph
/usr/lib/x86_64-linux-gnu/perl/5.32.1/asm-generic/termios.ph
/usr/lib/x86_64-linux-gnu/perl/5.32.1/attributes.pm
/usr/lib/x86_64-linux-gnu/perl/5.32.1/auto
/usr/lib/x86_64-linux-gnu/perl/5.32.1/auto/B
/usr/lib/x86_64-linux-gnu/perl/5.32.1/auto/B/B.so
/usr/lib/x86_64-linux-gnu/perl/5.32.1/auto/Compress
/usr/lib/x86_64-linux-gnu/perl/5.32.1/auto/Compress/Raw
/usr/lib/x86_64-linux-gnu/perl/5.32.1/auto/Compress/Raw/Bzip2
/usr/lib/x86_64-linux-gnu/perl/5.32.1/auto/Compress/Raw/Bzip2/Bzip2.so
/usr/lib/x86_64-linux-gnu/perl/5.32.1/auto/Compress/Raw/Zlib
/usr/lib/x86_64-linux-gnu/perl/5.32.1/auto/Compress/Raw/Zlib/Zlib.so
/usr/lib/x86_64-linux-gnu/perl/5.32.1/auto/Cwd
/usr/lib/x86_64-linux-gnu/perl/5.32.1/auto/Cwd/Cwd.so
/usr/lib/x86_64-linux-gnu/perl/5.32.1/auto/DB_File
/usr/lib/x86_64-linux-gnu/perl/5.32.1/auto/DB_File/DB_File.so
/usr/lib/x86_64-linux-gnu/perl/5.32.1/auto/Data
/usr/lib/x86_64-linux-gnu/perl/5.32.1/auto/Data/Dumper
/usr/lib/x86_64-linux-gnu/perl/5.32.1/auto/Data/Dumper/Dumper.so
/usr/lib/x86_64-linux-gnu/perl/5.32.1/auto/Devel
/usr/lib/x86_64-linux-gnu/perl/5.32.1/auto/Devel/Peek
/usr/lib/x86_64-linux-gnu/perl/5.32.1/auto/Devel/Peek/Peek.so
/usr/lib/x86_64-linux-gnu/perl/5.32.1/auto/Digest
/usr/lib/x86_64-linux-gnu/perl/5.32.1/auto/Digest/MD5
/usr/lib/x86_64-linux-gnu/perl/5.32.1/auto/Digest/MD5/MD5.so
/usr/lib/x86_64-linux-gnu/perl/5.32.1/auto/Digest/SHA
/usr/lib/x86_64-linux-gnu/perl/5.32.1/auto/Digest/SHA/SHA.so
/usr/lib/x86_64-linux-gnu/perl/5.32.1/auto/Encode
/usr/lib/x86_64-linux-gnu/perl/5.32.1/auto/Encode/Byte
/usr/lib/x86_64-linux-gnu/perl/5.32.1/auto/Encode/Byte/Byte.so
/usr/lib/x86_64-linux-gnu/perl/5.32.1/auto/Encode/CN
/usr/lib/x86_64-linux-gnu/perl/5.32.1/auto/Encode/CN/CN.so
/usr/lib/x86_64-linux-gnu/perl/5.32.1/auto/Encode/EBCDIC
/usr/lib/x86_64-linux-gnu/perl/5.32.1/auto/Encode/EBCDIC/EBCDIC.so
/usr/lib/x86_64-linux-gnu/perl/5.32.1/auto/Encode/Encode.so
/usr/lib/x86_64-linux-gnu/perl/5.32.1/auto/Encode/JP
/usr/lib/x86_64-linux-gnu/perl/5.32.1/auto/Encode/JP/JP.so
/usr/lib/x86_64-linux-gnu/perl/5.32.1/auto/Encode/KR
/usr/lib/x86_64-linux-gnu/perl/5.32.1/auto/Encode/KR/KR.so
/usr/lib/x86_64-linux-gnu/perl/5.32.1/auto/Encode/Symbol
/usr/lib/x86_64-linux-gnu/perl/5.32.1/auto/Encode/Symbol/Symbol.so
/usr/lib/x86_64-linux-gnu/perl/5.32.1/auto/Encode/TW
/usr/lib/x86_64-linux-gnu/perl/5.32.1/auto/Encode/TW/TW.so
/usr/lib/x86_64-linux-gnu/perl/5.32.1/auto/Encode/Unicode
/usr/lib/x86_64-linux-gnu/perl/5.32.1/auto/Encode/Unicode/Unicode.so
/usr/lib/x86_64-linux-gnu/perl/5.32.1/auto/Fcntl
/usr/lib/x86_64-linux-gnu/perl/5.32.1/auto/Fcntl/Fcntl.so
/usr/lib/x86_64-linux-gnu/perl/5.32.1/auto/File
/usr/lib/x86_64-linux-gnu/perl/5.32.1/auto/File/DosGlob
/usr/lib/x86_64-linux-gnu/perl/5.32.1/auto/File/DosGlob/DosGlob.so
/usr/lib/x86_64-linux-gnu/perl/5.32.1/auto/File/Glob
/usr/lib/x86_64-linux-gnu/perl/5.32.1/auto/File/Glob/Glob.so
/usr/lib/x86_64-linux-gnu/perl/5.32.1/auto/Filter
/usr/lib/x86_64-linux-gnu/perl/5.32.1/auto/Filter/Util
/usr/lib/x86_64-linux-gnu/perl/5.32.1/auto/Filter/Util/Call
/usr/lib/x86_64-linux-gnu/perl/5.32.1/auto/Filter/Util/Call/Call.so
/usr/lib/x86_64-linux-gnu/perl/5.32.1/auto/GDBM_File
/usr/lib/x86_64-linux-gnu/perl/5.32.1/auto/GDBM_File/GDBM_File.so
/usr/lib/x86_64-linux-gnu/perl/5.32.1/auto/Hash
/usr/lib/x86_64-linux-gnu/perl/5.32.1/auto/Hash/Util
/usr/lib/x86_64-linux-gnu/perl/5.32.1/auto/Hash/Util/FieldHash
/usr/lib/x86_64-linux-gnu/perl/5.32.1/auto/Hash/Util/FieldHash/FieldHash.so
/usr/lib/x86_64-linux-gnu/perl/5.32.1/auto/Hash/Util/Util.so
/usr/lib/x86_64-linux-gnu/perl/5.32.1/auto/I18N
/usr/lib/x86_64-linux-gnu/perl/5.32.1/auto/I18N/Langinfo
/usr/lib/x86_64-linux-gnu/perl/5.32.1/auto/I18N/Langinfo/Langinfo.so
/usr/lib/x86_64-linux-gnu/perl/5.32.1/auto/IO
/usr/lib/x86_64-linux-gnu/perl/5.32.1/auto/IO/IO.so
/usr/lib/x86_64-linux-gnu/perl/5.32.1/auto/IPC
/usr/lib/x86_64-linux-gnu/perl/5.32.1/auto/IPC/SysV
/usr/lib/x86_64-linux-gnu/perl/5.32.1/auto/IPC/SysV/SysV.so
/usr/lib/x86_64-linux-gnu/perl/5.32.1/auto/List
/usr/lib/x86_64-linux-gnu/perl/5.32.1/auto/List/Util
/usr/lib/x86_64-linux-gnu/perl/5.32.1/auto/List/Util/Util.so
/usr/lib/x86_64-linux-gnu/perl/5.32.1/auto/MIME
/usr/lib/x86_64-linux-gnu/perl/5.32.1/auto/MIME/Base64
/usr/lib/x86_64-linux-gnu/perl/5.32.1/auto/MIME/Base64/Base64.so
/usr/lib/x86_64-linux-gnu/perl/5.32.1/auto/Math
/usr/lib/x86_64-linux-gnu/perl/5.32.1/auto/Math/BigInt
/usr/lib/x86_64-linux-gnu/perl/5.32.1/auto/Math/BigInt/FastCalc
/usr/lib/x86_64-linux-gnu/perl/5.32.1/auto/Math/BigInt/FastCalc/FastCalc.so
/usr/lib/x86_64-linux-gnu/perl/5.32.1/auto/NDBM_File
/usr/lib/x86_64-linux-gnu/perl/5.32.1/auto/NDBM_File/NDBM_File.so
/usr/lib/x86_64-linux-gnu/perl/5.32.1/auto/ODBM_File
/usr/lib/x86_64-linux-gnu/perl/5.32.1/auto/ODBM_File/ODBM_File.so
/usr/lib/x86_64-linux-gnu/perl/5.32.1/auto/Opcode
/usr/lib/x86_64-linux-gnu/perl/5.32.1/auto/Opcode/Opcode.so
/usr/lib/x86_64-linux-gnu/perl/5.32.1/auto/POSIX
/usr/lib/x86_64-linux-gnu/perl/5.32.1/auto/POSIX/POSIX.so
/usr/lib/x86_64-linux-gnu/perl/5.32.1/auto/PerlIO
/usr/lib/x86_64-linux-gnu/perl/5.32.1/auto/PerlIO/encoding
/usr/lib/x86_64-linux-gnu/perl/5.32.1/auto/PerlIO/encoding/encoding.so
/usr/lib/x86_64-linux-gnu/perl/5.32.1/auto/PerlIO/mmap
/usr/lib/x86_64-linux-gnu/perl/5.32.1/auto/PerlIO/mmap/mmap.so
/usr/lib/x86_64-linux-gnu/perl/5.32.1/auto/PerlIO/scalar
/usr/lib/x86_64-linux-gnu/perl/5.32.1/auto/PerlIO/scalar/scalar.so
/usr/lib/x86_64-linux-gnu/perl/5.32.1/auto/PerlIO/via
/usr/lib/x86_64-linux-gnu/perl/5.32.1/auto/PerlIO/via/via.so
/usr/lib/x86_64-linux-gnu/perl/5.32.1/auto/SDBM_File
/usr/lib/x86_64-linux-gnu/perl/5.32.1/auto/SDBM_File/SDBM_File.so
/usr/lib/x86_64-linux-gnu/perl/5.32.1/auto/Socket
/usr/lib/x86_64-linux-gnu/perl/5.32.1/auto/Socket/Socket.so
/usr/lib/x86_64-linux-gnu/perl/5.32.1/auto/Storable
/usr/lib/x86_64-linux-gnu/perl/5.32.1/auto/Storable/Storable.so
/usr/lib/x86_64-linux-gnu/perl/5.32.1/auto/Sys
/usr/lib/x86_64-linux-gnu/perl/5.32.1/auto/Sys/Hostname
/usr/lib/x86_64-linux-gnu/perl/5.32.1/auto/Sys/Hostname/Hostname.so
/usr/lib/x86_64-linux-gnu/perl/5.32.1/auto/Sys/Syslog
/usr/lib/x86_64-linux-gnu/perl/5.32.1/auto/Sys/Syslog/Syslog.so
/usr/lib/x86_64-linux-gnu/perl/5.32.1/auto/Time
/usr/lib/x86_64-linux-gnu/perl/5.32.1/auto/Time/HiRes
/usr/lib/x86_64-linux-gnu/perl/5.32.1/auto/Time/HiRes/HiRes.so
/usr/lib/x86_64-linux-gnu/perl/5.32.1/auto/Time/Piece
/usr/lib/x86_64-linux-gnu/perl/5.32.1/auto/Time/Piece/Piece.so
/usr/lib/x86_64-linux-gnu/perl/5.32.1/auto/Unicode
/usr/lib/x86_64-linux-gnu/perl/5.32.1/auto/Unicode/Collate
/usr/lib/x86_64-linux-gnu/perl/5.32.1/auto/Unicode/Collate/Collate.so
/usr/lib/x86_64-linux-gnu/perl/5.32.1/auto/Unicode/Normalize
/usr/lib/x86_64-linux-gnu/perl/5.32.1/auto/Unicode/Normalize/Normalize.so
/usr/lib/x86_64-linux-gnu/perl/5.32.1/auto/attributes
/usr/lib/x86_64-linux-gnu/perl/5.32.1/auto/attributes/attributes.so
/usr/lib/x86_64-linux-gnu/perl/5.32.1/auto/mro
/usr/lib/x86_64-linux-gnu/perl/5.32.1/auto/mro/mro.so
/usr/lib/x86_64-linux-gnu/perl/5.32.1/auto/re
/usr/lib/x86_64-linux-gnu/perl/5.32.1/auto/re/re.so
/usr/lib/x86_64-linux-gnu/perl/5.32.1/auto/threads
/usr/lib/x86_64-linux-gnu/perl/5.32.1/auto/threads/shared
/usr/lib/x86_64-linux-gnu/perl/5.32.1/auto/threads/shared/shared.so
/usr/lib/x86_64-linux-gnu/perl/5.32.1/auto/threads/threads.so
/usr/lib/x86_64-linux-gnu/perl/5.32.1/bits
/usr/lib/x86_64-linux-gnu/perl/5.32.1/bits/byteswap.ph
/usr/lib/x86_64-linux-gnu/perl/5.32.1/bits/endian.ph
/usr/lib/x86_64-linux-gnu/perl/5.32.1/bits/endianness.ph
/usr/lib/x86_64-linux-gnu/perl/5.32.1/bits/ioctl-types.ph
/usr/lib/x86_64-linux-gnu/perl/5.32.1/bits/ioctls.ph
/usr/lib/x86_64-linux-gnu/perl/5.32.1/bits/long-double.ph
/usr/lib/x86_64-linux-gnu/perl/5.32.1/bits/pthreadtypes-arch.ph
/usr/lib/x86_64-linux-gnu/perl/5.32.1/bits/pthreadtypes.ph
/usr/lib/x86_64-linux-gnu/perl/5.32.1/bits/select.ph
/usr/lib/x86_64-linux-gnu/perl/5.32.1/bits/select2.ph
/usr/lib/x86_64-linux-gnu/perl/5.32.1/bits/sigaction.ph
/usr/lib/x86_64-linux-gnu/perl/5.32.1/bits/sigcontext.ph
/usr/lib/x86_64-linux-gnu/perl/5.32.1/bits/sigevent-consts.ph
/usr/lib/x86_64-linux-gnu/perl/5.32.1/bits/siginfo-arch.ph
/usr/lib/x86_64-linux-gnu/perl/5.32.1/bits/siginfo-consts-arch.ph
/usr/lib/x86_64-linux-gnu/perl/5.32.1/bits/siginfo-consts.ph
/usr/lib/x86_64-linux-gnu/perl/5.32.1/bits/signal_ext.ph
/usr/lib/x86_64-linux-gnu/perl/5.32.1/bits/signum-generic.ph
/usr/lib/x86_64-linux-gnu/perl/5.32.1/bits/signum.ph
/usr/lib/x86_64-linux-gnu/perl/5.32.1/bits/sigstack.ph
/usr/lib/x86_64-linux-gnu/perl/5.32.1/bits/sigthread.ph
/usr/lib/x86_64-linux-gnu/perl/5.32.1/bits/sockaddr.ph
/usr/lib/x86_64-linux-gnu/perl/5.32.1/bits/socket-constants.ph
/usr/lib/x86_64-linux-gnu/perl/5.32.1/bits/socket.ph
/usr/lib/x86_64-linux-gnu/perl/5.32.1/bits/socket2.ph
/usr/lib/x86_64-linux-gnu/perl/5.32.1/bits/socket_type.ph
/usr/lib/x86_64-linux-gnu/perl/5.32.1/bits/ss_flags.ph
/usr/lib/x86_64-linux-gnu/perl/5.32.1/bits/stdint-intn.ph
/usr/lib/x86_64-linux-gnu/perl/5.32.1/bits/struct_mutex.ph
/usr/lib/x86_64-linux-gnu/perl/5.32.1/bits/struct_rwlock.ph
/usr/lib/x86_64-linux-gnu/perl/5.32.1/bits/syscall.ph
/usr/lib/x86_64-linux-gnu/perl/5.32.1/bits/syslog-ldbl.ph
/usr/lib/x86_64-linux-gnu/perl/5.32.1/bits/syslog-path.ph
/usr/lib/x86_64-linux-gnu/perl/5.32.1/bits/syslog.ph
/usr/lib/x86_64-linux-gnu/perl/5.32.1/bits/thread-shared-types.ph
/usr/lib/x86_64-linux-gnu/perl/5.32.1/bits/time64.ph
/usr/lib/x86_64-linux-gnu/perl/5.32.1/bits/timesize.ph
/usr/lib/x86_64-linux-gnu/perl/5.32.1/bits/types
/usr/lib/x86_64-linux-gnu/perl/5.32.1/bits/types/__sigset_t.ph
/usr/lib/x86_64-linux-gnu/perl/5.32.1/bits/types/__sigval_t.ph
/usr/lib/x86_64-linux-gnu/perl/5.32.1/bits/types/clock_t.ph
/usr/lib/x86_64-linux-gnu/perl/5.32.1/bits/types/clockid_t.ph
/usr/lib/x86_64-linux-gnu/perl/5.32.1/bits/types/sig_atomic_t.ph
/usr/lib/x86_64-linux-gnu/perl/5.32.1/bits/types/sigevent_t.ph
/usr/lib/x86_64-linux-gnu/perl/5.32.1/bits/types/siginfo_t.ph
/usr/lib/x86_64-linux-gnu/perl/5.32.1/bits/types/sigset_t.ph
/usr/lib/x86_64-linux-gnu/perl/5.32.1/bits/types/sigval_t.ph
/usr/lib/x86_64-linux-gnu/perl/5.32.1/bits/types/stack_t.ph
/usr/lib/x86_64-linux-gnu/perl/5.32.1/bits/types/struct_iovec.ph
/usr/lib/x86_64-linux-gnu/perl/5.32.1/bits/types/struct_osockaddr.ph
/usr/lib/x86_64-linux-gnu/perl/5.32.1/bits/types/struct_rusage.ph
/usr/lib/x86_64-linux-gnu/perl/5.32.1/bits/types/struct_sigstack.ph
/usr/lib/x86_64-linux-gnu/perl/5.32.1/bits/types/struct_timespec.ph
/usr/lib/x86_64-linux-gnu/perl/5.32.1/bits/types/struct_timeval.ph
/usr/lib/x86_64-linux-gnu/perl/5.32.1/bits/types/time_t.ph
/usr/lib/x86_64-linux-gnu/perl/5.32.1/bits/types/timer_t.ph
/usr/lib/x86_64-linux-gnu/perl/5.32.1/bits/types.ph
/usr/lib/x86_64-linux-gnu/perl/5.32.1/bits/typesizes.ph
/usr/lib/x86_64-linux-gnu/perl/5.32.1/bits/uintn-identity.ph
/usr/lib/x86_64-linux-gnu/perl/5.32.1/bits/waitflags.ph
/usr/lib/x86_64-linux-gnu/perl/5.32.1/bits/waitstatus.ph
/usr/lib/x86_64-linux-gnu/perl/5.32.1/bits/wordsize.ph
/usr/lib/x86_64-linux-gnu/perl/5.32.1/encoding.pm
/usr/lib/x86_64-linux-gnu/perl/5.32.1/endian.ph
/usr/lib/x86_64-linux-gnu/perl/5.32.1/errno.ph
/usr/lib/x86_64-linux-gnu/perl/5.32.1/features.ph
/usr/lib/x86_64-linux-gnu/perl/5.32.1/gnu
/usr/lib/x86_64-linux-gnu/perl/5.32.1/gnu/stubs-64.ph
/usr/lib/x86_64-linux-gnu/perl/5.32.1/gnu/stubs.ph
/usr/lib/x86_64-linux-gnu/perl/5.32.1/lib.pm
/usr/lib/x86_64-linux-gnu/perl/5.32.1/linux
/usr/lib/x86_64-linux-gnu/perl/5.32.1/linux/ioctl.ph
/usr/lib/x86_64-linux-gnu/perl/5.32.1/linux/posix_types.ph
/usr/lib/x86_64-linux-gnu/perl/5.32.1/linux/stddef.ph
/usr/lib/x86_64-linux-gnu/perl/5.32.1/machine
/usr/lib/x86_64-linux-gnu/perl/5.32.1/mro.pm
/usr/lib/x86_64-linux-gnu/perl/5.32.1/ops.pm
/usr/lib/x86_64-linux-gnu/perl/5.32.1/re.pm
/usr/lib/x86_64-linux-gnu/perl/5.32.1/signal.ph
/usr/lib/x86_64-linux-gnu/perl/5.32.1/stdarg.ph
/usr/lib/x86_64-linux-gnu/perl/5.32.1/stdc-predef.ph
/usr/lib/x86_64-linux-gnu/perl/5.32.1/stddef.ph
/usr/lib/x86_64-linux-gnu/perl/5.32.1/sys
/usr/lib/x86_64-linux-gnu/perl/5.32.1/sys/cdefs.ph
/usr/lib/x86_64-linux-gnu/perl/5.32.1/sys/ioctl.ph
/usr/lib/x86_64-linux-gnu/perl/5.32.1/sys/select.ph
/usr/lib/x86_64-linux-gnu/perl/5.32.1/sys/socket.ph
/usr/lib/x86_64-linux-gnu/perl/5.32.1/sys/syscall.ph
/usr/lib/x86_64-linux-gnu/perl/5.32.1/sys/syslog.ph
/usr/lib/x86_64-linux-gnu/perl/5.32.1/sys/time.ph
/usr/lib/x86_64-linux-gnu/perl/5.32.1/sys/ttydefaults.ph
/usr/lib/x86_64-linux-gnu/perl/5.32.1/sys/types.ph
/usr/lib/x86_64-linux-gnu/perl/5.32.1/sys/ucontext.ph
/usr/lib/x86_64-linux-gnu/perl/5.32.1/sys/wait.ph
/usr/lib/x86_64-linux-gnu/perl/5.32.1/syscall.ph
/usr/lib/x86_64-linux-gnu/perl/5.32.1/sysexits.ph
/usr/lib/x86_64-linux-gnu/perl/5.32.1/syslimits.ph
/usr/lib/x86_64-linux-gnu/perl/5.32.1/syslog.ph
/usr/lib/x86_64-linux-gnu/perl/5.32.1/threads
/usr/lib/x86_64-linux-gnu/perl/5.32.1/threads/shared.pm
/usr/lib/x86_64-linux-gnu/perl/5.32.1/threads.pm
/usr/lib/x86_64-linux-gnu/perl/5.32.1/wait.ph
/usr/lib/x86_64-linux-gnu/perl/cross-config-5.32.1
/usr/lib/x86_64-linux-gnu/perl/debian-config-data-5.32.1
/usr/lib/x86_64-linux-gnu/perl/debian-config-data-5.32.1/README
/usr/lib/x86_64-linux-gnu/perl/debian-config-data-5.32.1/config.sh.debug.gz
/usr/lib/x86_64-linux-gnu/perl/debian-config-data-5.32.1/config.sh.shared.gz
/usr/lib/x86_64-linux-gnu/perl/debian-config-data-5.32.1/config.sh.static.gz
/usr/share
/usr/share/doc
/usr/share/doc/libperl5.32
/usr/share/doc/libperl5.32/changelog.Debian.gz
/usr/share/doc/libperl5.32/changelog.gz
/usr/share/doc/libperl5.32/copyright
/usr/share/lintian
/usr/share/lintian/overrides
/usr/share/lintian/overrides/libperl5.32
/usr/share/man
/usr/share/man/man1
/usr/share/man/man1/cpan5.32-x86_64-linux-gnu.1.gz
/usr/share/man/man1/perl5.32-x86_64-linux-gnu.1.gz
/usr/lib/x86_64-linux-gnu/libperl.so.5.32
/usr/lib/x86_64-linux-gnu/perl/5.32
/usr/lib/x86_64-linux-gnu/perl/cross-config-5.32.1/Config.pm
/usr/lib/x86_64-linux-gnu/perl/cross-config-5.32.1/Config_heavy.pl

dpkg -L netbase
/.
/etc
/etc/ethertypes
/etc/protocols
/etc/rpc
/etc/services
/usr
/usr/share
/usr/share/doc
/usr/share/doc/netbase
/usr/share/doc/netbase/changelog.gz
/usr/share/doc/netbase/copyright

dpkg -L openssl
/.
/etc
/etc/ssl
/etc/ssl/certs
/etc/ssl/openssl.cnf
/etc/ssl/private
/usr
/usr/bin
/usr/bin/c_rehash
/usr/bin/openssl
/usr/lib
/usr/lib/ssl
/usr/lib/ssl/misc
/usr/lib/ssl/misc/CA.pl
/usr/lib/ssl/misc/tsget.pl
/usr/share
/usr/share/doc
/usr/share/doc/openssl
/usr/share/doc/openssl/FAQ
/usr/share/doc/openssl/HOWTO
/usr/share/doc/openssl/HOWTO/certificates.txt.gz
/usr/share/doc/openssl/HOWTO/keys.txt
/usr/share/doc/openssl/NEWS.Debian.gz
/usr/share/doc/openssl/NEWS.gz
/usr/share/doc/openssl/README
/usr/share/doc/openssl/README.Debian
/usr/share/doc/openssl/README.ENGINE.gz
/usr/share/doc/openssl/README.optimization
/usr/share/doc/openssl/changelog.Debian.gz
/usr/share/doc/openssl/changelog.gz
/usr/share/doc/openssl/copyright
/usr/share/doc/openssl/fingerprints.txt
/usr/share/lintian
/usr/share/lintian/overrides
/usr/share/lintian/overrides/openssl
/usr/share/man
/usr/share/man/man1
/usr/share/man/man1/CA.pl.1ssl.gz
/usr/share/man/man1/asn1parse.1ssl.gz
/usr/share/man/man1/ca.1ssl.gz
/usr/share/man/man1/ciphers.1ssl.gz
/usr/share/man/man1/cms.1ssl.gz
/usr/share/man/man1/crl.1ssl.gz
/usr/share/man/man1/crl2pkcs7.1ssl.gz
/usr/share/man/man1/dgst.1ssl.gz
/usr/share/man/man1/dhparam.1ssl.gz
/usr/share/man/man1/dsa.1ssl.gz
/usr/share/man/man1/dsaparam.1ssl.gz
/usr/share/man/man1/ec.1ssl.gz
/usr/share/man/man1/ecparam.1ssl.gz
/usr/share/man/man1/enc.1ssl.gz
/usr/share/man/man1/engine.1ssl.gz
/usr/share/man/man1/errstr.1ssl.gz
/usr/share/man/man1/gendsa.1ssl.gz
/usr/share/man/man1/genpkey.1ssl.gz
/usr/share/man/man1/genrsa.1ssl.gz
/usr/share/man/man1/list.1ssl.gz
/usr/share/man/man1/nseq.1ssl.gz
/usr/share/man/man1/ocsp.1ssl.gz
/usr/share/man/man1/openssl.1ssl.gz
/usr/share/man/man1/passwd.1ssl.gz
/usr/share/man/man1/pkcs12.1ssl.gz
/usr/share/man/man1/pkcs7.1ssl.gz
/usr/share/man/man1/pkcs8.1ssl.gz
/usr/share/man/man1/pkey.1ssl.gz
/usr/share/man/man1/pkeyparam.1ssl.gz
/usr/share/man/man1/pkeyutl.1ssl.gz
/usr/share/man/man1/prime.1ssl.gz
/usr/share/man/man1/rand.1ssl.gz
/usr/share/man/man1/rehash.1ssl.gz
/usr/share/man/man1/req.1ssl.gz
/usr/share/man/man1/rsa.1ssl.gz
/usr/share/man/man1/rsautl.1ssl.gz
/usr/share/man/man1/s_client.1ssl.gz
/usr/share/man/man1/s_server.1ssl.gz
/usr/share/man/man1/s_time.1ssl.gz
/usr/share/man/man1/sess_id.1ssl.gz
/usr/share/man/man1/smime.1ssl.gz
/usr/share/man/man1/speed.1ssl.gz
/usr/share/man/man1/spkac.1ssl.gz
/usr/share/man/man1/srp.1ssl.gz
/usr/share/man/man1/storeutl.1ssl.gz
/usr/share/man/man1/ts.1ssl.gz
/usr/share/man/man1/tsget.1ssl.gz
/usr/share/man/man1/verify.1ssl.gz
/usr/share/man/man1/version.1ssl.gz
/usr/share/man/man1/x509.1ssl.gz
/usr/share/man/man5
/usr/share/man/man5/config.5ssl.gz
/usr/share/man/man5/x509v3_config.5ssl.gz
/usr/share/man/man7
/usr/share/man/man7/Ed25519.7ssl.gz
/usr/share/man/man7/RAND.7ssl.gz
/usr/share/man/man7/RAND_DRBG.7ssl.gz
/usr/share/man/man7/RSA-PSS.7ssl.gz
/usr/share/man/man7/SM2.7ssl.gz
/usr/share/man/man7/X25519.7ssl.gz
/usr/share/man/man7/bio.7ssl.gz
/usr/share/man/man7/crypto.7ssl.gz
/usr/share/man/man7/ct.7ssl.gz
/usr/share/man/man7/des_modes.7ssl.gz
/usr/share/man/man7/evp.7ssl.gz
/usr/share/man/man7/ossl_store-file.7ssl.gz
/usr/share/man/man7/ossl_store.7ssl.gz
/usr/share/man/man7/passphrase-encoding.7ssl.gz
/usr/share/man/man7/proxy-certificates.7ssl.gz
/usr/share/man/man7/scrypt.7ssl.gz
/usr/share/man/man7/ssl.7ssl.gz
/usr/share/man/man7/x509.7ssl.gz
/usr/lib/ssl/certs
/usr/lib/ssl/misc/tsget
/usr/lib/ssl/openssl.cnf
/usr/lib/ssl/private
/usr/share/man/man1/c_rehash.1ssl.gz
/usr/share/man/man1/openssl-asn1parse.1ssl.gz
/usr/share/man/man1/openssl-c_rehash.1ssl.gz
/usr/share/man/man1/openssl-ca.1ssl.gz
/usr/share/man/man1/openssl-ciphers.1ssl.gz
/usr/share/man/man1/openssl-cms.1ssl.gz
/usr/share/man/man1/openssl-crl.1ssl.gz
/usr/share/man/man1/openssl-crl2pkcs7.1ssl.gz
/usr/share/man/man1/openssl-dgst.1ssl.gz
/usr/share/man/man1/openssl-dhparam.1ssl.gz
/usr/share/man/man1/openssl-dsa.1ssl.gz
/usr/share/man/man1/openssl-dsaparam.1ssl.gz
/usr/share/man/man1/openssl-ec.1ssl.gz
/usr/share/man/man1/openssl-ecparam.1ssl.gz
/usr/share/man/man1/openssl-enc.1ssl.gz
/usr/share/man/man1/openssl-engine.1ssl.gz
/usr/share/man/man1/openssl-errstr.1ssl.gz
/usr/share/man/man1/openssl-gendsa.1ssl.gz
/usr/share/man/man1/openssl-genpkey.1ssl.gz
/usr/share/man/man1/openssl-genrsa.1ssl.gz
/usr/share/man/man1/openssl-list.1ssl.gz
/usr/share/man/man1/openssl-nseq.1ssl.gz
/usr/share/man/man1/openssl-ocsp.1ssl.gz
/usr/share/man/man1/openssl-passwd.1ssl.gz
/usr/share/man/man1/openssl-pkcs12.1ssl.gz
/usr/share/man/man1/openssl-pkcs7.1ssl.gz
/usr/share/man/man1/openssl-pkcs8.1ssl.gz
/usr/share/man/man1/openssl-pkey.1ssl.gz
/usr/share/man/man1/openssl-pkeyparam.1ssl.gz
/usr/share/man/man1/openssl-pkeyutl.1ssl.gz
/usr/share/man/man1/openssl-prime.1ssl.gz
/usr/share/man/man1/openssl-rand.1ssl.gz
/usr/share/man/man1/openssl-rehash.1ssl.gz
/usr/share/man/man1/openssl-req.1ssl.gz
/usr/share/man/man1/openssl-rsa.1ssl.gz
/usr/share/man/man1/openssl-rsautl.1ssl.gz
/usr/share/man/man1/openssl-s_client.1ssl.gz
/usr/share/man/man1/openssl-s_server.1ssl.gz
/usr/share/man/man1/openssl-s_time.1ssl.gz
/usr/share/man/man1/openssl-sess_id.1ssl.gz
/usr/share/man/man1/openssl-smime.1ssl.gz
/usr/share/man/man1/openssl-speed.1ssl.gz
/usr/share/man/man1/openssl-spkac.1ssl.gz
/usr/share/man/man1/openssl-srp.1ssl.gz
/usr/share/man/man1/openssl-storeutl.1ssl.gz
/usr/share/man/man1/openssl-ts.1ssl.gz
/usr/share/man/man1/openssl-tsget.1ssl.gz
/usr/share/man/man1/openssl-verify.1ssl.gz
/usr/share/man/man1/openssl-version.1ssl.gz
/usr/share/man/man1/openssl-x509.1ssl.gz
/usr/share/man/man7/Ed448.7ssl.gz
/usr/share/man/man7/X448.7ssl.gz

dpkg -L perl
/.
/etc
/etc/perl
/etc/perl/Net
/etc/perl/Net/libnet.cfg
/usr
/usr/bin
/usr/bin/corelist
/usr/bin/cpan
/usr/bin/enc2xs
/usr/bin/encguess
/usr/bin/h2ph
/usr/bin/h2xs
/usr/bin/instmodsh
/usr/bin/json_pp
/usr/bin/libnetcfg
/usr/bin/perlbug
/usr/bin/perldoc
/usr/bin/perlivp
/usr/bin/perlthanks
/usr/bin/piconv
/usr/bin/pl2pm
/usr/bin/pod2html
/usr/bin/pod2man
/usr/bin/pod2text
/usr/bin/pod2usage
/usr/bin/podchecker
/usr/bin/prove
/usr/bin/ptar
/usr/bin/ptardiff
/usr/bin/ptargrep
/usr/bin/shasum
/usr/bin/splain
/usr/bin/streamzip
/usr/bin/xsubpp
/usr/bin/zipdetails
/usr/share
/usr/share/doc
/usr/share/doc/perl
/usr/share/doc/perl/README.Debian
/usr/share/doc/perl/changelog.Debian.gz
/usr/share/doc/perl/changelog.gz
/usr/share/doc/perl/copyright
/usr/share/lintian
/usr/share/lintian/overrides
/usr/share/lintian/overrides/perl
/usr/share/man
/usr/share/man/man1
/usr/share/man/man1/corelist.1.gz
/usr/share/man/man1/cpan.1.gz
/usr/share/man/man1/enc2xs.1.gz
/usr/share/man/man1/encguess.1.gz
/usr/share/man/man1/h2ph.1.gz
/usr/share/man/man1/h2xs.1.gz
/usr/share/man/man1/instmodsh.1.gz
/usr/share/man/man1/json_pp.1.gz
/usr/share/man/man1/libnetcfg.1.gz
/usr/share/man/man1/perlbug.1.gz
/usr/share/man/man1/perlivp.1.gz
/usr/share/man/man1/piconv.1.gz
/usr/share/man/man1/pl2pm.1.gz
/usr/share/man/man1/pod2html.1.gz
/usr/share/man/man1/pod2man.1.gz
/usr/share/man/man1/pod2text.1.gz
/usr/share/man/man1/pod2usage.1.gz
/usr/share/man/man1/podchecker.1.gz
/usr/share/man/man1/prove.1.gz
/usr/share/man/man1/ptar.1.gz
/usr/share/man/man1/ptardiff.1.gz
/usr/share/man/man1/ptargrep.1.gz
/usr/share/man/man1/shasum.1.gz
/usr/share/man/man1/splain.1.gz
/usr/share/man/man1/streamzip.1.gz
/usr/share/man/man1/xsubpp.1.gz
/usr/share/man/man1/zipdetails.1.gz
/usr/share/doc/perl/Changes.gz
/usr/share/man/man1/perlthanks.1.gz

dpkg -L perl-modules-5.32
/.
/usr
/usr/share
/usr/share/doc
/usr/share/doc/perl-modules-5.32
/usr/share/doc/perl-modules-5.32/README.Debian
/usr/share/doc/perl-modules-5.32/changelog.Debian.gz
/usr/share/doc/perl-modules-5.32/changelog.gz
/usr/share/doc/perl-modules-5.32/copyright
/usr/share/perl
/usr/share/perl/5.32.1
/usr/share/perl/5.32.1/AnyDBM_File.pm
/usr/share/perl/5.32.1/App
/usr/share/perl/5.32.1/App/Cpan.pm
/usr/share/perl/5.32.1/App/Prove
/usr/share/perl/5.32.1/App/Prove/State
/usr/share/perl/5.32.1/App/Prove/State/Result
/usr/share/perl/5.32.1/App/Prove/State/Result/Test.pm
/usr/share/perl/5.32.1/App/Prove/State/Result.pm
/usr/share/perl/5.32.1/App/Prove/State.pm
/usr/share/perl/5.32.1/App/Prove.pm
/usr/share/perl/5.32.1/Archive
/usr/share/perl/5.32.1/Archive/Tar
/usr/share/perl/5.32.1/Archive/Tar/Constant.pm
/usr/share/perl/5.32.1/Archive/Tar/File.pm
/usr/share/perl/5.32.1/Archive/Tar.pm
/usr/share/perl/5.32.1/Attribute
/usr/share/perl/5.32.1/Attribute/Handlers.pm
/usr/share/perl/5.32.1/AutoLoader.pm
/usr/share/perl/5.32.1/AutoSplit.pm
/usr/share/perl/5.32.1/B
/usr/share/perl/5.32.1/B/Deparse.pm
/usr/share/perl/5.32.1/B/Op_private.pm
/usr/share/perl/5.32.1/Benchmark.pm
/usr/share/perl/5.32.1/CORE.pod
/usr/share/perl/5.32.1/CPAN
/usr/share/perl/5.32.1/CPAN/API
/usr/share/perl/5.32.1/CPAN/API/HOWTO.pod
/usr/share/perl/5.32.1/CPAN/Author.pm
/usr/share/perl/5.32.1/CPAN/Bundle.pm
/usr/share/perl/5.32.1/CPAN/CacheMgr.pm
/usr/share/perl/5.32.1/CPAN/Complete.pm
/usr/share/perl/5.32.1/CPAN/Debug.pm
/usr/share/perl/5.32.1/CPAN/DeferredCode.pm
/usr/share/perl/5.32.1/CPAN/Distribution.pm
/usr/share/perl/5.32.1/CPAN/Distroprefs.pm
/usr/share/perl/5.32.1/CPAN/Distrostatus.pm
/usr/share/perl/5.32.1/CPAN/Exception
/usr/share/perl/5.32.1/CPAN/Exception/RecursiveDependency.pm
/usr/share/perl/5.32.1/CPAN/Exception/blocked_urllist.pm
/usr/share/perl/5.32.1/CPAN/Exception/yaml_not_installed.pm
/usr/share/perl/5.32.1/CPAN/Exception/yaml_process_error.pm
/usr/share/perl/5.32.1/CPAN/FTP
/usr/share/perl/5.32.1/CPAN/FTP/netrc.pm
/usr/share/perl/5.32.1/CPAN/FTP.pm
/usr/share/perl/5.32.1/CPAN/FirstTime.pm
/usr/share/perl/5.32.1/CPAN/HTTP
/usr/share/perl/5.32.1/CPAN/HTTP/Client.pm
/usr/share/perl/5.32.1/CPAN/HTTP/Credentials.pm
/usr/share/perl/5.32.1/CPAN/HandleConfig.pm
/usr/share/perl/5.32.1/CPAN/Index.pm
/usr/share/perl/5.32.1/CPAN/InfoObj.pm
/usr/share/perl/5.32.1/CPAN/Kwalify
/usr/share/perl/5.32.1/CPAN/Kwalify/distroprefs.dd
/usr/share/perl/5.32.1/CPAN/Kwalify/distroprefs.yml
/usr/share/perl/5.32.1/CPAN/Kwalify.pm
/usr/share/perl/5.32.1/CPAN/LWP
/usr/share/perl/5.32.1/CPAN/LWP/UserAgent.pm
/usr/share/perl/5.32.1/CPAN/Meta
/usr/share/perl/5.32.1/CPAN/Meta/Converter.pm
/usr/share/perl/5.32.1/CPAN/Meta/Feature.pm
/usr/share/perl/5.32.1/CPAN/Meta/History
/usr/share/perl/5.32.1/CPAN/Meta/History/Meta_1_0.pod
/usr/share/perl/5.32.1/CPAN/Meta/History/Meta_1_1.pod
/usr/share/perl/5.32.1/CPAN/Meta/History/Meta_1_2.pod
/usr/share/perl/5.32.1/CPAN/Meta/History/Meta_1_3.pod
/usr/share/perl/5.32.1/CPAN/Meta/History/Meta_1_4.pod
/usr/share/perl/5.32.1/CPAN/Meta/History.pm
/usr/share/perl/5.32.1/CPAN/Meta/Merge.pm
/usr/share/perl/5.32.1/CPAN/Meta/Prereqs.pm
/usr/share/perl/5.32.1/CPAN/Meta/Requirements.pm
/usr/share/perl/5.32.1/CPAN/Meta/Spec.pm
/usr/share/perl/5.32.1/CPAN/Meta/Validator.pm
/usr/share/perl/5.32.1/CPAN/Meta/YAML.pm
/usr/share/perl/5.32.1/CPAN/Meta.pm
/usr/share/perl/5.32.1/CPAN/Mirrors.pm
/usr/share/perl/5.32.1/CPAN/Module.pm
/usr/share/perl/5.32.1/CPAN/Nox.pm
/usr/share/perl/5.32.1/CPAN/Plugin
/usr/share/perl/5.32.1/CPAN/Plugin/Specfile.pm
/usr/share/perl/5.32.1/CPAN/Plugin.pm
/usr/share/perl/5.32.1/CPAN/Prompt.pm
/usr/share/perl/5.32.1/CPAN/Queue.pm
/usr/share/perl/5.32.1/CPAN/Shell.pm
/usr/share/perl/5.32.1/CPAN/Tarzip.pm
/usr/share/perl/5.32.1/CPAN/URL.pm
/usr/share/perl/5.32.1/CPAN/Version.pm
/usr/share/perl/5.32.1/CPAN.pm
/usr/share/perl/5.32.1/Carp
/usr/share/perl/5.32.1/Carp/Heavy.pm
/usr/share/perl/5.32.1/Carp.pm
/usr/share/perl/5.32.1/Class
/usr/share/perl/5.32.1/Class/Struct.pm
/usr/share/perl/5.32.1/Compress
/usr/share/perl/5.32.1/Compress/Zlib.pm
/usr/share/perl/5.32.1/Config
/usr/share/perl/5.32.1/Config/Extensions.pm
/usr/share/perl/5.32.1/Config/Perl
/usr/share/perl/5.32.1/Config/Perl/V.pm
/usr/share/perl/5.32.1/DB.pm
/usr/share/perl/5.32.1/DBM_Filter
/usr/share/perl/5.32.1/DBM_Filter/compress.pm
/usr/share/perl/5.32.1/DBM_Filter/encode.pm
/usr/share/perl/5.32.1/DBM_Filter/int32.pm
/usr/share/perl/5.32.1/DBM_Filter/null.pm
/usr/share/perl/5.32.1/DBM_Filter/utf8.pm
/usr/share/perl/5.32.1/DBM_Filter.pm
/usr/share/perl/5.32.1/Devel
/usr/share/perl/5.32.1/Devel/SelfStubber.pm
/usr/share/perl/5.32.1/Digest
/usr/share/perl/5.32.1/Digest/base.pm
/usr/share/perl/5.32.1/Digest/file.pm
/usr/share/perl/5.32.1/Digest.pm
/usr/share/perl/5.32.1/DirHandle.pm
/usr/share/perl/5.32.1/Dumpvalue.pm
/usr/share/perl/5.32.1/Encode
/usr/share/perl/5.32.1/Encode/Changes.e2x
/usr/share/perl/5.32.1/Encode/ConfigLocal_PM.e2x
/usr/share/perl/5.32.1/Encode/Makefile_PL.e2x
/usr/share/perl/5.32.1/Encode/PerlIO.pod
/usr/share/perl/5.32.1/Encode/README.e2x
/usr/share/perl/5.32.1/Encode/Supported.pod
/usr/share/perl/5.32.1/Encode/_PM.e2x
/usr/share/perl/5.32.1/Encode/_T.e2x
/usr/share/perl/5.32.1/Encode/encode.h
/usr/share/perl/5.32.1/English.pm
/usr/share/perl/5.32.1/Env.pm
/usr/share/perl/5.32.1/Exporter
/usr/share/perl/5.32.1/Exporter/Heavy.pm
/usr/share/perl/5.32.1/Exporter.pm
/usr/share/perl/5.32.1/ExtUtils
/usr/share/perl/5.32.1/ExtUtils/CBuilder
/usr/share/perl/5.32.1/ExtUtils/CBuilder/Base.pm
/usr/share/perl/5.32.1/ExtUtils/CBuilder/Platform
/usr/share/perl/5.32.1/ExtUtils/CBuilder/Platform/Unix.pm
/usr/share/perl/5.32.1/ExtUtils/CBuilder/Platform/VMS.pm
/usr/share/perl/5.32.1/ExtUtils/CBuilder/Platform/Windows
/usr/share/perl/5.32.1/ExtUtils/CBuilder/Platform/Windows/BCC.pm
/usr/share/perl/5.32.1/ExtUtils/CBuilder/Platform/Windows/GCC.pm
/usr/share/perl/5.32.1/ExtUtils/CBuilder/Platform/Windows/MSVC.pm
/usr/share/perl/5.32.1/ExtUtils/CBuilder/Platform/Windows.pm
/usr/share/perl/5.32.1/ExtUtils/CBuilder/Platform/aix.pm
/usr/share/perl/5.32.1/ExtUtils/CBuilder/Platform/android.pm
/usr/share/perl/5.32.1/ExtUtils/CBuilder/Platform/cygwin.pm
/usr/share/perl/5.32.1/ExtUtils/CBuilder/Platform/darwin.pm
/usr/share/perl/5.32.1/ExtUtils/CBuilder/Platform/dec_osf.pm
/usr/share/perl/5.32.1/ExtUtils/CBuilder/Platform/os2.pm
/usr/share/perl/5.32.1/ExtUtils/CBuilder.pm
/usr/share/perl/5.32.1/ExtUtils/Command
/usr/share/perl/5.32.1/ExtUtils/Command/MM.pm
/usr/share/perl/5.32.1/ExtUtils/Command.pm
/usr/share/perl/5.32.1/ExtUtils/Constant
/usr/share/perl/5.32.1/ExtUtils/Constant/Base.pm
/usr/share/perl/5.32.1/ExtUtils/Constant/ProxySubs.pm
/usr/share/perl/5.32.1/ExtUtils/Constant/Utils.pm
/usr/share/perl/5.32.1/ExtUtils/Constant/XS.pm
/usr/share/perl/5.32.1/ExtUtils/Constant.pm
/usr/share/perl/5.32.1/ExtUtils/Embed.pm
/usr/share/perl/5.32.1/ExtUtils/Install.pm
/usr/share/perl/5.32.1/ExtUtils/Installed.pm
/usr/share/perl/5.32.1/ExtUtils/Liblist
/usr/share/perl/5.32.1/ExtUtils/Liblist/Kid.pm
/usr/share/perl/5.32.1/ExtUtils/Liblist.pm
/usr/share/perl/5.32.1/ExtUtils/MANIFEST.SKIP
/usr/share/perl/5.32.1/ExtUtils/MM.pm
/usr/share/perl/5.32.1/ExtUtils/MM_AIX.pm
/usr/share/perl/5.32.1/ExtUtils/MM_Any.pm
/usr/share/perl/5.32.1/ExtUtils/MM_BeOS.pm
/usr/share/perl/5.32.1/ExtUtils/MM_Cygwin.pm
/usr/share/perl/5.32.1/ExtUtils/MM_DOS.pm
/usr/share/perl/5.32.1/ExtUtils/MM_Darwin.pm
/usr/share/perl/5.32.1/ExtUtils/MM_MacOS.pm
/usr/share/perl/5.32.1/ExtUtils/MM_NW5.pm
/usr/share/perl/5.32.1/ExtUtils/MM_OS2.pm
/usr/share/perl/5.32.1/ExtUtils/MM_QNX.pm
/usr/share/perl/5.32.1/ExtUtils/MM_UWIN.pm
/usr/share/perl/5.32.1/ExtUtils/MM_Unix.pm
/usr/share/perl/5.32.1/ExtUtils/MM_VMS.pm
/usr/share/perl/5.32.1/ExtUtils/MM_VOS.pm
/usr/share/perl/5.32.1/ExtUtils/MM_Win32.pm
/usr/share/perl/5.32.1/ExtUtils/MM_Win95.pm
/usr/share/perl/5.32.1/ExtUtils/MY.pm
/usr/share/perl/5.32.1/ExtUtils/MakeMaker
/usr/share/perl/5.32.1/ExtUtils/MakeMaker/Config.pm
/usr/share/perl/5.32.1/ExtUtils/MakeMaker/FAQ.pod
/usr/share/perl/5.32.1/ExtUtils/MakeMaker/Locale.pm
/usr/share/perl/5.32.1/ExtUtils/MakeMaker/Tutorial.pod
/usr/share/perl/5.32.1/ExtUtils/MakeMaker/version.pm
/usr/share/perl/5.32.1/ExtUtils/MakeMaker.pm
/usr/share/perl/5.32.1/ExtUtils/Manifest.pm
/usr/share/perl/5.32.1/ExtUtils/Miniperl.pm
/usr/share/perl/5.32.1/ExtUtils/Mkbootstrap.pm
/usr/share/perl/5.32.1/ExtUtils/Mksymlists.pm
/usr/share/perl/5.32.1/ExtUtils/Packlist.pm
/usr/share/perl/5.32.1/ExtUtils/ParseXS
/usr/share/perl/5.32.1/ExtUtils/ParseXS/Constants.pm
/usr/share/perl/5.32.1/ExtUtils/ParseXS/CountLines.pm
/usr/share/perl/5.32.1/ExtUtils/ParseXS/Eval.pm
/usr/share/perl/5.32.1/ExtUtils/ParseXS/Utilities.pm
/usr/share/perl/5.32.1/ExtUtils/ParseXS.pm
/usr/share/perl/5.32.1/ExtUtils/ParseXS.pod
/usr/share/perl/5.32.1/ExtUtils/Typemaps
/usr/share/perl/5.32.1/ExtUtils/Typemaps/Cmd.pm
/usr/share/perl/5.32.1/ExtUtils/Typemaps/InputMap.pm
/usr/share/perl/5.32.1/ExtUtils/Typemaps/OutputMap.pm
/usr/share/perl/5.32.1/ExtUtils/Typemaps/Type.pm
/usr/share/perl/5.32.1/ExtUtils/Typemaps.pm
/usr/share/perl/5.32.1/ExtUtils/testlib.pm
/usr/share/perl/5.32.1/ExtUtils/typemap
/usr/share/perl/5.32.1/ExtUtils/xsubpp
/usr/share/perl/5.32.1/Fatal.pm
/usr/share/perl/5.32.1/File
/usr/share/perl/5.32.1/File/Basename.pm
/usr/share/perl/5.32.1/File/Compare.pm
/usr/share/perl/5.32.1/File/Copy.pm
/usr/share/perl/5.32.1/File/Fetch.pm
/usr/share/perl/5.32.1/File/Find.pm
/usr/share/perl/5.32.1/File/GlobMapper.pm
/usr/share/perl/5.32.1/File/Path.pm
/usr/share/perl/5.32.1/File/Temp.pm
/usr/share/perl/5.32.1/File/stat.pm
/usr/share/perl/5.32.1/FileCache.pm
/usr/share/perl/5.32.1/FileHandle.pm
/usr/share/perl/5.32.1/Filter
/usr/share/perl/5.32.1/Filter/Simple.pm
/usr/share/perl/5.32.1/FindBin.pm
/usr/share/perl/5.32.1/Getopt
/usr/share/perl/5.32.1/Getopt/Long.pm
/usr/share/perl/5.32.1/Getopt/Std.pm
/usr/share/perl/5.32.1/HTTP
/usr/share/perl/5.32.1/HTTP/Tiny.pm
/usr/share/perl/5.32.1/I18N
/usr/share/perl/5.32.1/I18N/Collate.pm
/usr/share/perl/5.32.1/I18N/LangTags
/usr/share/perl/5.32.1/I18N/LangTags/Detect.pm
/usr/share/perl/5.32.1/I18N/LangTags/List.pm
/usr/share/perl/5.32.1/I18N/LangTags.pm
/usr/share/perl/5.32.1/IO
/usr/share/perl/5.32.1/IO/Compress
/usr/share/perl/5.32.1/IO/Compress/Adapter
/usr/share/perl/5.32.1/IO/Compress/Adapter/Bzip2.pm
/usr/share/perl/5.32.1/IO/Compress/Adapter/Deflate.pm
/usr/share/perl/5.32.1/IO/Compress/Adapter/Identity.pm
/usr/share/perl/5.32.1/IO/Compress/Base
/usr/share/perl/5.32.1/IO/Compress/Base/Common.pm
/usr/share/perl/5.32.1/IO/Compress/Base.pm
/usr/share/perl/5.32.1/IO/Compress/Bzip2.pm
/usr/share/perl/5.32.1/IO/Compress/Deflate.pm
/usr/share/perl/5.32.1/IO/Compress/FAQ.pod
/usr/share/perl/5.32.1/IO/Compress/Gzip
/usr/share/perl/5.32.1/IO/Compress/Gzip/Constants.pm
/usr/share/perl/5.32.1/IO/Compress/Gzip.pm
/usr/share/perl/5.32.1/IO/Compress/RawDeflate.pm
/usr/share/perl/5.32.1/IO/Compress/Zip
/usr/share/perl/5.32.1/IO/Compress/Zip/Constants.pm
/usr/share/perl/5.32.1/IO/Compress/Zip.pm
/usr/share/perl/5.32.1/IO/Compress/Zlib
/usr/share/perl/5.32.1/IO/Compress/Zlib/Constants.pm
/usr/share/perl/5.32.1/IO/Compress/Zlib/Extra.pm
/usr/share/perl/5.32.1/IO/Socket
/usr/share/perl/5.32.1/IO/Socket/IP.pm
/usr/share/perl/5.32.1/IO/Uncompress
/usr/share/perl/5.32.1/IO/Uncompress/Adapter
/usr/share/perl/5.32.1/IO/Uncompress/Adapter/Bunzip2.pm
/usr/share/perl/5.32.1/IO/Uncompress/Adapter/Identity.pm
/usr/share/perl/5.32.1/IO/Uncompress/Adapter/Inflate.pm
/usr/share/perl/5.32.1/IO/Uncompress/AnyInflate.pm
/usr/share/perl/5.32.1/IO/Uncompress/AnyUncompress.pm
/usr/share/perl/5.32.1/IO/Uncompress/Base.pm
/usr/share/perl/5.32.1/IO/Uncompress/Bunzip2.pm
/usr/share/perl/5.32.1/IO/Uncompress/Gunzip.pm
/usr/share/perl/5.32.1/IO/Uncompress/Inflate.pm
/usr/share/perl/5.32.1/IO/Uncompress/RawInflate.pm
/usr/share/perl/5.32.1/IO/Uncompress/Unzip.pm
/usr/share/perl/5.32.1/IO/Zlib.pm
/usr/share/perl/5.32.1/IPC
/usr/share/perl/5.32.1/IPC/Cmd.pm
/usr/share/perl/5.32.1/IPC/Open2.pm
/usr/share/perl/5.32.1/IPC/Open3.pm
/usr/share/perl/5.32.1/Internals.pod
/usr/share/perl/5.32.1/JSON
/usr/share/perl/5.32.1/JSON/PP
/usr/share/perl/5.32.1/JSON/PP/Boolean.pm
/usr/share/perl/5.32.1/JSON/PP.pm
/usr/share/perl/5.32.1/Locale
/usr/share/perl/5.32.1/Locale/Maketext
/usr/share/perl/5.32.1/Locale/Maketext/Cookbook.pod
/usr/share/perl/5.32.1/Locale/Maketext/Guts.pm
/usr/share/perl/5.32.1/Locale/Maketext/GutsLoader.pm
/usr/share/perl/5.32.1/Locale/Maketext/Simple.pm
/usr/share/perl/5.32.1/Locale/Maketext/TPJ13.pod
/usr/share/perl/5.32.1/Locale/Maketext.pm
/usr/share/perl/5.32.1/Locale/Maketext.pod
/usr/share/perl/5.32.1/Math
/usr/share/perl/5.32.1/Math/BigFloat
/usr/share/perl/5.32.1/Math/BigFloat/Trace.pm
/usr/share/perl/5.32.1/Math/BigFloat.pm
/usr/share/perl/5.32.1/Math/BigInt
/usr/share/perl/5.32.1/Math/BigInt/Calc.pm
/usr/share/perl/5.32.1/Math/BigInt/Lib.pm
/usr/share/perl/5.32.1/Math/BigInt/Trace.pm
/usr/share/perl/5.32.1/Math/BigInt.pm
/usr/share/perl/5.32.1/Math/BigRat.pm
/usr/share/perl/5.32.1/Math/Complex.pm
/usr/share/perl/5.32.1/Math/Trig.pm
/usr/share/perl/5.32.1/Memoize
/usr/share/perl/5.32.1/Memoize/AnyDBM_File.pm
/usr/share/perl/5.32.1/Memoize/Expire.pm
/usr/share/perl/5.32.1/Memoize/ExpireFile.pm
/usr/share/perl/5.32.1/Memoize/ExpireTest.pm
/usr/share/perl/5.32.1/Memoize/NDBM_File.pm
/usr/share/perl/5.32.1/Memoize/SDBM_File.pm
/usr/share/perl/5.32.1/Memoize/Storable.pm
/usr/share/perl/5.32.1/Memoize.pm
/usr/share/perl/5.32.1/Module
/usr/share/perl/5.32.1/Module/CoreList
/usr/share/perl/5.32.1/Module/CoreList/Utils.pm
/usr/share/perl/5.32.1/Module/CoreList.pm
/usr/share/perl/5.32.1/Module/CoreList.pod
/usr/share/perl/5.32.1/Module/Load
/usr/share/perl/5.32.1/Module/Load/Conditional.pm
/usr/share/perl/5.32.1/Module/Load.pm
/usr/share/perl/5.32.1/Module/Loaded.pm
/usr/share/perl/5.32.1/Module/Metadata.pm
/usr/share/perl/5.32.1/NEXT.pm
/usr/share/perl/5.32.1/Net
/usr/share/perl/5.32.1/Net/Cmd.pm
/usr/share/perl/5.32.1/Net/Config.pm
/usr/share/perl/5.32.1/Net/Domain.pm
/usr/share/perl/5.32.1/Net/FTP
/usr/share/perl/5.32.1/Net/FTP/A.pm
/usr/share/perl/5.32.1/Net/FTP/E.pm
/usr/share/perl/5.32.1/Net/FTP/I.pm
/usr/share/perl/5.32.1/Net/FTP/L.pm
/usr/share/perl/5.32.1/Net/FTP/dataconn.pm
/usr/share/perl/5.32.1/Net/FTP.pm
/usr/share/perl/5.32.1/Net/NNTP.pm
/usr/share/perl/5.32.1/Net/Netrc.pm
/usr/share/perl/5.32.1/Net/POP3.pm
/usr/share/perl/5.32.1/Net/Ping.pm
/usr/share/perl/5.32.1/Net/SMTP.pm
/usr/share/perl/5.32.1/Net/Time.pm
/usr/share/perl/5.32.1/Net/hostent.pm
/usr/share/perl/5.32.1/Net/libnetFAQ.pod
/usr/share/perl/5.32.1/Net/netent.pm
/usr/share/perl/5.32.1/Net/protoent.pm
/usr/share/perl/5.32.1/Net/servent.pm
/usr/share/perl/5.32.1/Params
/usr/share/perl/5.32.1/Params/Check.pm
/usr/share/perl/5.32.1/Parse
/usr/share/perl/5.32.1/Parse/CPAN
/usr/share/perl/5.32.1/Parse/CPAN/Meta.pm
/usr/share/perl/5.32.1/Perl
/usr/share/perl/5.32.1/Perl/OSType.pm
/usr/share/perl/5.32.1/PerlIO
/usr/share/perl/5.32.1/PerlIO/via
/usr/share/perl/5.32.1/PerlIO/via/QuotedPrint.pm
/usr/share/perl/5.32.1/PerlIO.pm
/usr/share/perl/5.32.1/Pod
/usr/share/perl/5.32.1/Pod/Checker.pm
/usr/share/perl/5.32.1/Pod/Escapes.pm
/usr/share/perl/5.32.1/Pod/Functions.pm
/usr/share/perl/5.32.1/Pod/Html.pm
/usr/share/perl/5.32.1/Pod/Man.pm
/usr/share/perl/5.32.1/Pod/ParseLink.pm
/usr/share/perl/5.32.1/Pod/Perldoc
/usr/share/perl/5.32.1/Pod/Perldoc/BaseTo.pm
/usr/share/perl/5.32.1/Pod/Perldoc/GetOptsOO.pm
/usr/share/perl/5.32.1/Pod/Perldoc/ToANSI.pm
/usr/share/perl/5.32.1/Pod/Perldoc/ToChecker.pm
/usr/share/perl/5.32.1/Pod/Perldoc/ToMan.pm
/usr/share/perl/5.32.1/Pod/Perldoc/ToNroff.pm
/usr/share/perl/5.32.1/Pod/Perldoc/ToPod.pm
/usr/share/perl/5.32.1/Pod/Perldoc/ToRtf.pm
/usr/share/perl/5.32.1/Pod/Perldoc/ToTerm.pm
/usr/share/perl/5.32.1/Pod/Perldoc/ToText.pm
/usr/share/perl/5.32.1/Pod/Perldoc/ToTk.pm
/usr/share/perl/5.32.1/Pod/Perldoc/ToXml.pm
/usr/share/perl/5.32.1/Pod/Perldoc.pm
/usr/share/perl/5.32.1/Pod/Simple
/usr/share/perl/5.32.1/Pod/Simple/BlackBox.pm
/usr/share/perl/5.32.1/Pod/Simple/Checker.pm
/usr/share/perl/5.32.1/Pod/Simple/Debug.pm
/usr/share/perl/5.32.1/Pod/Simple/DumpAsText.pm
/usr/share/perl/5.32.1/Pod/Simple/DumpAsXML.pm
/usr/share/perl/5.32.1/Pod/Simple/HTML.pm
/usr/share/perl/5.32.1/Pod/Simple/HTMLBatch.pm
/usr/share/perl/5.32.1/Pod/Simple/HTMLLegacy.pm
/usr/share/perl/5.32.1/Pod/Simple/JustPod.pm
/usr/share/perl/5.32.1/Pod/Simple/LinkSection.pm
/usr/share/perl/5.32.1/Pod/Simple/Methody.pm
/usr/share/perl/5.32.1/Pod/Simple/Progress.pm
/usr/share/perl/5.32.1/Pod/Simple/PullParser.pm
/usr/share/perl/5.32.1/Pod/Simple/PullParserEndToken.pm
/usr/share/perl/5.32.1/Pod/Simple/PullParserStartToken.pm
/usr/share/perl/5.32.1/Pod/Simple/PullParserTextToken.pm
/usr/share/perl/5.32.1/Pod/Simple/PullParserToken.pm
/usr/share/perl/5.32.1/Pod/Simple/RTF.pm
/usr/share/perl/5.32.1/Pod/Simple/Search.pm
/usr/share/perl/5.32.1/Pod/Simple/SimpleTree.pm
/usr/share/perl/5.32.1/Pod/Simple/Subclassing.pod
/usr/share/perl/5.32.1/Pod/Simple/Text.pm
/usr/share/perl/5.32.1/Pod/Simple/TextContent.pm
/usr/share/perl/5.32.1/Pod/Simple/TiedOutFH.pm
/usr/share/perl/5.32.1/Pod/Simple/Transcode.pm
/usr/share/perl/5.32.1/Pod/Simple/TranscodeDumb.pm
/usr/share/perl/5.32.1/Pod/Simple/TranscodeSmart.pm
/usr/share/perl/5.32.1/Pod/Simple/XHTML.pm
/usr/share/perl/5.32.1/Pod/Simple/XMLOutStream.pm
/usr/share/perl/5.32.1/Pod/Simple.pm
/usr/share/perl/5.32.1/Pod/Simple.pod
/usr/share/perl/5.32.1/Pod/Text
/usr/share/perl/5.32.1/Pod/Text/Color.pm
/usr/share/perl/5.32.1/Pod/Text/Overstrike.pm
/usr/share/perl/5.32.1/Pod/Text/Termcap.pm
/usr/share/perl/5.32.1/Pod/Text.pm
/usr/share/perl/5.32.1/Pod/Usage.pm
/usr/share/perl/5.32.1/Safe.pm
/usr/share/perl/5.32.1/Search
/usr/share/perl/5.32.1/Search/Dict.pm
/usr/share/perl/5.32.1/SelectSaver.pm
/usr/share/perl/5.32.1/SelfLoader.pm
/usr/share/perl/5.32.1/Symbol.pm
/usr/share/perl/5.32.1/TAP
/usr/share/perl/5.32.1/TAP/Base.pm
/usr/share/perl/5.32.1/TAP/Formatter
/usr/share/perl/5.32.1/TAP/Formatter/Base.pm
/usr/share/perl/5.32.1/TAP/Formatter/Color.pm
/usr/share/perl/5.32.1/TAP/Formatter/Console
/usr/share/perl/5.32.1/TAP/Formatter/Console/ParallelSession.pm
/usr/share/perl/5.32.1/TAP/Formatter/Console/Session.pm
/usr/share/perl/5.32.1/TAP/Formatter/Console.pm
/usr/share/perl/5.32.1/TAP/Formatter/File
/usr/share/perl/5.32.1/TAP/Formatter/File/Session.pm
/usr/share/perl/5.32.1/TAP/Formatter/File.pm
/usr/share/perl/5.32.1/TAP/Formatter/Session.pm
/usr/share/perl/5.32.1/TAP/Harness
/usr/share/perl/5.32.1/TAP/Harness/Beyond.pod
/usr/share/perl/5.32.1/TAP/Harness/Env.pm
/usr/share/perl/5.32.1/TAP/Harness.pm
/usr/share/perl/5.32.1/TAP/Object.pm
/usr/share/perl/5.32.1/TAP/Parser
/usr/share/perl/5.32.1/TAP/Parser/Aggregator.pm
/usr/share/perl/5.32.1/TAP/Parser/Grammar.pm
/usr/share/perl/5.32.1/TAP/Parser/Iterator
/usr/share/perl/5.32.1/TAP/Parser/Iterator/Array.pm
/usr/share/perl/5.32.1/TAP/Parser/Iterator/Process.pm
/usr/share/perl/5.32.1/TAP/Parser/Iterator/Stream.pm
/usr/share/perl/5.32.1/TAP/Parser/Iterator.pm
/usr/share/perl/5.32.1/TAP/Parser/IteratorFactory.pm
/usr/share/perl/5.32.1/TAP/Parser/Multiplexer.pm
/usr/share/perl/5.32.1/TAP/Parser/Result
/usr/share/perl/5.32.1/TAP/Parser/Result/Bailout.pm
/usr/share/perl/5.32.1/TAP/Parser/Result/Comment.pm
/usr/share/perl/5.32.1/TAP/Parser/Result/Plan.pm
/usr/share/perl/5.32.1/TAP/Parser/Result/Pragma.pm
/usr/share/perl/5.32.1/TAP/Parser/Result/Test.pm
/usr/share/perl/5.32.1/TAP/Parser/Result/Unknown.pm
/usr/share/perl/5.32.1/TAP/Parser/Result/Version.pm
/usr/share/perl/5.32.1/TAP/Parser/Result/YAML.pm
/usr/share/perl/5.32.1/TAP/Parser/Result.pm
/usr/share/perl/5.32.1/TAP/Parser/ResultFactory.pm
/usr/share/perl/5.32.1/TAP/Parser/Scheduler
/usr/share/perl/5.32.1/TAP/Parser/Scheduler/Job.pm
/usr/share/perl/5.32.1/TAP/Parser/Scheduler/Spinner.pm
/usr/share/perl/5.32.1/TAP/Parser/Scheduler.pm
/usr/share/perl/5.32.1/TAP/Parser/Source.pm
/usr/share/perl/5.32.1/TAP/Parser/SourceHandler
/usr/share/perl/5.32.1/TAP/Parser/SourceHandler/Executable.pm
/usr/share/perl/5.32.1/TAP/Parser/SourceHandler/File.pm
/usr/share/perl/5.32.1/TAP/Parser/SourceHandler/Handle.pm
/usr/share/perl/5.32.1/TAP/Parser/SourceHandler/Perl.pm
/usr/share/perl/5.32.1/TAP/Parser/SourceHandler/RawTAP.pm
/usr/share/perl/5.32.1/TAP/Parser/SourceHandler.pm
/usr/share/perl/5.32.1/TAP/Parser/YAMLish
/usr/share/perl/5.32.1/TAP/Parser/YAMLish/Reader.pm
/usr/share/perl/5.32.1/TAP/Parser/YAMLish/Writer.pm
/usr/share/perl/5.32.1/TAP/Parser.pm
/usr/share/perl/5.32.1/Term
/usr/share/perl/5.32.1/Term/ANSIColor.pm
/usr/share/perl/5.32.1/Term/Cap.pm
/usr/share/perl/5.32.1/Term/Complete.pm
/usr/share/perl/5.32.1/Term/ReadLine.pm
/usr/share/perl/5.32.1/Test
/usr/share/perl/5.32.1/Test/Builder
/usr/share/perl/5.32.1/Test/Builder/Formatter.pm
/usr/share/perl/5.32.1/Test/Builder/IO
/usr/share/perl/5.32.1/Test/Builder/IO/Scalar.pm
/usr/share/perl/5.32.1/Test/Builder/Module.pm
/usr/share/perl/5.32.1/Test/Builder/Tester
/usr/share/perl/5.32.1/Test/Builder/Tester/Color.pm
/usr/share/perl/5.32.1/Test/Builder/Tester.pm
/usr/share/perl/5.32.1/Test/Builder/TodoDiag.pm
/usr/share/perl/5.32.1/Test/Builder.pm
/usr/share/perl/5.32.1/Test/Harness.pm
/usr/share/perl/5.32.1/Test/More.pm
/usr/share/perl/5.32.1/Test/Simple.pm
/usr/share/perl/5.32.1/Test/Tester
/usr/share/perl/5.32.1/Test/Tester/Capture.pm
/usr/share/perl/5.32.1/Test/Tester/CaptureRunner.pm
/usr/share/perl/5.32.1/Test/Tester/Delegate.pm
/usr/share/perl/5.32.1/Test/Tester.pm
/usr/share/perl/5.32.1/Test/Tutorial.pod
/usr/share/perl/5.32.1/Test/use
/usr/share/perl/5.32.1/Test/use/ok.pm
/usr/share/perl/5.32.1/Test.pm
/usr/share/perl/5.32.1/Test2
/usr/share/perl/5.32.1/Test2/API
/usr/share/perl/5.32.1/Test2/API/Breakage.pm
/usr/share/perl/5.32.1/Test2/API/Context.pm
/usr/share/perl/5.32.1/Test2/API/Instance.pm
/usr/share/perl/5.32.1/Test2/API/Stack.pm
/usr/share/perl/5.32.1/Test2/API.pm
/usr/share/perl/5.32.1/Test2/Event
/usr/share/perl/5.32.1/Test2/Event/Bail.pm
/usr/share/perl/5.32.1/Test2/Event/Diag.pm
/usr/share/perl/5.32.1/Test2/Event/Encoding.pm
/usr/share/perl/5.32.1/Test2/Event/Exception.pm
/usr/share/perl/5.32.1/Test2/Event/Fail.pm
/usr/share/perl/5.32.1/Test2/Event/Generic.pm
/usr/share/perl/5.32.1/Test2/Event/Note.pm
/usr/share/perl/5.32.1/Test2/Event/Ok.pm
/usr/share/perl/5.32.1/Test2/Event/Pass.pm
/usr/share/perl/5.32.1/Test2/Event/Plan.pm
/usr/share/perl/5.32.1/Test2/Event/Skip.pm
/usr/share/perl/5.32.1/Test2/Event/Subtest.pm
/usr/share/perl/5.32.1/Test2/Event/TAP
/usr/share/perl/5.32.1/Test2/Event/TAP/Version.pm
/usr/share/perl/5.32.1/Test2/Event/V2.pm
/usr/share/perl/5.32.1/Test2/Event/Waiting.pm
/usr/share/perl/5.32.1/Test2/Event.pm
/usr/share/perl/5.32.1/Test2/EventFacet
/usr/share/perl/5.32.1/Test2/EventFacet/About.pm
/usr/share/perl/5.32.1/Test2/EventFacet/Amnesty.pm
/usr/share/perl/5.32.1/Test2/EventFacet/Assert.pm
/usr/share/perl/5.32.1/Test2/EventFacet/Control.pm
/usr/share/perl/5.32.1/Test2/EventFacet/Error.pm
/usr/share/perl/5.32.1/Test2/EventFacet/Hub.pm
/usr/share/perl/5.32.1/Test2/EventFacet/Info
/usr/share/perl/5.32.1/Test2/EventFacet/Info/Table.pm
/usr/share/perl/5.32.1/Test2/EventFacet/Info.pm
/usr/share/perl/5.32.1/Test2/EventFacet/Meta.pm
/usr/share/perl/5.32.1/Test2/EventFacet/Parent.pm
/usr/share/perl/5.32.1/Test2/EventFacet/Plan.pm
/usr/share/perl/5.32.1/Test2/EventFacet/Render.pm
/usr/share/perl/5.32.1/Test2/EventFacet/Trace.pm
/usr/share/perl/5.32.1/Test2/EventFacet.pm
/usr/share/perl/5.32.1/Test2/Formatter
/usr/share/perl/5.32.1/Test2/Formatter/TAP.pm
/usr/share/perl/5.32.1/Test2/Formatter.pm
/usr/share/perl/5.32.1/Test2/Hub
/usr/share/perl/5.32.1/Test2/Hub/Interceptor
/usr/share/perl/5.32.1/Test2/Hub/Interceptor/Terminator.pm
/usr/share/perl/5.32.1/Test2/Hub/Interceptor.pm
/usr/share/perl/5.32.1/Test2/Hub/Subtest.pm
/usr/share/perl/5.32.1/Test2/Hub.pm
/usr/share/perl/5.32.1/Test2/IPC
/usr/share/perl/5.32.1/Test2/IPC/Driver
/usr/share/perl/5.32.1/Test2/IPC/Driver/Files.pm
/usr/share/perl/5.32.1/Test2/IPC/Driver.pm
/usr/share/perl/5.32.1/Test2/IPC.pm
/usr/share/perl/5.32.1/Test2/Tools
/usr/share/perl/5.32.1/Test2/Tools/Tiny.pm
/usr/share/perl/5.32.1/Test2/Transition.pod
/usr/share/perl/5.32.1/Test2/Util
/usr/share/perl/5.32.1/Test2/Util/ExternalMeta.pm
/usr/share/perl/5.32.1/Test2/Util/Facets2Legacy.pm
/usr/share/perl/5.32.1/Test2/Util/HashBase.pm
/usr/share/perl/5.32.1/Test2/Util/Trace.pm
/usr/share/perl/5.32.1/Test2/Util.pm
/usr/share/perl/5.32.1/Test2.pm
/usr/share/perl/5.32.1/Text
/usr/share/perl/5.32.1/Text/Abbrev.pm
/usr/share/perl/5.32.1/Text/Balanced.pm
/usr/share/perl/5.32.1/Text/ParseWords.pm
/usr/share/perl/5.32.1/Text/Tabs.pm
/usr/share/perl/5.32.1/Text/Wrap.pm
/usr/share/perl/5.32.1/Thread
/usr/share/perl/5.32.1/Thread/Queue.pm
/usr/share/perl/5.32.1/Thread/Semaphore.pm
/usr/share/perl/5.32.1/Thread.pm
/usr/share/perl/5.32.1/Tie
/usr/share/perl/5.32.1/Tie/Array.pm
/usr/share/perl/5.32.1/Tie/File.pm
/usr/share/perl/5.32.1/Tie/Handle.pm
/usr/share/perl/5.32.1/Tie/Hash
/usr/share/perl/5.32.1/Tie/Hash/NamedCapture.pm
/usr/share/perl/5.32.1/Tie/Hash.pm
/usr/share/perl/5.32.1/Tie/Memoize.pm
/usr/share/perl/5.32.1/Tie/RefHash.pm
/usr/share/perl/5.32.1/Tie/Scalar.pm
/usr/share/perl/5.32.1/Tie/StdHandle.pm
/usr/share/perl/5.32.1/Tie/SubstrHash.pm
/usr/share/perl/5.32.1/Time
/usr/share/perl/5.32.1/Time/Local.pm
/usr/share/perl/5.32.1/Time/gmtime.pm
/usr/share/perl/5.32.1/Time/localtime.pm
/usr/share/perl/5.32.1/Time/tm.pm
/usr/share/perl/5.32.1/UNIVERSAL.pm
/usr/share/perl/5.32.1/Unicode
/usr/share/perl/5.32.1/Unicode/Collate
/usr/share/perl/5.32.1/Unicode/Collate/CJK
/usr/share/perl/5.32.1/Unicode/Collate/CJK/Big5.pm
/usr/share/perl/5.32.1/Unicode/Collate/CJK/GB2312.pm
/usr/share/perl/5.32.1/Unicode/Collate/CJK/JISX0208.pm
/usr/share/perl/5.32.1/Unicode/Collate/CJK/Korean.pm
/usr/share/perl/5.32.1/Unicode/Collate/CJK/Pinyin.pm
/usr/share/perl/5.32.1/Unicode/Collate/CJK/Stroke.pm
/usr/share/perl/5.32.1/Unicode/Collate/CJK/Zhuyin.pm
/usr/share/perl/5.32.1/Unicode/Collate/Locale
/usr/share/perl/5.32.1/Unicode/Collate/Locale/af.pl
/usr/share/perl/5.32.1/Unicode/Collate/Locale/ar.pl
/usr/share/perl/5.32.1/Unicode/Collate/Locale/as.pl
/usr/share/perl/5.32.1/Unicode/Collate/Locale/az.pl
/usr/share/perl/5.32.1/Unicode/Collate/Locale/be.pl
/usr/share/perl/5.32.1/Unicode/Collate/Locale/bn.pl
/usr/share/perl/5.32.1/Unicode/Collate/Locale/ca.pl
/usr/share/perl/5.32.1/Unicode/Collate/Locale/cs.pl
/usr/share/perl/5.32.1/Unicode/Collate/Locale/cu.pl
/usr/share/perl/5.32.1/Unicode/Collate/Locale/cy.pl
/usr/share/perl/5.32.1/Unicode/Collate/Locale/da.pl
/usr/share/perl/5.32.1/Unicode/Collate/Locale/de_at_ph.pl
/usr/share/perl/5.32.1/Unicode/Collate/Locale/de_phone.pl
/usr/share/perl/5.32.1/Unicode/Collate/Locale/dsb.pl
/usr/share/perl/5.32.1/Unicode/Collate/Locale/ee.pl
/usr/share/perl/5.32.1/Unicode/Collate/Locale/eo.pl
/usr/share/perl/5.32.1/Unicode/Collate/Locale/es.pl
/usr/share/perl/5.32.1/Unicode/Collate/Locale/es_trad.pl
/usr/share/perl/5.32.1/Unicode/Collate/Locale/et.pl
/usr/share/perl/5.32.1/Unicode/Collate/Locale/fa.pl
/usr/share/perl/5.32.1/Unicode/Collate/Locale/fi.pl
/usr/share/perl/5.32.1/Unicode/Collate/Locale/fi_phone.pl
/usr/share/perl/5.32.1/Unicode/Collate/Locale/fil.pl
/usr/share/perl/5.32.1/Unicode/Collate/Locale/fo.pl
/usr/share/perl/5.32.1/Unicode/Collate/Locale/fr_ca.pl
/usr/share/perl/5.32.1/Unicode/Collate/Locale/gu.pl
/usr/share/perl/5.32.1/Unicode/Collate/Locale/ha.pl
/usr/share/perl/5.32.1/Unicode/Collate/Locale/haw.pl
/usr/share/perl/5.32.1/Unicode/Collate/Locale/he.pl
/usr/share/perl/5.32.1/Unicode/Collate/Locale/hi.pl
/usr/share/perl/5.32.1/Unicode/Collate/Locale/hr.pl
/usr/share/perl/5.32.1/Unicode/Collate/Locale/hu.pl
/usr/share/perl/5.32.1/Unicode/Collate/Locale/hy.pl
/usr/share/perl/5.32.1/Unicode/Collate/Locale/ig.pl
/usr/share/perl/5.32.1/Unicode/Collate/Locale/is.pl
/usr/share/perl/5.32.1/Unicode/Collate/Locale/ja.pl
/usr/share/perl/5.32.1/Unicode/Collate/Locale/kk.pl
/usr/share/perl/5.32.1/Unicode/Collate/Locale/kl.pl
/usr/share/perl/5.32.1/Unicode/Collate/Locale/kn.pl
/usr/share/perl/5.32.1/Unicode/Collate/Locale/ko.pl
/usr/share/perl/5.32.1/Unicode/Collate/Locale/kok.pl
/usr/share/perl/5.32.1/Unicode/Collate/Locale/lkt.pl
/usr/share/perl/5.32.1/Unicode/Collate/Locale/ln.pl
/usr/share/perl/5.32.1/Unicode/Collate/Locale/lt.pl
/usr/share/perl/5.32.1/Unicode/Collate/Locale/lv.pl
/usr/share/perl/5.32.1/Unicode/Collate/Locale/mk.pl
/usr/share/perl/5.32.1/Unicode/Collate/Locale/ml.pl
/usr/share/perl/5.32.1/Unicode/Collate/Locale/mr.pl
/usr/share/perl/5.32.1/Unicode/Collate/Locale/mt.pl
/usr/share/perl/5.32.1/Unicode/Collate/Locale/nb.pl
/usr/share/perl/5.32.1/Unicode/Collate/Locale/nn.pl
/usr/share/perl/5.32.1/Unicode/Collate/Locale/nso.pl
/usr/share/perl/5.32.1/Unicode/Collate/Locale/om.pl
/usr/share/perl/5.32.1/Unicode/Collate/Locale/or.pl
/usr/share/perl/5.32.1/Unicode/Collate/Locale/pa.pl
/usr/share/perl/5.32.1/Unicode/Collate/Locale/pl.pl
/usr/share/perl/5.32.1/Unicode/Collate/Locale/ro.pl
/usr/share/perl/5.32.1/Unicode/Collate/Locale/sa.pl
/usr/share/perl/5.32.1/Unicode/Collate/Locale/se.pl
/usr/share/perl/5.32.1/Unicode/Collate/Locale/si.pl
/usr/share/perl/5.32.1/Unicode/Collate/Locale/si_dict.pl
/usr/share/perl/5.32.1/Unicode/Collate/Locale/sk.pl
/usr/share/perl/5.32.1/Unicode/Collate/Locale/sl.pl
/usr/share/perl/5.32.1/Unicode/Collate/Locale/sq.pl
/usr/share/perl/5.32.1/Unicode/Collate/Locale/sr.pl
/usr/share/perl/5.32.1/Unicode/Collate/Locale/sv.pl
/usr/share/perl/5.32.1/Unicode/Collate/Locale/sv_refo.pl
/usr/share/perl/5.32.1/Unicode/Collate/Locale/ta.pl
/usr/share/perl/5.32.1/Unicode/Collate/Locale/te.pl
/usr/share/perl/5.32.1/Unicode/Collate/Locale/th.pl
/usr/share/perl/5.32.1/Unicode/Collate/Locale/tn.pl
/usr/share/perl/5.32.1/Unicode/Collate/Locale/to.pl
/usr/share/perl/5.32.1/Unicode/Collate/Locale/tr.pl
/usr/share/perl/5.32.1/Unicode/Collate/Locale/ug_cyrl.pl
/usr/share/perl/5.32.1/Unicode/Collate/Locale/uk.pl
/usr/share/perl/5.32.1/Unicode/Collate/Locale/ur.pl
/usr/share/perl/5.32.1/Unicode/Collate/Locale/vi.pl
/usr/share/perl/5.32.1/Unicode/Collate/Locale/vo.pl
/usr/share/perl/5.32.1/Unicode/Collate/Locale/wae.pl
/usr/share/perl/5.32.1/Unicode/Collate/Locale/wo.pl
/usr/share/perl/5.32.1/Unicode/Collate/Locale/yo.pl
/usr/share/perl/5.32.1/Unicode/Collate/Locale/zh.pl
/usr/share/perl/5.32.1/Unicode/Collate/Locale/zh_big5.pl
/usr/share/perl/5.32.1/Unicode/Collate/Locale/zh_gb.pl
/usr/share/perl/5.32.1/Unicode/Collate/Locale/zh_pin.pl
/usr/share/perl/5.32.1/Unicode/Collate/Locale/zh_strk.pl
/usr/share/perl/5.32.1/Unicode/Collate/Locale/zh_zhu.pl
/usr/share/perl/5.32.1/Unicode/Collate/allkeys.txt
/usr/share/perl/5.32.1/Unicode/Collate/keys.txt
/usr/share/perl/5.32.1/Unicode/UCD.pm
/usr/share/perl/5.32.1/User
/usr/share/perl/5.32.1/User/grent.pm
/usr/share/perl/5.32.1/User/pwent.pm
/usr/share/perl/5.32.1/XSLoader.pm
/usr/share/perl/5.32.1/_charnames.pm
/usr/share/perl/5.32.1/autodie
/usr/share/perl/5.32.1/autodie/Scope
/usr/share/perl/5.32.1/autodie/Scope/Guard.pm
/usr/share/perl/5.32.1/autodie/Scope/GuardStack.pm
/usr/share/perl/5.32.1/autodie/Util.pm
/usr/share/perl/5.32.1/autodie/exception
/usr/share/perl/5.32.1/autodie/exception/system.pm
/usr/share/perl/5.32.1/autodie/exception.pm
/usr/share/perl/5.32.1/autodie/hints.pm
/usr/share/perl/5.32.1/autodie/skip.pm
/usr/share/perl/5.32.1/autodie.pm
/usr/share/perl/5.32.1/autouse.pm
/usr/share/perl/5.32.1/base.pm
/usr/share/perl/5.32.1/bigint.pm
/usr/share/perl/5.32.1/bignum.pm
/usr/share/perl/5.32.1/bigrat.pm
/usr/share/perl/5.32.1/blib.pm
/usr/share/perl/5.32.1/bytes.pm
/usr/share/perl/5.32.1/bytes_heavy.pl
/usr/share/perl/5.32.1/charnames.pm
/usr/share/perl/5.32.1/constant.pm
/usr/share/perl/5.32.1/deprecate.pm
/usr/share/perl/5.32.1/diagnostics.pm
/usr/share/perl/5.32.1/dumpvar.pl
/usr/share/perl/5.32.1/encoding
/usr/share/perl/5.32.1/encoding/warnings.pm
/usr/share/perl/5.32.1/experimental.pm
/usr/share/perl/5.32.1/feature.pm
/usr/share/perl/5.32.1/fields.pm
/usr/share/perl/5.32.1/filetest.pm
/usr/share/perl/5.32.1/if.pm
/usr/share/perl/5.32.1/integer.pm
/usr/share/perl/5.32.1/less.pm
/usr/share/perl/5.32.1/locale.pm
/usr/share/perl/5.32.1/meta_notation.pm
/usr/share/perl/5.32.1/ok.pm
/usr/share/perl/5.32.1/open.pm
/usr/share/perl/5.32.1/overload
/usr/share/perl/5.32.1/overload/numbers.pm
/usr/share/perl/5.32.1/overload.pm
/usr/share/perl/5.32.1/overloading.pm
/usr/share/perl/5.32.1/parent.pm
/usr/share/perl/5.32.1/perl5db.pl
/usr/share/perl/5.32.1/perlfaq.pm
/usr/share/perl/5.32.1/pod
/usr/share/perl/5.32.1/pod/perldiag.pod
/usr/share/perl/5.32.1/sigtrap.pm
/usr/share/perl/5.32.1/sort.pm
/usr/share/perl/5.32.1/strict.pm
/usr/share/perl/5.32.1/subs.pm
/usr/share/perl/5.32.1/unicore
/usr/share/perl/5.32.1/unicore/Blocks.txt
/usr/share/perl/5.32.1/unicore/CombiningClass.pl
/usr/share/perl/5.32.1/unicore/Decomposition.pl
/usr/share/perl/5.32.1/unicore/Name.pl
/usr/share/perl/5.32.1/unicore/Name.pm
/usr/share/perl/5.32.1/unicore/NamedSequences.txt
/usr/share/perl/5.32.1/unicore/SpecialCasing.txt
/usr/share/perl/5.32.1/unicore/To
/usr/share/perl/5.32.1/unicore/To/Age.pl
/usr/share/perl/5.32.1/unicore/To/Bc.pl
/usr/share/perl/5.32.1/unicore/To/Bmg.pl
/usr/share/perl/5.32.1/unicore/To/Bpb.pl
/usr/share/perl/5.32.1/unicore/To/Bpt.pl
/usr/share/perl/5.32.1/unicore/To/Cf.pl
/usr/share/perl/5.32.1/unicore/To/Digit.pl
/usr/share/perl/5.32.1/unicore/To/Ea.pl
/usr/share/perl/5.32.1/unicore/To/EqUIdeo.pl
/usr/share/perl/5.32.1/unicore/To/Fold.pl
/usr/share/perl/5.32.1/unicore/To/GCB.pl
/usr/share/perl/5.32.1/unicore/To/Gc.pl
/usr/share/perl/5.32.1/unicore/To/Hst.pl
/usr/share/perl/5.32.1/unicore/To/Identif2.pl
/usr/share/perl/5.32.1/unicore/To/Identifi.pl
/usr/share/perl/5.32.1/unicore/To/InPC.pl
/usr/share/perl/5.32.1/unicore/To/InSC.pl
/usr/share/perl/5.32.1/unicore/To/Isc.pl
/usr/share/perl/5.32.1/unicore/To/Jg.pl
/usr/share/perl/5.32.1/unicore/To/Jt.pl
/usr/share/perl/5.32.1/unicore/To/Lb.pl
/usr/share/perl/5.32.1/unicore/To/Lc.pl
/usr/share/perl/5.32.1/unicore/To/Lower.pl
/usr/share/perl/5.32.1/unicore/To/NFCQC.pl
/usr/share/perl/5.32.1/unicore/To/NFDQC.pl
/usr/share/perl/5.32.1/unicore/To/NFKCCF.pl
/usr/share/perl/5.32.1/unicore/To/NFKCQC.pl
/usr/share/perl/5.32.1/unicore/To/NFKDQC.pl
/usr/share/perl/5.32.1/unicore/To/Na1.pl
/usr/share/perl/5.32.1/unicore/To/NameAlia.pl
/usr/share/perl/5.32.1/unicore/To/Nt.pl
/usr/share/perl/5.32.1/unicore/To/Nv.pl
/usr/share/perl/5.32.1/unicore/To/PerlDeci.pl
/usr/share/perl/5.32.1/unicore/To/SB.pl
/usr/share/perl/5.32.1/unicore/To/Sc.pl
/usr/share/perl/5.32.1/unicore/To/Scx.pl
/usr/share/perl/5.32.1/unicore/To/Tc.pl
/usr/share/perl/5.32.1/unicore/To/Title.pl
/usr/share/perl/5.32.1/unicore/To/Uc.pl
/usr/share/perl/5.32.1/unicore/To/Upper.pl
/usr/share/perl/5.32.1/unicore/To/Vo.pl
/usr/share/perl/5.32.1/unicore/To/WB.pl
/usr/share/perl/5.32.1/unicore/To/_PerlLB.pl
/usr/share/perl/5.32.1/unicore/To/_PerlSCX.pl
/usr/share/perl/5.32.1/unicore/UCD.pl
/usr/share/perl/5.32.1/unicore/lib
/usr/share/perl/5.32.1/unicore/lib/Age
/usr/share/perl/5.32.1/unicore/lib/Age/NA.pl
/usr/share/perl/5.32.1/unicore/lib/Age/V100.pl
/usr/share/perl/5.32.1/unicore/lib/Age/V11.pl
/usr/share/perl/5.32.1/unicore/lib/Age/V110.pl
/usr/share/perl/5.32.1/unicore/lib/Age/V120.pl
/usr/share/perl/5.32.1/unicore/lib/Age/V130.pl
/usr/share/perl/5.32.1/unicore/lib/Age/V20.pl
/usr/share/perl/5.32.1/unicore/lib/Age/V30.pl
/usr/share/perl/5.32.1/unicore/lib/Age/V31.pl
/usr/share/perl/5.32.1/unicore/lib/Age/V32.pl
/usr/share/perl/5.32.1/unicore/lib/Age/V40.pl
/usr/share/perl/5.32.1/unicore/lib/Age/V41.pl
/usr/share/perl/5.32.1/unicore/lib/Age/V50.pl
/usr/share/perl/5.32.1/unicore/lib/Age/V51.pl
/usr/share/perl/5.32.1/unicore/lib/Age/V52.pl
/usr/share/perl/5.32.1/unicore/lib/Age/V60.pl
/usr/share/perl/5.32.1/unicore/lib/Age/V61.pl
/usr/share/perl/5.32.1/unicore/lib/Age/V70.pl
/usr/share/perl/5.32.1/unicore/lib/Age/V80.pl
/usr/share/perl/5.32.1/unicore/lib/Age/V90.pl
/usr/share/perl/5.32.1/unicore/lib/Alpha
/usr/share/perl/5.32.1/unicore/lib/Alpha/Y.pl
/usr/share/perl/5.32.1/unicore/lib/Bc
/usr/share/perl/5.32.1/unicore/lib/Bc/AL.pl
/usr/share/perl/5.32.1/unicore/lib/Bc/AN.pl
/usr/share/perl/5.32.1/unicore/lib/Bc/B.pl
/usr/share/perl/5.32.1/unicore/lib/Bc/BN.pl
/usr/share/perl/5.32.1/unicore/lib/Bc/CS.pl
/usr/share/perl/5.32.1/unicore/lib/Bc/EN.pl
/usr/share/perl/5.32.1/unicore/lib/Bc/ES.pl
/usr/share/perl/5.32.1/unicore/lib/Bc/ET.pl
/usr/share/perl/5.32.1/unicore/lib/Bc/L.pl
/usr/share/perl/5.32.1/unicore/lib/Bc/NSM.pl
/usr/share/perl/5.32.1/unicore/lib/Bc/ON.pl
/usr/share/perl/5.32.1/unicore/lib/Bc/R.pl
/usr/share/perl/5.32.1/unicore/lib/Bc/WS.pl
/usr/share/perl/5.32.1/unicore/lib/BidiC
/usr/share/perl/5.32.1/unicore/lib/BidiC/Y.pl
/usr/share/perl/5.32.1/unicore/lib/BidiM
/usr/share/perl/5.32.1/unicore/lib/BidiM/Y.pl
/usr/share/perl/5.32.1/unicore/lib/Blk
/usr/share/perl/5.32.1/unicore/lib/Blk/NB.pl
/usr/share/perl/5.32.1/unicore/lib/Bpt
/usr/share/perl/5.32.1/unicore/lib/Bpt/C.pl
/usr/share/perl/5.32.1/unicore/lib/Bpt/N.pl
/usr/share/perl/5.32.1/unicore/lib/Bpt/O.pl
/usr/share/perl/5.32.1/unicore/lib/CE
/usr/share/perl/5.32.1/unicore/lib/CE/Y.pl
/usr/share/perl/5.32.1/unicore/lib/CI
/usr/share/perl/5.32.1/unicore/lib/CI/Y.pl
/usr/share/perl/5.32.1/unicore/lib/CWCF
/usr/share/perl/5.32.1/unicore/lib/CWCF/Y.pl
/usr/share/perl/5.32.1/unicore/lib/CWCM
/usr/share/perl/5.32.1/unicore/lib/CWCM/Y.pl
/usr/share/perl/5.32.1/unicore/lib/CWKCF
/usr/share/perl/5.32.1/unicore/lib/CWKCF/Y.pl
/usr/share/perl/5.32.1/unicore/lib/CWL
/usr/share/perl/5.32.1/unicore/lib/CWL/Y.pl
/usr/share/perl/5.32.1/unicore/lib/CWT
/usr/share/perl/5.32.1/unicore/lib/CWT/Y.pl
/usr/share/perl/5.32.1/unicore/lib/CWU
/usr/share/perl/5.32.1/unicore/lib/CWU/Y.pl
/usr/share/perl/5.32.1/unicore/lib/Cased
/usr/share/perl/5.32.1/unicore/lib/Cased/Y.pl
/usr/share/perl/5.32.1/unicore/lib/Ccc
/usr/share/perl/5.32.1/unicore/lib/Ccc/A.pl
/usr/share/perl/5.32.1/unicore/lib/Ccc/AL.pl
/usr/share/perl/5.32.1/unicore/lib/Ccc/AR.pl
/usr/share/perl/5.32.1/unicore/lib/Ccc/ATAR.pl
/usr/share/perl/5.32.1/unicore/lib/Ccc/B.pl
/usr/share/perl/5.32.1/unicore/lib/Ccc/BR.pl
/usr/share/perl/5.32.1/unicore/lib/Ccc/DB.pl
/usr/share/perl/5.32.1/unicore/lib/Ccc/NK.pl
/usr/share/perl/5.32.1/unicore/lib/Ccc/NR.pl
/usr/share/perl/5.32.1/unicore/lib/Ccc/OV.pl
/usr/share/perl/5.32.1/unicore/lib/Ccc/VR.pl
/usr/share/perl/5.32.1/unicore/lib/CompEx
/usr/share/perl/5.32.1/unicore/lib/CompEx/Y.pl
/usr/share/perl/5.32.1/unicore/lib/DI
/usr/share/perl/5.32.1/unicore/lib/DI/Y.pl
/usr/share/perl/5.32.1/unicore/lib/Dash
/usr/share/perl/5.32.1/unicore/lib/Dash/Y.pl
/usr/share/perl/5.32.1/unicore/lib/Dep
/usr/share/perl/5.32.1/unicore/lib/Dep/Y.pl
/usr/share/perl/5.32.1/unicore/lib/Dia
/usr/share/perl/5.32.1/unicore/lib/Dia/Y.pl
/usr/share/perl/5.32.1/unicore/lib/Dt
/usr/share/perl/5.32.1/unicore/lib/Dt/Com.pl
/usr/share/perl/5.32.1/unicore/lib/Dt/Enc.pl
/usr/share/perl/5.32.1/unicore/lib/Dt/Fin.pl
/usr/share/perl/5.32.1/unicore/lib/Dt/Font.pl
/usr/share/perl/5.32.1/unicore/lib/Dt/Init.pl
/usr/share/perl/5.32.1/unicore/lib/Dt/Iso.pl
/usr/share/perl/5.32.1/unicore/lib/Dt/Med.pl
/usr/share/perl/5.32.1/unicore/lib/Dt/Nar.pl
/usr/share/perl/5.32.1/unicore/lib/Dt/Nb.pl
/usr/share/perl/5.32.1/unicore/lib/Dt/NonCanon.pl
/usr/share/perl/5.32.1/unicore/lib/Dt/Sqr.pl
/usr/share/perl/5.32.1/unicore/lib/Dt/Sub.pl
/usr/share/perl/5.32.1/unicore/lib/Dt/Sup.pl
/usr/share/perl/5.32.1/unicore/lib/Dt/Vert.pl
/usr/share/perl/5.32.1/unicore/lib/EBase
/usr/share/perl/5.32.1/unicore/lib/EBase/Y.pl
/usr/share/perl/5.32.1/unicore/lib/EComp
/usr/share/perl/5.32.1/unicore/lib/EComp/Y.pl
/usr/share/perl/5.32.1/unicore/lib/EPres
/usr/share/perl/5.32.1/unicore/lib/EPres/Y.pl
/usr/share/perl/5.32.1/unicore/lib/Ea
/usr/share/perl/5.32.1/unicore/lib/Ea/A.pl
/usr/share/perl/5.32.1/unicore/lib/Ea/H.pl
/usr/share/perl/5.32.1/unicore/lib/Ea/N.pl
/usr/share/perl/5.32.1/unicore/lib/Ea/Na.pl
/usr/share/perl/5.32.1/unicore/lib/Ea/W.pl
/usr/share/perl/5.32.1/unicore/lib/Emoji
/usr/share/perl/5.32.1/unicore/lib/Emoji/Y.pl
/usr/share/perl/5.32.1/unicore/lib/Ext
/usr/share/perl/5.32.1/unicore/lib/Ext/Y.pl
/usr/share/perl/5.32.1/unicore/lib/ExtPict
/usr/share/perl/5.32.1/unicore/lib/ExtPict/Y.pl
/usr/share/perl/5.32.1/unicore/lib/GCB
/usr/share/perl/5.32.1/unicore/lib/GCB/CN.pl
/usr/share/perl/5.32.1/unicore/lib/GCB/EX.pl
/usr/share/perl/5.32.1/unicore/lib/GCB/LV.pl
/usr/share/perl/5.32.1/unicore/lib/GCB/LVT.pl
/usr/share/perl/5.32.1/unicore/lib/GCB/PP.pl
/usr/share/perl/5.32.1/unicore/lib/GCB/SM.pl
/usr/share/perl/5.32.1/unicore/lib/GCB/XX.pl
/usr/share/perl/5.32.1/unicore/lib/Gc
/usr/share/perl/5.32.1/unicore/lib/Gc/C.pl
/usr/share/perl/5.32.1/unicore/lib/Gc/Cf.pl
/usr/share/perl/5.32.1/unicore/lib/Gc/Cn.pl
/usr/share/perl/5.32.1/unicore/lib/Gc/L.pl
/usr/share/perl/5.32.1/unicore/lib/Gc/LC.pl
/usr/share/perl/5.32.1/unicore/lib/Gc/Ll.pl
/usr/share/perl/5.32.1/unicore/lib/Gc/Lm.pl
/usr/share/perl/5.32.1/unicore/lib/Gc/Lo.pl
/usr/share/perl/5.32.1/unicore/lib/Gc/Lu.pl
/usr/share/perl/5.32.1/unicore/lib/Gc/M.pl
/usr/share/perl/5.32.1/unicore/lib/Gc/Mc.pl
/usr/share/perl/5.32.1/unicore/lib/Gc/Me.pl
/usr/share/perl/5.32.1/unicore/lib/Gc/Mn.pl
/usr/share/perl/5.32.1/unicore/lib/Gc/N.pl
/usr/share/perl/5.32.1/unicore/lib/Gc/Nd.pl
/usr/share/perl/5.32.1/unicore/lib/Gc/Nl.pl
/usr/share/perl/5.32.1/unicore/lib/Gc/No.pl
/usr/share/perl/5.32.1/unicore/lib/Gc/P.pl
/usr/share/perl/5.32.1/unicore/lib/Gc/Pc.pl
/usr/share/perl/5.32.1/unicore/lib/Gc/Pd.pl
/usr/share/perl/5.32.1/unicore/lib/Gc/Pe.pl
/usr/share/perl/5.32.1/unicore/lib/Gc/Pf.pl
/usr/share/perl/5.32.1/unicore/lib/Gc/Pi.pl
/usr/share/perl/5.32.1/unicore/lib/Gc/Po.pl
/usr/share/perl/5.32.1/unicore/lib/Gc/Ps.pl
/usr/share/perl/5.32.1/unicore/lib/Gc/S.pl
/usr/share/perl/5.32.1/unicore/lib/Gc/Sc.pl
/usr/share/perl/5.32.1/unicore/lib/Gc/Sk.pl
/usr/share/perl/5.32.1/unicore/lib/Gc/Sm.pl
/usr/share/perl/5.32.1/unicore/lib/Gc/So.pl
/usr/share/perl/5.32.1/unicore/lib/Gc/Z.pl
/usr/share/perl/5.32.1/unicore/lib/Gc/Zs.pl
/usr/share/perl/5.32.1/unicore/lib/GrBase
/usr/share/perl/5.32.1/unicore/lib/GrBase/Y.pl
/usr/share/perl/5.32.1/unicore/lib/GrExt
/usr/share/perl/5.32.1/unicore/lib/GrExt/Y.pl
/usr/share/perl/5.32.1/unicore/lib/Hex
/usr/share/perl/5.32.1/unicore/lib/Hex/Y.pl
/usr/share/perl/5.32.1/unicore/lib/Hst
/usr/share/perl/5.32.1/unicore/lib/Hst/NA.pl
/usr/share/perl/5.32.1/unicore/lib/Hyphen
/usr/share/perl/5.32.1/unicore/lib/Hyphen/T.pl
/usr/share/perl/5.32.1/unicore/lib/IDC
/usr/share/perl/5.32.1/unicore/lib/IDC/Y.pl
/usr/share/perl/5.32.1/unicore/lib/IDS
/usr/share/perl/5.32.1/unicore/lib/IDS/Y.pl
/usr/share/perl/5.32.1/unicore/lib/IdStatus
/usr/share/perl/5.32.1/unicore/lib/IdStatus/Allowed.pl
/usr/share/perl/5.32.1/unicore/lib/IdStatus/Restrict.pl
/usr/share/perl/5.32.1/unicore/lib/IdType
/usr/share/perl/5.32.1/unicore/lib/IdType/DefaultI.pl
/usr/share/perl/5.32.1/unicore/lib/IdType/Exclusio.pl
/usr/share/perl/5.32.1/unicore/lib/IdType/Inclusio.pl
/usr/share/perl/5.32.1/unicore/lib/IdType/LimitedU.pl
/usr/share/perl/5.32.1/unicore/lib/IdType/NotChara.pl
/usr/share/perl/5.32.1/unicore/lib/IdType/NotNFKC.pl
/usr/share/perl/5.32.1/unicore/lib/IdType/NotXID.pl
/usr/share/perl/5.32.1/unicore/lib/IdType/Obsolete.pl
/usr/share/perl/5.32.1/unicore/lib/IdType/Recommen.pl
/usr/share/perl/5.32.1/unicore/lib/IdType/Technica.pl
/usr/share/perl/5.32.1/unicore/lib/IdType/Uncommon.pl
/usr/share/perl/5.32.1/unicore/lib/Ideo
/usr/share/perl/5.32.1/unicore/lib/Ideo/Y.pl
/usr/share/perl/5.32.1/unicore/lib/In
/usr/share/perl/5.32.1/unicore/lib/In/10_0.pl
/usr/share/perl/5.32.1/unicore/lib/In/11_0.pl
/usr/share/perl/5.32.1/unicore/lib/In/12_0.pl
/usr/share/perl/5.32.1/unicore/lib/In/12_1.pl
/usr/share/perl/5.32.1/unicore/lib/In/13_0.pl
/usr/share/perl/5.32.1/unicore/lib/In/2_0.pl
/usr/share/perl/5.32.1/unicore/lib/In/2_1.pl
/usr/share/perl/5.32.1/unicore/lib/In/3_0.pl
/usr/share/perl/5.32.1/unicore/lib/In/3_1.pl
/usr/share/perl/5.32.1/unicore/lib/In/3_2.pl
/usr/share/perl/5.32.1/unicore/lib/In/4_0.pl
/usr/share/perl/5.32.1/unicore/lib/In/4_1.pl
/usr/share/perl/5.32.1/unicore/lib/In/5_0.pl
/usr/share/perl/5.32.1/unicore/lib/In/5_1.pl
/usr/share/perl/5.32.1/unicore/lib/In/5_2.pl
/usr/share/perl/5.32.1/unicore/lib/In/6_0.pl
/usr/share/perl/5.32.1/unicore/lib/In/6_1.pl
/usr/share/perl/5.32.1/unicore/lib/In/6_2.pl
/usr/share/perl/5.32.1/unicore/lib/In/6_3.pl
/usr/share/perl/5.32.1/unicore/lib/In/7_0.pl
/usr/share/perl/5.32.1/unicore/lib/In/8_0.pl
/usr/share/perl/5.32.1/unicore/lib/In/9_0.pl
/usr/share/perl/5.32.1/unicore/lib/InPC
/usr/share/perl/5.32.1/unicore/lib/InPC/Bottom.pl
/usr/share/perl/5.32.1/unicore/lib/InPC/BottomAn.pl
/usr/share/perl/5.32.1/unicore/lib/InPC/Left.pl
/usr/share/perl/5.32.1/unicore/lib/InPC/LeftAndR.pl
/usr/share/perl/5.32.1/unicore/lib/InPC/NA.pl
/usr/share/perl/5.32.1/unicore/lib/InPC/Overstru.pl
/usr/share/perl/5.32.1/unicore/lib/InPC/Right.pl
/usr/share/perl/5.32.1/unicore/lib/InPC/Top.pl
/usr/share/perl/5.32.1/unicore/lib/InPC/TopAndBo.pl
/usr/share/perl/5.32.1/unicore/lib/InPC/TopAndL2.pl
/usr/share/perl/5.32.1/unicore/lib/InPC/TopAndLe.pl
/usr/share/perl/5.32.1/unicore/lib/InPC/TopAndRi.pl
/usr/share/perl/5.32.1/unicore/lib/InPC/VisualOr.pl
/usr/share/perl/5.32.1/unicore/lib/InSC
/usr/share/perl/5.32.1/unicore/lib/InSC/Avagraha.pl
/usr/share/perl/5.32.1/unicore/lib/InSC/Bindu.pl
/usr/share/perl/5.32.1/unicore/lib/InSC/Cantilla.pl
/usr/share/perl/5.32.1/unicore/lib/InSC/Consona2.pl
/usr/share/perl/5.32.1/unicore/lib/InSC/Consona3.pl
/usr/share/perl/5.32.1/unicore/lib/InSC/Consona4.pl
/usr/share/perl/5.32.1/unicore/lib/InSC/Consona5.pl
/usr/share/perl/5.32.1/unicore/lib/InSC/Consona6.pl
/usr/share/perl/5.32.1/unicore/lib/InSC/Consona7.pl
/usr/share/perl/5.32.1/unicore/lib/InSC/Consona8.pl
/usr/share/perl/5.32.1/unicore/lib/InSC/Consona9.pl
/usr/share/perl/5.32.1/unicore/lib/InSC/Consonan.pl
/usr/share/perl/5.32.1/unicore/lib/InSC/Invisibl.pl
/usr/share/perl/5.32.1/unicore/lib/InSC/Nukta.pl
/usr/share/perl/5.32.1/unicore/lib/InSC/Number.pl
/usr/share/perl/5.32.1/unicore/lib/InSC/Other.pl
/usr/share/perl/5.32.1/unicore/lib/InSC/PureKill.pl
/usr/share/perl/5.32.1/unicore/lib/InSC/Syllable.pl
/usr/share/perl/5.32.1/unicore/lib/InSC/ToneMark.pl
/usr/share/perl/5.32.1/unicore/lib/InSC/Virama.pl
/usr/share/perl/5.32.1/unicore/lib/InSC/Visarga.pl
/usr/share/perl/5.32.1/unicore/lib/InSC/Vowel.pl
/usr/share/perl/5.32.1/unicore/lib/InSC/VowelDep.pl
/usr/share/perl/5.32.1/unicore/lib/InSC/VowelInd.pl
/usr/share/perl/5.32.1/unicore/lib/Jg
/usr/share/perl/5.32.1/unicore/lib/Jg/Ain.pl
/usr/share/perl/5.32.1/unicore/lib/Jg/Alef.pl
/usr/share/perl/5.32.1/unicore/lib/Jg/Beh.pl
/usr/share/perl/5.32.1/unicore/lib/Jg/Dal.pl
/usr/share/perl/5.32.1/unicore/lib/Jg/FarsiYeh.pl
/usr/share/perl/5.32.1/unicore/lib/Jg/Feh.pl
/usr/share/perl/5.32.1/unicore/lib/Jg/Gaf.pl
/usr/share/perl/5.32.1/unicore/lib/Jg/Hah.pl
/usr/share/perl/5.32.1/unicore/lib/Jg/HanifiRo.pl
/usr/share/perl/5.32.1/unicore/lib/Jg/Kaf.pl
/usr/share/perl/5.32.1/unicore/lib/Jg/Lam.pl
/usr/share/perl/5.32.1/unicore/lib/Jg/NoJoinin.pl
/usr/share/perl/5.32.1/unicore/lib/Jg/Qaf.pl
/usr/share/perl/5.32.1/unicore/lib/Jg/Reh.pl
/usr/share/perl/5.32.1/unicore/lib/Jg/Sad.pl
/usr/share/perl/5.32.1/unicore/lib/Jg/Seen.pl
/usr/share/perl/5.32.1/unicore/lib/Jg/Waw.pl
/usr/share/perl/5.32.1/unicore/lib/Jg/Yeh.pl
/usr/share/perl/5.32.1/unicore/lib/Jt
/usr/share/perl/5.32.1/unicore/lib/Jt/C.pl
/usr/share/perl/5.32.1/unicore/lib/Jt/D.pl
/usr/share/perl/5.32.1/unicore/lib/Jt/L.pl
/usr/share/perl/5.32.1/unicore/lib/Jt/R.pl
/usr/share/perl/5.32.1/unicore/lib/Jt/T.pl
/usr/share/perl/5.32.1/unicore/lib/Jt/U.pl
/usr/share/perl/5.32.1/unicore/lib/Lb
/usr/share/perl/5.32.1/unicore/lib/Lb/AI.pl
/usr/share/perl/5.32.1/unicore/lib/Lb/AL.pl
/usr/share/perl/5.32.1/unicore/lib/Lb/BA.pl
/usr/share/perl/5.32.1/unicore/lib/Lb/BB.pl
/usr/share/perl/5.32.1/unicore/lib/Lb/CJ.pl
/usr/share/perl/5.32.1/unicore/lib/Lb/CL.pl
/usr/share/perl/5.32.1/unicore/lib/Lb/CM.pl
/usr/share/perl/5.32.1/unicore/lib/Lb/EX.pl
/usr/share/perl/5.32.1/unicore/lib/Lb/GL.pl
/usr/share/perl/5.32.1/unicore/lib/Lb/ID.pl
/usr/share/perl/5.32.1/unicore/lib/Lb/IN.pl
/usr/share/perl/5.32.1/unicore/lib/Lb/IS.pl
/usr/share/perl/5.32.1/unicore/lib/Lb/NS.pl
/usr/share/perl/5.32.1/unicore/lib/Lb/NU.pl
/usr/share/perl/5.32.1/unicore/lib/Lb/OP.pl
/usr/share/perl/5.32.1/unicore/lib/Lb/PO.pl
/usr/share/perl/5.32.1/unicore/lib/Lb/PR.pl
/usr/share/perl/5.32.1/unicore/lib/Lb/QU.pl
/usr/share/perl/5.32.1/unicore/lib/Lb/SA.pl
/usr/share/perl/5.32.1/unicore/lib/Lb/XX.pl
/usr/share/perl/5.32.1/unicore/lib/Lower
/usr/share/perl/5.32.1/unicore/lib/Lower/Y.pl
/usr/share/perl/5.32.1/unicore/lib/Math
/usr/share/perl/5.32.1/unicore/lib/Math/Y.pl
/usr/share/perl/5.32.1/unicore/lib/NFCQC
/usr/share/perl/5.32.1/unicore/lib/NFCQC/M.pl
/usr/share/perl/5.32.1/unicore/lib/NFCQC/Y.pl
/usr/share/perl/5.32.1/unicore/lib/NFDQC
/usr/share/perl/5.32.1/unicore/lib/NFDQC/N.pl
/usr/share/perl/5.32.1/unicore/lib/NFDQC/Y.pl
/usr/share/perl/5.32.1/unicore/lib/NFKCQC
/usr/share/perl/5.32.1/unicore/lib/NFKCQC/N.pl
/usr/share/perl/5.32.1/unicore/lib/NFKCQC/Y.pl
/usr/share/perl/5.32.1/unicore/lib/NFKDQC
/usr/share/perl/5.32.1/unicore/lib/NFKDQC/N.pl
/usr/share/perl/5.32.1/unicore/lib/NFKDQC/Y.pl
/usr/share/perl/5.32.1/unicore/lib/Nt
/usr/share/perl/5.32.1/unicore/lib/Nt/Di.pl
/usr/share/perl/5.32.1/unicore/lib/Nt/None.pl
/usr/share/perl/5.32.1/unicore/lib/Nt/Nu.pl
/usr/share/perl/5.32.1/unicore/lib/Nv
/usr/share/perl/5.32.1/unicore/lib/Nv/0.pl
/usr/share/perl/5.32.1/unicore/lib/Nv/1.pl
/usr/share/perl/5.32.1/unicore/lib/Nv/10.pl
/usr/share/perl/5.32.1/unicore/lib/Nv/100.pl
/usr/share/perl/5.32.1/unicore/lib/Nv/1000.pl
/usr/share/perl/5.32.1/unicore/lib/Nv/10000.pl
/usr/share/perl/5.32.1/unicore/lib/Nv/100000.pl
/usr/share/perl/5.32.1/unicore/lib/Nv/11.pl
/usr/share/perl/5.32.1/unicore/lib/Nv/12.pl
/usr/share/perl/5.32.1/unicore/lib/Nv/13.pl
/usr/share/perl/5.32.1/unicore/lib/Nv/14.pl
/usr/share/perl/5.32.1/unicore/lib/Nv/15.pl
/usr/share/perl/5.32.1/unicore/lib/Nv/16.pl
/usr/share/perl/5.32.1/unicore/lib/Nv/17.pl
/usr/share/perl/5.32.1/unicore/lib/Nv/18.pl
/usr/share/perl/5.32.1/unicore/lib/Nv/19.pl
/usr/share/perl/5.32.1/unicore/lib/Nv/1_16.pl
/usr/share/perl/5.32.1/unicore/lib/Nv/1_2.pl
/usr/share/perl/5.32.1/unicore/lib/Nv/1_3.pl
/usr/share/perl/5.32.1/unicore/lib/Nv/1_4.pl
/usr/share/perl/5.32.1/unicore/lib/Nv/1_6.pl
/usr/share/perl/5.32.1/unicore/lib/Nv/1_8.pl
/usr/share/perl/5.32.1/unicore/lib/Nv/2.pl
/usr/share/perl/5.32.1/unicore/lib/Nv/20.pl
/usr/share/perl/5.32.1/unicore/lib/Nv/200.pl
/usr/share/perl/5.32.1/unicore/lib/Nv/2000.pl
/usr/share/perl/5.32.1/unicore/lib/Nv/20000.pl
/usr/share/perl/5.32.1/unicore/lib/Nv/2_3.pl
/usr/share/perl/5.32.1/unicore/lib/Nv/3.pl
/usr/share/perl/5.32.1/unicore/lib/Nv/30.pl
/usr/share/perl/5.32.1/unicore/lib/Nv/300.pl
/usr/share/perl/5.32.1/unicore/lib/Nv/3000.pl
/usr/share/perl/5.32.1/unicore/lib/Nv/30000.pl
/usr/share/perl/5.32.1/unicore/lib/Nv/3_16.pl
/usr/share/perl/5.32.1/unicore/lib/Nv/3_4.pl
/usr/share/perl/5.32.1/unicore/lib/Nv/4.pl
/usr/share/perl/5.32.1/unicore/lib/Nv/40.pl
/usr/share/perl/5.32.1/unicore/lib/Nv/400.pl
/usr/share/perl/5.32.1/unicore/lib/Nv/4000.pl
/usr/share/perl/5.32.1/unicore/lib/Nv/40000.pl
/usr/share/perl/5.32.1/unicore/lib/Nv/5.pl
/usr/share/perl/5.32.1/unicore/lib/Nv/50.pl
/usr/share/perl/5.32.1/unicore/lib/Nv/500.pl
/usr/share/perl/5.32.1/unicore/lib/Nv/5000.pl
/usr/share/perl/5.32.1/unicore/lib/Nv/50000.pl
/usr/share/perl/5.32.1/unicore/lib/Nv/6.pl
/usr/share/perl/5.32.1/unicore/lib/Nv/60.pl
/usr/share/perl/5.32.1/unicore/lib/Nv/600.pl
/usr/share/perl/5.32.1/unicore/lib/Nv/6000.pl
/usr/share/perl/5.32.1/unicore/lib/Nv/60000.pl
/usr/share/perl/5.32.1/unicore/lib/Nv/7.pl
/usr/share/perl/5.32.1/unicore/lib/Nv/70.pl
/usr/share/perl/5.32.1/unicore/lib/Nv/700.pl
/usr/share/perl/5.32.1/unicore/lib/Nv/7000.pl
/usr/share/perl/5.32.1/unicore/lib/Nv/70000.pl
/usr/share/perl/5.32.1/unicore/lib/Nv/8.pl
/usr/share/perl/5.32.1/unicore/lib/Nv/80.pl
/usr/share/perl/5.32.1/unicore/lib/Nv/800.pl
/usr/share/perl/5.32.1/unicore/lib/Nv/8000.pl
/usr/share/perl/5.32.1/unicore/lib/Nv/80000.pl
/usr/share/perl/5.32.1/unicore/lib/Nv/9.pl
/usr/share/perl/5.32.1/unicore/lib/Nv/90.pl
/usr/share/perl/5.32.1/unicore/lib/Nv/900.pl
/usr/share/perl/5.32.1/unicore/lib/Nv/9000.pl
/usr/share/perl/5.32.1/unicore/lib/Nv/90000.pl
/usr/share/perl/5.32.1/unicore/lib/PCM
/usr/share/perl/5.32.1/unicore/lib/PCM/Y.pl
/usr/share/perl/5.32.1/unicore/lib/PatSyn
/usr/share/perl/5.32.1/unicore/lib/PatSyn/Y.pl
/usr/share/perl/5.32.1/unicore/lib/Perl
/usr/share/perl/5.32.1/unicore/lib/Perl/Alnum.pl
/usr/share/perl/5.32.1/unicore/lib/Perl/Assigned.pl
/usr/share/perl/5.32.1/unicore/lib/Perl/Blank.pl
/usr/share/perl/5.32.1/unicore/lib/Perl/Graph.pl
/usr/share/perl/5.32.1/unicore/lib/Perl/PerlWord.pl
/usr/share/perl/5.32.1/unicore/lib/Perl/PosixPun.pl
/usr/share/perl/5.32.1/unicore/lib/Perl/Print.pl
/usr/share/perl/5.32.1/unicore/lib/Perl/SpacePer.pl
/usr/share/perl/5.32.1/unicore/lib/Perl/Title.pl
/usr/share/perl/5.32.1/unicore/lib/Perl/Word.pl
/usr/share/perl/5.32.1/unicore/lib/Perl/XPosixPu.pl
/usr/share/perl/5.32.1/unicore/lib/Perl/_PerlAny.pl
/usr/share/perl/5.32.1/unicore/lib/Perl/_PerlCh2.pl
/usr/share/perl/5.32.1/unicore/lib/Perl/_PerlCha.pl
/usr/share/perl/5.32.1/unicore/lib/Perl/_PerlFol.pl
/usr/share/perl/5.32.1/unicore/lib/Perl/_PerlIDC.pl
/usr/share/perl/5.32.1/unicore/lib/Perl/_PerlIDS.pl
/usr/share/perl/5.32.1/unicore/lib/Perl/_PerlIsI.pl
/usr/share/perl/5.32.1/unicore/lib/Perl/_PerlNch.pl
/usr/share/perl/5.32.1/unicore/lib/Perl/_PerlPat.pl
/usr/share/perl/5.32.1/unicore/lib/Perl/_PerlPr2.pl
/usr/share/perl/5.32.1/unicore/lib/Perl/_PerlPro.pl
/usr/share/perl/5.32.1/unicore/lib/Perl/_PerlQuo.pl
/usr/share/perl/5.32.1/unicore/lib/QMark
/usr/share/perl/5.32.1/unicore/lib/QMark/Y.pl
/usr/share/perl/5.32.1/unicore/lib/SB
/usr/share/perl/5.32.1/unicore/lib/SB/AT.pl
/usr/share/perl/5.32.1/unicore/lib/SB/CL.pl
/usr/share/perl/5.32.1/unicore/lib/SB/EX.pl
/usr/share/perl/5.32.1/unicore/lib/SB/FO.pl
/usr/share/perl/5.32.1/unicore/lib/SB/LE.pl
/usr/share/perl/5.32.1/unicore/lib/SB/LO.pl
/usr/share/perl/5.32.1/unicore/lib/SB/NU.pl
/usr/share/perl/5.32.1/unicore/lib/SB/SC.pl
/usr/share/perl/5.32.1/unicore/lib/SB/ST.pl
/usr/share/perl/5.32.1/unicore/lib/SB/Sp.pl
/usr/share/perl/5.32.1/unicore/lib/SB/UP.pl
/usr/share/perl/5.32.1/unicore/lib/SB/XX.pl
/usr/share/perl/5.32.1/unicore/lib/SD
/usr/share/perl/5.32.1/unicore/lib/SD/Y.pl
/usr/share/perl/5.32.1/unicore/lib/STerm
/usr/share/perl/5.32.1/unicore/lib/STerm/Y.pl
/usr/share/perl/5.32.1/unicore/lib/Sc
/usr/share/perl/5.32.1/unicore/lib/Sc/Arab.pl
/usr/share/perl/5.32.1/unicore/lib/Sc/Beng.pl
/usr/share/perl/5.32.1/unicore/lib/Sc/Cprt.pl
/usr/share/perl/5.32.1/unicore/lib/Sc/Cyrl.pl
/usr/share/perl/5.32.1/unicore/lib/Sc/Deva.pl
/usr/share/perl/5.32.1/unicore/lib/Sc/Dupl.pl
/usr/share/perl/5.32.1/unicore/lib/Sc/Geor.pl
/usr/share/perl/5.32.1/unicore/lib/Sc/Glag.pl
/usr/share/perl/5.32.1/unicore/lib/Sc/Gong.pl
/usr/share/perl/5.32.1/unicore/lib/Sc/Gonm.pl
/usr/share/perl/5.32.1/unicore/lib/Sc/Gran.pl
/usr/share/perl/5.32.1/unicore/lib/Sc/Grek.pl
/usr/share/perl/5.32.1/unicore/lib/Sc/Gujr.pl
/usr/share/perl/5.32.1/unicore/lib/Sc/Guru.pl
/usr/share/perl/5.32.1/unicore/lib/Sc/Han.pl
/usr/share/perl/5.32.1/unicore/lib/Sc/Hang.pl
/usr/share/perl/5.32.1/unicore/lib/Sc/Hira.pl
/usr/share/perl/5.32.1/unicore/lib/Sc/Kana.pl
/usr/share/perl/5.32.1/unicore/lib/Sc/Knda.pl
/usr/share/perl/5.32.1/unicore/lib/Sc/Latn.pl
/usr/share/perl/5.32.1/unicore/lib/Sc/Limb.pl
/usr/share/perl/5.32.1/unicore/lib/Sc/Linb.pl
/usr/share/perl/5.32.1/unicore/lib/Sc/Mlym.pl
/usr/share/perl/5.32.1/unicore/lib/Sc/Mong.pl
/usr/share/perl/5.32.1/unicore/lib/Sc/Mult.pl
/usr/share/perl/5.32.1/unicore/lib/Sc/Orya.pl
/usr/share/perl/5.32.1/unicore/lib/Sc/Sinh.pl
/usr/share/perl/5.32.1/unicore/lib/Sc/Syrc.pl
/usr/share/perl/5.32.1/unicore/lib/Sc/Taml.pl
/usr/share/perl/5.32.1/unicore/lib/Sc/Telu.pl
/usr/share/perl/5.32.1/unicore/lib/Sc/Zinh.pl
/usr/share/perl/5.32.1/unicore/lib/Sc/Zyyy.pl
/usr/share/perl/5.32.1/unicore/lib/Scx
/usr/share/perl/5.32.1/unicore/lib/Scx/Adlm.pl
/usr/share/perl/5.32.1/unicore/lib/Scx/Arab.pl
/usr/share/perl/5.32.1/unicore/lib/Scx/Armn.pl
/usr/share/perl/5.32.1/unicore/lib/Scx/Beng.pl
/usr/share/perl/5.32.1/unicore/lib/Scx/Bhks.pl
/usr/share/perl/5.32.1/unicore/lib/Scx/Bopo.pl
/usr/share/perl/5.32.1/unicore/lib/Scx/Cakm.pl
/usr/share/perl/5.32.1/unicore/lib/Scx/Cham.pl
/usr/share/perl/5.32.1/unicore/lib/Scx/Copt.pl
/usr/share/perl/5.32.1/unicore/lib/Scx/Cprt.pl
/usr/share/perl/5.32.1/unicore/lib/Scx/Cyrl.pl
/usr/share/perl/5.32.1/unicore/lib/Scx/Deva.pl
/usr/share/perl/5.32.1/unicore/lib/Scx/Diak.pl
/usr/share/perl/5.32.1/unicore/lib/Scx/Dupl.pl
/usr/share/perl/5.32.1/unicore/lib/Scx/Ethi.pl
/usr/share/perl/5.32.1/unicore/lib/Scx/Geor.pl
/usr/share/perl/5.32.1/unicore/lib/Scx/Glag.pl
/usr/share/perl/5.32.1/unicore/lib/Scx/Gong.pl
/usr/share/perl/5.32.1/unicore/lib/Scx/Gonm.pl
/usr/share/perl/5.32.1/unicore/lib/Scx/Gran.pl
/usr/share/perl/5.32.1/unicore/lib/Scx/Grek.pl
/usr/share/perl/5.32.1/unicore/lib/Scx/Gujr.pl
/usr/share/perl/5.32.1/unicore/lib/Scx/Guru.pl
/usr/share/perl/5.32.1/unicore/lib/Scx/Han.pl
/usr/share/perl/5.32.1/unicore/lib/Scx/Hang.pl
/usr/share/perl/5.32.1/unicore/lib/Scx/Hebr.pl
/usr/share/perl/5.32.1/unicore/lib/Scx/Hira.pl
/usr/share/perl/5.32.1/unicore/lib/Scx/Hmng.pl
/usr/share/perl/5.32.1/unicore/lib/Scx/Hmnp.pl
/usr/share/perl/5.32.1/unicore/lib/Scx/Kana.pl
/usr/share/perl/5.32.1/unicore/lib/Scx/Khar.pl
/usr/share/perl/5.32.1/unicore/lib/Scx/Khmr.pl
/usr/share/perl/5.32.1/unicore/lib/Scx/Khoj.pl
/usr/share/perl/5.32.1/unicore/lib/Scx/Knda.pl
/usr/share/perl/5.32.1/unicore/lib/Scx/Kthi.pl
/usr/share/perl/5.32.1/unicore/lib/Scx/Lana.pl
/usr/share/perl/5.32.1/unicore/lib/Scx/Lao.pl
/usr/share/perl/5.32.1/unicore/lib/Scx/Latn.pl
/usr/share/perl/5.32.1/unicore/lib/Scx/Limb.pl
/usr/share/perl/5.32.1/unicore/lib/Scx/Lina.pl
/usr/share/perl/5.32.1/unicore/lib/Scx/Linb.pl
/usr/share/perl/5.32.1/unicore/lib/Scx/Mlym.pl
/usr/share/perl/5.32.1/unicore/lib/Scx/Mong.pl
/usr/share/perl/5.32.1/unicore/lib/Scx/Mult.pl
/usr/share/perl/5.32.1/unicore/lib/Scx/Mymr.pl
/usr/share/perl/5.32.1/unicore/lib/Scx/Nand.pl
/usr/share/perl/5.32.1/unicore/lib/Scx/Orya.pl
/usr/share/perl/5.32.1/unicore/lib/Scx/Phlp.pl
/usr/share/perl/5.32.1/unicore/lib/Scx/Rohg.pl
/usr/share/perl/5.32.1/unicore/lib/Scx/Shrd.pl
/usr/share/perl/5.32.1/unicore/lib/Scx/Sind.pl
/usr/share/perl/5.32.1/unicore/lib/Scx/Sinh.pl
/usr/share/perl/5.32.1/unicore/lib/Scx/Syrc.pl
/usr/share/perl/5.32.1/unicore/lib/Scx/Tagb.pl
/usr/share/perl/5.32.1/unicore/lib/Scx/Takr.pl
/usr/share/perl/5.32.1/unicore/lib/Scx/Talu.pl
/usr/share/perl/5.32.1/unicore/lib/Scx/Taml.pl
/usr/share/perl/5.32.1/unicore/lib/Scx/Tang.pl
/usr/share/perl/5.32.1/unicore/lib/Scx/Telu.pl
/usr/share/perl/5.32.1/unicore/lib/Scx/Thaa.pl
/usr/share/perl/5.32.1/unicore/lib/Scx/Tibt.pl
/usr/share/perl/5.32.1/unicore/lib/Scx/Tirh.pl
/usr/share/perl/5.32.1/unicore/lib/Scx/Xsux.pl
/usr/share/perl/5.32.1/unicore/lib/Scx/Yezi.pl
/usr/share/perl/5.32.1/unicore/lib/Scx/Yi.pl
/usr/share/perl/5.32.1/unicore/lib/Scx/Zinh.pl
/usr/share/perl/5.32.1/unicore/lib/Scx/Zyyy.pl
/usr/share/perl/5.32.1/unicore/lib/Scx/Zzzz.pl
/usr/share/perl/5.32.1/unicore/lib/Term
/usr/share/perl/5.32.1/unicore/lib/Term/Y.pl
/usr/share/perl/5.32.1/unicore/lib/UIdeo
/usr/share/perl/5.32.1/unicore/lib/UIdeo/Y.pl
/usr/share/perl/5.32.1/unicore/lib/Upper
/usr/share/perl/5.32.1/unicore/lib/Upper/Y.pl
/usr/share/perl/5.32.1/unicore/lib/Vo
/usr/share/perl/5.32.1/unicore/lib/Vo/R.pl
/usr/share/perl/5.32.1/unicore/lib/Vo/Tr.pl
/usr/share/perl/5.32.1/unicore/lib/Vo/Tu.pl
/usr/share/perl/5.32.1/unicore/lib/Vo/U.pl
/usr/share/perl/5.32.1/unicore/lib/WB
/usr/share/perl/5.32.1/unicore/lib/WB/EX.pl
/usr/share/perl/5.32.1/unicore/lib/WB/Extend.pl
/usr/share/perl/5.32.1/unicore/lib/WB/FO.pl
/usr/share/perl/5.32.1/unicore/lib/WB/HL.pl
/usr/share/perl/5.32.1/unicore/lib/WB/KA.pl
/usr/share/perl/5.32.1/unicore/lib/WB/LE.pl
/usr/share/perl/5.32.1/unicore/lib/WB/MB.pl
/usr/share/perl/5.32.1/unicore/lib/WB/ML.pl
/usr/share/perl/5.32.1/unicore/lib/WB/MN.pl
/usr/share/perl/5.32.1/unicore/lib/WB/NU.pl
/usr/share/perl/5.32.1/unicore/lib/WB/WSegSpac.pl
/usr/share/perl/5.32.1/unicore/lib/WB/XX.pl
/usr/share/perl/5.32.1/unicore/lib/XIDC
/usr/share/perl/5.32.1/unicore/lib/XIDC/Y.pl
/usr/share/perl/5.32.1/unicore/lib/XIDS
/usr/share/perl/5.32.1/unicore/lib/XIDS/Y.pl
/usr/share/perl/5.32.1/unicore/uni_keywords.pl
/usr/share/perl/5.32.1/unicore/version
/usr/share/perl/5.32.1/utf8.pm
/usr/share/perl/5.32.1/vars.pm
/usr/share/perl/5.32.1/version
/usr/share/perl/5.32.1/version/Internals.pod
/usr/share/perl/5.32.1/version/regex.pm
/usr/share/perl/5.32.1/version.pm
/usr/share/perl/5.32.1/version.pod
/usr/share/perl/5.32.1/vmsish.pm
/usr/share/perl/5.32.1/warnings
/usr/share/perl/5.32.1/warnings/register.pm
/usr/share/perl/5.32.1/warnings.pm
/usr/share/perl/5.32

dpkg -L postgresql-client-common
/.
/etc
/etc/postgresql-common
/etc/postgresql-common/user_clusters
/usr
/usr/bin
/usr/share
/usr/share/doc
/usr/share/doc/postgresql-client-common
/usr/share/doc/postgresql-client-common/changelog.gz
/usr/share/doc/postgresql-client-common/copyright
/usr/share/lintian
/usr/share/lintian/overrides
/usr/share/lintian/overrides/postgresql-client-common
/usr/share/man
/usr/share/man/man1
/usr/share/man/man1/pg_wrapper.1.gz
/usr/share/man/man5
/usr/share/man/man5/postgresqlrc.5.gz
/usr/share/man/man5/user_clusters.5.gz
/usr/share/man/man7
/usr/share/perl5
/usr/share/perl5/PgCommon.pm
/usr/share/postgresql-common
/usr/share/postgresql-common/maintscripts-functions
/usr/share/postgresql-common/pg_wrapper
/usr/share/postgresql-common/pgdg
/usr/share/postgresql-common/pgdg/apt.postgresql.org.asc
/usr/share/postgresql-common/pgdg/apt.postgresql.org.gpg
/usr/share/postgresql-common/pgdg/apt.postgresql.org.sh
/usr/bin/clusterdb
/usr/bin/createdb
/usr/bin/createlang
/usr/bin/createuser
/usr/bin/dropdb
/usr/bin/droplang
/usr/bin/dropuser
/usr/bin/pg_basebackup
/usr/bin/pg_dump
/usr/bin/pg_dumpall
/usr/bin/pg_isready
/usr/bin/pg_receivewal
/usr/bin/pg_receivexlog
/usr/bin/pg_recvlogical
/usr/bin/pg_restore
/usr/bin/pgbench
/usr/bin/psql
/usr/bin/reindexdb
/usr/bin/vacuumdb
/usr/bin/vacuumlo
/usr/share/man/man7/postgresql-common.7.gz

dpkg -L postgresql-common-dev
/.
/etc
/etc/postgresql-common
/etc/postgresql-common/supported_versions
/usr
/usr/bin
/usr/bin/dh_make_pgxs
/usr/bin/dh_pgxs_test
/usr/bin/pg_buildext
/usr/share
/usr/share/doc
/usr/share/doc/postgresql-common-dev
/usr/share/doc/postgresql-common-dev/changelog.gz
/usr/share/doc/postgresql-common-dev/copyright
/usr/share/lintian
/usr/share/lintian/overrides
/usr/share/lintian/overrides/postgresql-common-dev
/usr/share/man
/usr/share/man/man1
/usr/share/man/man1/dh_make_pgxs.1.gz
/usr/share/man/man1/dh_pgxs_test.1.gz
/usr/share/perl5
/usr/share/perl5/Debian
/usr/share/perl5/Debian/Debhelper
/usr/share/perl5/Debian/Debhelper/Buildsystem
/usr/share/perl5/Debian/Debhelper/Buildsystem/pgxs.pm
/usr/share/perl5/Debian/Debhelper/Buildsystem/pgxs_loop.pm
/usr/share/perl5/Debian/Debhelper/Sequence
/usr/share/perl5/Debian/Debhelper/Sequence/pgxs.pm
/usr/share/perl5/Debian/Debhelper/Sequence/pgxs_loop.pm
/usr/share/perl5/Debian/Debhelper/pgxs.pm
/usr/share/postgresql-common
/usr/share/postgresql-common/dh_make_pgxs
/usr/share/postgresql-common/dh_make_pgxs/debian
/usr/share/postgresql-common/dh_make_pgxs/debian/control.in
/usr/share/postgresql-common/dh_make_pgxs/debian/copyright
/usr/share/postgresql-common/dh_make_pgxs/debian/gitlab-ci.yml
/usr/share/postgresql-common/dh_make_pgxs/debian/pgversions
/usr/share/postgresql-common/dh_make_pgxs/debian/rules
/usr/share/postgresql-common/dh_make_pgxs/debian/source
/usr/share/postgresql-common/dh_make_pgxs/debian/source/format
/usr/share/postgresql-common/dh_make_pgxs/debian/tests
/usr/share/postgresql-common/dh_make_pgxs/debian/tests/control
/usr/share/postgresql-common/dh_make_pgxs/debian/tests/installcheck
/usr/share/postgresql-common/dh_make_pgxs/debian/watch
/usr/share/postgresql-common/pgxs_debian_control.mk
/usr/share/postgresql-common/server
/usr/share/postgresql-common/server/README
/usr/share/postgresql-common/server/catversion
/usr/share/postgresql-common/server/pg_config.pl
/usr/share/postgresql-common/server/postgresql.mk
/usr/share/postgresql-common/supported-versions
/usr/share/postgresql-common/t
/usr/share/postgresql-common/t/001_packages.t
/usr/share/postgresql-common/t/002_existing_clusters.t
/usr/share/postgresql-common/t/003_alternatives.t
/usr/share/postgresql-common/t/005_PgCommon.t
/usr/share/postgresql-common/t/006_next_free_port.t
/usr/share/postgresql-common/t/007_pg_conftool.t
/usr/share/postgresql-common/t/010_defaultport_cluster.t
/usr/share/postgresql-common/t/015_start_stop.t
/usr/share/postgresql-common/t/020_create_sql_remove.t
/usr/share/postgresql-common/t/021_pg_renamecluster.t
/usr/share/postgresql-common/t/022_recovery.t
/usr/share/postgresql-common/t/025_logging.t
/usr/share/postgresql-common/t/027_jit.t
/usr/share/postgresql-common/t/030_errors.t
/usr/share/postgresql-common/t/031_errors_disk_full.t
/usr/share/postgresql-common/t/032_ssl_key_permissions.t
/usr/share/postgresql-common/t/040_upgrade.t
/usr/share/postgresql-common/t/041_upgrade_custompaths.t
/usr/share/postgresql-common/t/042_upgrade_rename.t
/usr/share/postgresql-common/t/043_upgrade_ssl_cert.t
/usr/share/postgresql-common/t/045_backup.t
/usr/share/postgresql-common/t/050_encodings.t
/usr/share/postgresql-common/t/052_upgrade_encodings.t
/usr/share/postgresql-common/t/060_obsolete_confparams.t
/usr/share/postgresql-common/t/070_non_postgres_clusters.t
/usr/share/postgresql-common/t/080_start.conf.t
/usr/share/postgresql-common/t/085_pg_ctl.conf.t
/usr/share/postgresql-common/t/090_multicluster.t
/usr/share/postgresql-common/t/110_integrate_cluster.t
/usr/share/postgresql-common/t/120_pg_upgradecluster_scripts.t
/usr/share/postgresql-common/t/130_nonroot_admin.t
/usr/share/postgresql-common/t/135_pg_virtualenv.t
/usr/share/postgresql-common/t/140_pg_config.t
/usr/share/postgresql-common/t/150_tsearch_stemming.t
/usr/share/postgresql-common/t/160_alternate_confroot.t
/usr/share/postgresql-common/t/170_extensions.t
/usr/share/postgresql-common/t/180_ecpg.t
/usr/share/postgresql-common/t/190_pg_buildext.t
/usr/share/postgresql-common/t/200_maintscripts.t
/usr/share/postgresql-common/t/TestLib.pm
/usr/share/postgresql-common/t/bar
/usr/share/postgresql-common/t/bar/debian
/usr/share/postgresql-common/t/bar/debian/control.in
/usr/share/postgresql-common/t/bar/debian/pgversions
/usr/share/postgresql-common/t/foo
/usr/share/postgresql-common/t/foo/Makefile
/usr/share/postgresql-common/t/foo/foo-123
/usr/share/postgresql-common/t/foo/foo-123/Makefile
/usr/share/postgresql-common/t/foo/foo-123/README.md
/usr/share/postgresql-common/t/foo/foo-123/expected
/usr/share/postgresql-common/t/foo/foo-123/expected/foo.out
/usr/share/postgresql-common/t/foo/foo-123/expected/upgrade.out
/usr/share/postgresql-common/t/foo/foo-123/foo--100--123.sql
/usr/share/postgresql-common/t/foo/foo-123/foo--100.sql
/usr/share/postgresql-common/t/foo/foo-123/foo--123.sql
/usr/share/postgresql-common/t/foo/foo-123/foo.c
/usr/share/postgresql-common/t/foo/foo-123/foo.control
/usr/share/postgresql-common/t/foo/foo-123/sql
/usr/share/postgresql-common/t/foo/foo-123/sql/foo.sql
/usr/share/postgresql-common/t/foo/foo-123/sql/upgrade.sql
/usr/share/postgresql-common/t/template
/usr/share/postgresql-common/testsuite

dpkg -L sensible-utils
/.
/usr
/usr/bin
/usr/bin/select-editor
/usr/bin/sensible-browser
/usr/bin/sensible-editor
/usr/bin/sensible-pager
/usr/lib
/usr/lib/mime
/usr/lib/mime/packages
/usr/lib/mime/packages/sensible-utils
/usr/share
/usr/share/doc
/usr/share/doc/sensible-utils
/usr/share/doc/sensible-utils/changelog.gz
/usr/share/doc/sensible-utils/copyright
/usr/share/man
/usr/share/man/fr
/usr/share/man/fr/man1
/usr/share/man/fr/man1/select-editor.1.gz
/usr/share/man/fr/man1/sensible-browser.1.gz
/usr/share/man/fr/man1/sensible-editor.1.gz
/usr/share/man/fr/man1/sensible-pager.1.gz
/usr/share/man/man1
/usr/share/man/man1/select-editor.1.gz
/usr/share/man/man1/sensible-browser.1.gz
/usr/share/man/man1/sensible-editor.1.gz
/usr/share/man/man1/sensible-pager.1.gz
/usr/share/sensible-utils
/usr/share/sensible-utils/bin
/usr/share/sensible-utils/bin/gettext

dpkg -L ssl-cert
/.
/etc
/etc/ssl
/etc/ssl/certs
/etc/ssl/private
/usr
/usr/sbin
/usr/sbin/make-ssl-cert
/usr/share
/usr/share/doc
/usr/share/doc/ssl-cert
/usr/share/doc/ssl-cert/README
/usr/share/doc/ssl-cert/changelog.gz
/usr/share/doc/ssl-cert/copyright
/usr/share/lintian
/usr/share/lintian/overrides
/usr/share/lintian/overrides/ssl-cert
/usr/share/man
/usr/share/man/man8
/usr/share/man/man8/make-ssl-cert.8.gz
/usr/share/ssl-cert
/usr/share/ssl-cert/ssleay.cnf

dpkg -L ucf
/.
/etc
/etc/ucf.conf
/usr
/usr/bin
/usr/bin/lcf
/usr/bin/ucf
/usr/bin/ucfq
/usr/bin/ucfr
/usr/share
/usr/share/doc
/usr/share/doc/ucf
/usr/share/doc/ucf/changelog.gz
/usr/share/doc/ucf/copyright
/usr/share/doc/ucf/examples
/usr/share/doc/ucf/examples/postinst
/usr/share/doc/ucf/examples/postrm
/usr/share/doc/ucf/examples/ucf_helper_functions
/usr/share/doc/ucf/examples/ucf_helper_functions/00README
/usr/share/doc/ucf/examples/ucf_helper_functions/TODO
/usr/share/doc/ucf/examples/ucf_helper_functions/test-list
/usr/share/doc/ucf/examples/ucf_helper_functions/tests
/usr/share/doc/ucf/examples/ucf_helper_functions/tests/package-changed
/usr/share/doc/ucf/examples/ucf_helper_functions/tests/package-orig
/usr/share/doc/ucf/examples/ucf_helper_functions/tests/test_01
/usr/share/doc/ucf/examples/ucf_helper_functions/tests/test_02
/usr/share/doc/ucf/examples/ucf_helper_functions/tests/test_03
/usr/share/doc/ucf/examples/ucf_helper_functions/tests/test_04
/usr/share/doc/ucf/examples/ucf_helper_functions/tests/test_05
/usr/share/doc/ucf/examples/ucf_helper_functions/tests/test_06
/usr/share/doc/ucf/examples/ucf_helper_functions/tests/test_07
/usr/share/doc/ucf/examples/ucf_helper_functions/tests/test_08
/usr/share/doc/ucf/examples/ucf_helper_functions/tests/test_09
/usr/share/doc/ucf/examples/ucf_helper_functions/tests/test_10
/usr/share/doc/ucf/examples/ucf_helper_functions/tests/test_11
/usr/share/doc/ucf/examples/ucf_helper_functions/tests/test_12
/usr/share/doc/ucf/examples/ucf_helper_functions/tests/test_13
/usr/share/doc/ucf/examples/ucf_helper_functions/tests/test_14
/usr/share/doc/ucf/examples/ucf_helper_functions/tests/test_15
/usr/share/doc/ucf/examples/ucf_helper_functions/tests/test_16
/usr/share/doc/ucf/examples/ucf_helper_functions/tests/test_17
/usr/share/doc/ucf/examples/ucf_helper_functions/tests/test_18
/usr/share/doc/ucf/examples/ucf_helper_functions/tests/test_19
/usr/share/doc/ucf/examples/ucf_helper_functions/tests/test_20
/usr/share/doc/ucf/examples/ucf_helper_functions/testsuite
/usr/share/lintian
/usr/share/lintian/overrides
/usr/share/lintian/overrides/ucf
/usr/share/man
/usr/share/man/man1
/usr/share/man/man1/lcf.1.gz
/usr/share/man/man1/ucf.1.gz
/usr/share/man/man1/ucfq.1.gz
/usr/share/man/man1/ucfr.1.gz
/usr/share/man/man5
/usr/share/man/man5/ucf.conf.5.gz
/usr/share/ucf
/usr/share/ucf/ucf_helper_functions.sh
/var
/var/lib
/var/lib/ucf

dpkg -L gdbm-l10n
dpkg-query: package 'gdbm-l10n' is not installed
Use dpkg --contents (= dpkg-deb --contents) to list archive files contents.

dpkg -L ca-certificates
dpkg-query: package 'ca-certificates' is not installed
Use dpkg --contents (= dpkg-deb --contents) to list archive files contents.

dpkg -L perl-doc
dpkg-query: package 'perl-doc' is not installed
Use dpkg --contents (= dpkg-deb --contents) to list archive files contents.

dpkg -L libterm-readline-gnu-perl
dpkg-query: package 'libterm-readline-gnu-perl' is not installed
Use dpkg --contents (= dpkg-deb --contents) to list archive files contents.

dpkg -L libterm-readline-perl-perl
dpkg-query: package 'libterm-readline-perl-perl' is not installed
Use dpkg --contents (= dpkg-deb --contents) to list archive files contents.

dpkg -L make
dpkg-query: package 'make' is not installed
Use dpkg --contents (= dpkg-deb --contents) to list archive files contents.

dpkg -L libtap-harness-archive-perl
dpkg-query: package 'libtap-harness-archive-perl' is not installed
Use dpkg --contents (= dpkg-deb --contents) to list archive files contents.

dpkg -L libjson-xs-perl
dpkg-query: package 'libjson-xs-perl' is not installed
Use dpkg --contents (= dpkg-deb --contents) to list archive files contents.

dpkg -L logrotate
dpkg-query: package 'logrotate' is not installed
Use dpkg --contents (= dpkg-deb --contents) to list archive files contents.

dpkg -L postgresql-common
/.
/etc
/etc/init.d
/etc/init.d/postgresql
/etc/logrotate.d
/etc/logrotate.d/postgresql-common
/etc/postgresql
/etc/postgresql-common
/etc/postgresql-common/pg_upgradecluster.d
/etc/postgresql-common/pg_upgradecluster.d/analyze
/lib
/lib/systemd
/lib/systemd/system
/lib/systemd/system/pg_basebackup@.service
/lib/systemd/system/pg_basebackup@.timer
/lib/systemd/system/pg_compresswal@.service
/lib/systemd/system/pg_compresswal@.timer
/lib/systemd/system/pg_dump@.service
/lib/systemd/system/pg_dump@.timer
/lib/systemd/system/pg_receivewal@.service
/lib/systemd/system/postgresql.service
/lib/systemd/system/postgresql@.service
/lib/systemd/system-generators
/lib/systemd/system-generators/postgresql-generator
/usr
/usr/bin
/usr/bin/pg_backupcluster
/usr/bin/pg_config
package diverts others to: /usr/bin/pg_config.libpq-dev
/usr/bin/pg_conftool
/usr/bin/pg_createcluster
/usr/bin/pg_ctlcluster
/usr/bin/pg_dropcluster
/usr/bin/pg_lsclusters
/usr/bin/pg_renamecluster
/usr/bin/pg_restorecluster
/usr/bin/pg_upgradecluster
/usr/bin/pg_virtualenv
/usr/lib
/usr/lib/tmpfiles.d
/usr/lib/tmpfiles.d/postgresql-common.conf
/usr/sbin
/usr/sbin/pg_updatedicts
/usr/share
/usr/share/doc
/usr/share/doc/postgresql-common
/usr/share/doc/postgresql-common/NEWS.Debian.gz
/usr/share/doc/postgresql-common/README.Debian.gz
/usr/share/doc/postgresql-common/README.md.gz
/usr/share/doc/postgresql-common/README.systemd
/usr/share/doc/postgresql-common/changelog.gz
/usr/share/doc/postgresql-common/copyright
/usr/share/doc/postgresql-common/dependencies.svg
/usr/share/lintian
/usr/share/lintian/overrides
/usr/share/lintian/overrides/postgresql-common
/usr/share/man
/usr/share/man/man1
/usr/share/man/man1/pg_backupcluster.1.gz
/usr/share/man/man1/pg_buildext.1.gz
/usr/share/man/man1/pg_conftool.1.gz
/usr/share/man/man1/pg_createcluster.1.gz
/usr/share/man/man1/pg_ctlcluster.1.gz
/usr/share/man/man1/pg_dropcluster.1.gz
/usr/share/man/man1/pg_getwal.1.gz
/usr/share/man/man1/pg_lsclusters.1.gz
/usr/share/man/man1/pg_renamecluster.1.gz
/usr/share/man/man1/pg_restorecluster.1.gz
/usr/share/man/man1/pg_upgradecluster.1.gz
/usr/share/man/man1/pg_virtualenv.1.gz
/usr/share/man/man8
/usr/share/man/man8/pg_updatedicts.8.gz
/usr/share/postgresql-common
/usr/share/postgresql-common/createcluster.conf
/usr/share/postgresql-common/init.d-functions
/usr/share/postgresql-common/pg_checksystem
/usr/share/postgresql-common/pg_getwal
/usr/share/postgresql-common/pg_updateaptconfig
/var
/var/lib
/var/lib/postgresql
/var/log
/var/log/postgresql
/usr/bin/pg_archivecleanup

dpkg -L libbsd0
/.
/usr
/usr/lib
/usr/lib/x86_64-linux-gnu
/usr/lib/x86_64-linux-gnu/libbsd.so.0.11.3
/usr/share
/usr/share/doc
/usr/share/doc/libbsd0
/usr/share/doc/libbsd0/changelog.Debian.gz
/usr/share/doc/libbsd0/changelog.gz
/usr/share/doc/libbsd0/copyright
/usr/lib/x86_64-linux-gnu/libbsd.so.0

dpkg -L libedit2
/.
/usr
/usr/lib
/usr/lib/x86_64-linux-gnu
/usr/lib/x86_64-linux-gnu/libedit.so.2.0.63
/usr/share
/usr/share/doc
/usr/share/doc/libedit2
/usr/share/doc/libedit2/TODO.Debian
/usr/share/doc/libedit2/changelog.Debian.amd64.gz
/usr/share/doc/libedit2/changelog.Debian.gz
/usr/share/doc/libedit2/changelog.gz
/usr/share/doc/libedit2/copyright
/usr/share/lintian
/usr/share/lintian/overrides
/usr/share/lintian/overrides/libedit2
/usr/share/man
/usr/share/man/man5
/usr/share/man/man5/editrc.5edit.gz
/usr/share/man/man7
/usr/share/man/man7/editline.7edit.gz
/usr/lib/x86_64-linux-gnu/libedit.so.2

dpkg -L libicu67
/.
/usr
/usr/lib
/usr/lib/x86_64-linux-gnu
/usr/lib/x86_64-linux-gnu/libicudata.so.67.1
/usr/lib/x86_64-linux-gnu/libicui18n.so.67.1
/usr/lib/x86_64-linux-gnu/libicuio.so.67.1
/usr/lib/x86_64-linux-gnu/libicutest.so.67.1
/usr/lib/x86_64-linux-gnu/libicutu.so.67.1
/usr/lib/x86_64-linux-gnu/libicuuc.so.67.1
/usr/share
/usr/share/doc
/usr/share/doc/libicu67
/usr/share/doc/libicu67/changelog.Debian.gz
/usr/share/doc/libicu67/copyright
/usr/share/lintian
/usr/share/lintian/overrides
/usr/share/lintian/overrides/libicu67
/usr/lib/x86_64-linux-gnu/libicudata.so.67
/usr/lib/x86_64-linux-gnu/libicui18n.so.67
/usr/lib/x86_64-linux-gnu/libicuio.so.67
/usr/lib/x86_64-linux-gnu/libicutest.so.67
/usr/lib/x86_64-linux-gnu/libicutu.so.67
/usr/lib/x86_64-linux-gnu/libicuuc.so.67

dpkg -L libllvm16
/.
/usr
/usr/lib
/usr/lib/x86_64-linux-gnu
/usr/lib/x86_64-linux-gnu/libLLVM-16.so.1
/usr/share
/usr/share/doc
/usr/share/doc/libllvm16
/usr/share/doc/libllvm16/changelog.Debian.gz
/usr/share/doc/libllvm16/copyright
/usr/share/lintian
/usr/share/lintian/overrides
/usr/share/lintian/overrides/libllvm16
/usr/lib/x86_64-linux-gnu/libLLVM-16.so

dpkg -L libmd0
/.
/usr
/usr/lib
/usr/lib/x86_64-linux-gnu
/usr/lib/x86_64-linux-gnu/libmd.so.0.0.4
/usr/share
/usr/share/doc
/usr/share/doc/libmd0
/usr/share/doc/libmd0/changelog.Debian.gz
/usr/share/doc/libmd0/changelog.gz
/usr/share/doc/libmd0/copyright
/usr/lib/x86_64-linux-gnu/libmd.so.0

dpkg -L libpq5
/.
/usr
/usr/lib
/usr/lib/x86_64-linux-gnu
/usr/lib/x86_64-linux-gnu/libpq.so.5.17
/usr/share
/usr/share/doc
/usr/share/doc/libpq5
/usr/share/doc/libpq5/changelog.Debian.gz
/usr/share/doc/libpq5/changelog.gz
/usr/share/doc/libpq5/copyright
/usr/share/locale
/usr/share/locale/cs
/usr/share/locale/cs/LC_MESSAGES
/usr/share/locale/cs/LC_MESSAGES/libpq5-17.mo
/usr/share/locale/de
/usr/share/locale/de/LC_MESSAGES
/usr/share/locale/de/LC_MESSAGES/libpq5-17.mo
/usr/share/locale/el
/usr/share/locale/el/LC_MESSAGES
/usr/share/locale/el/LC_MESSAGES/libpq5-17.mo
/usr/share/locale/es
/usr/share/locale/es/LC_MESSAGES
/usr/share/locale/es/LC_MESSAGES/libpq5-17.mo
/usr/share/locale/fr
/usr/share/locale/fr/LC_MESSAGES
/usr/share/locale/fr/LC_MESSAGES/libpq5-17.mo
/usr/share/locale/he
/usr/share/locale/he/LC_MESSAGES
/usr/share/locale/he/LC_MESSAGES/libpq5-17.mo
/usr/share/locale/it
/usr/share/locale/it/LC_MESSAGES
/usr/share/locale/it/LC_MESSAGES/libpq5-17.mo
/usr/share/locale/ja
/usr/share/locale/ja/LC_MESSAGES
/usr/share/locale/ja/LC_MESSAGES/libpq5-17.mo
/usr/share/locale/ka
/usr/share/locale/ka/LC_MESSAGES
/usr/share/locale/ka/LC_MESSAGES/libpq5-17.mo
/usr/share/locale/ko
/usr/share/locale/ko/LC_MESSAGES
/usr/share/locale/ko/LC_MESSAGES/libpq5-17.mo
/usr/share/locale/pl
/usr/share/locale/pl/LC_MESSAGES
/usr/share/locale/pl/LC_MESSAGES/libpq5-17.mo
/usr/share/locale/pt_BR
/usr/share/locale/pt_BR/LC_MESSAGES
/usr/share/locale/pt_BR/LC_MESSAGES/libpq5-17.mo
/usr/share/locale/ru
/usr/share/locale/ru/LC_MESSAGES
/usr/share/locale/ru/LC_MESSAGES/libpq5-17.mo
/usr/share/locale/sv
/usr/share/locale/sv/LC_MESSAGES
/usr/share/locale/sv/LC_MESSAGES/libpq5-17.mo
/usr/share/locale/tr
/usr/share/locale/tr/LC_MESSAGES
/usr/share/locale/tr/LC_MESSAGES/libpq5-17.mo
/usr/share/locale/uk
/usr/share/locale/uk/LC_MESSAGES
/usr/share/locale/uk/LC_MESSAGES/libpq5-17.mo
/usr/share/locale/zh_CN
/usr/share/locale/zh_CN/LC_MESSAGES
/usr/share/locale/zh_CN/LC_MESSAGES/libpq5-17.mo
/usr/share/locale/zh_TW
/usr/share/locale/zh_TW/LC_MESSAGES
/usr/share/locale/zh_TW/LC_MESSAGES/libpq5-17.mo
/usr/lib/x86_64-linux-gnu/libpq.so.5

dpkg -L libxml2
/.
/usr
/usr/lib
/usr/lib/x86_64-linux-gnu
/usr/lib/x86_64-linux-gnu/libxml2.so.2.9.10
/usr/share
/usr/share/doc
/usr/share/doc/libxml2
/usr/share/doc/libxml2/AUTHORS
/usr/share/doc/libxml2/README
/usr/share/doc/libxml2/README.Debian
/usr/share/doc/libxml2/changelog.Debian.gz
/usr/share/doc/libxml2/changelog.gz
/usr/share/doc/libxml2/copyright
/usr/share/lintian
/usr/share/lintian/overrides
/usr/share/lintian/overrides/libxml2
/usr/lib/x86_64-linux-gnu/libxml2.so.2
/usr/share/doc/libxml2/NEWS.gz

dpkg -L libxslt1.1
/.
/usr
/usr/lib
/usr/lib/x86_64-linux-gnu
/usr/lib/x86_64-linux-gnu/libexslt.so.0.8.20
/usr/lib/x86_64-linux-gnu/libxslt.so.1.1.34
/usr/share
/usr/share/doc
/usr/share/doc/libxslt1.1
/usr/share/doc/libxslt1.1/AUTHORS
/usr/share/doc/libxslt1.1/FEATURES.gz
/usr/share/doc/libxslt1.1/NEWS.gz
/usr/share/doc/libxslt1.1/README
/usr/share/doc/libxslt1.1/README.Debian
/usr/share/doc/libxslt1.1/TODO
/usr/share/doc/libxslt1.1/changelog.Debian.gz
/usr/share/doc/libxslt1.1/changelog.gz
/usr/share/doc/libxslt1.1/copyright
/usr/share/lintian
/usr/share/lintian/overrides
/usr/share/lintian/overrides/libxslt1.1
/usr/lib/x86_64-linux-gnu/libexslt.so.0
/usr/lib/x86_64-linux-gnu/libxslt.so.1

dpkg -L libz3-4
/.
/usr
/usr/lib
/usr/lib/x86_64-linux-gnu
/usr/lib/x86_64-linux-gnu/libz3.so.4
/usr/share
/usr/share/doc
/usr/share/doc/libz3-4
/usr/share/doc/libz3-4/changelog.Debian.gz
/usr/share/doc/libz3-4/changelog.gz
/usr/share/doc/libz3-4/copyright

dpkg -L postgresql-client-16
/.
/usr
/usr/lib
/usr/lib/postgresql
/usr/lib/postgresql/16
/usr/lib/postgresql/16/bin
/usr/lib/postgresql/16/bin/clusterdb
/usr/lib/postgresql/16/bin/createdb
/usr/lib/postgresql/16/bin/createuser
/usr/lib/postgresql/16/bin/dropdb
/usr/lib/postgresql/16/bin/dropuser
/usr/lib/postgresql/16/bin/pg_amcheck
/usr/lib/postgresql/16/bin/pg_basebackup
/usr/lib/postgresql/16/bin/pg_config
/usr/lib/postgresql/16/bin/pg_dump
/usr/lib/postgresql/16/bin/pg_dumpall
/usr/lib/postgresql/16/bin/pg_isready
/usr/lib/postgresql/16/bin/pg_receivewal
/usr/lib/postgresql/16/bin/pg_recvlogical
/usr/lib/postgresql/16/bin/pg_restore
/usr/lib/postgresql/16/bin/pg_verifybackup
/usr/lib/postgresql/16/bin/psql
/usr/lib/postgresql/16/bin/reindexdb
/usr/lib/postgresql/16/bin/vacuumdb
/usr/lib/postgresql/16/lib
/usr/lib/postgresql/16/lib/pgxs
/usr/lib/postgresql/16/lib/pgxs/config
/usr/lib/postgresql/16/lib/pgxs/config/install-sh
/usr/lib/postgresql/16/lib/pgxs/config/missing
/usr/lib/postgresql/16/lib/pgxs/src
/usr/lib/postgresql/16/lib/pgxs/src/Makefile.global
/usr/lib/postgresql/16/lib/pgxs/src/Makefile.port
/usr/lib/postgresql/16/lib/pgxs/src/Makefile.shlib
/usr/lib/postgresql/16/lib/pgxs/src/makefiles
/usr/lib/postgresql/16/lib/pgxs/src/makefiles/pgxs.mk
/usr/lib/postgresql/16/lib/pgxs/src/nls-global.mk
/usr/lib/postgresql/16/lib/pgxs/src/test
/usr/lib/postgresql/16/lib/pgxs/src/test/isolation
/usr/lib/postgresql/16/lib/pgxs/src/test/isolation/isolationtester
/usr/lib/postgresql/16/lib/pgxs/src/test/isolation/pg_isolation_regress
/usr/lib/postgresql/16/lib/pgxs/src/test/perl
/usr/lib/postgresql/16/lib/pgxs/src/test/perl/PostgreSQL
/usr/lib/postgresql/16/lib/pgxs/src/test/perl/PostgreSQL/Test
/usr/lib/postgresql/16/lib/pgxs/src/test/perl/PostgreSQL/Test/BackgroundPsql.pm
/usr/lib/postgresql/16/lib/pgxs/src/test/perl/PostgreSQL/Test/Cluster.pm
/usr/lib/postgresql/16/lib/pgxs/src/test/perl/PostgreSQL/Test/RecursiveCopy.pm
/usr/lib/postgresql/16/lib/pgxs/src/test/perl/PostgreSQL/Test/SimpleTee.pm
/usr/lib/postgresql/16/lib/pgxs/src/test/perl/PostgreSQL/Test/Utils.pm
/usr/lib/postgresql/16/lib/pgxs/src/test/perl/PostgreSQL/Version.pm
/usr/lib/postgresql/16/lib/pgxs/src/test/regress
/usr/lib/postgresql/16/lib/pgxs/src/test/regress/pg_regress
/usr/share
/usr/share/doc
/usr/share/doc/postgresql-client-16
/usr/share/doc/postgresql-client-16/changelog.Debian.gz
/usr/share/doc/postgresql-client-16/changelog.gz
/usr/share/doc/postgresql-client-16/copyright
/usr/share/lintian
/usr/share/lintian/overrides
/usr/share/lintian/overrides/postgresql-client-16
/usr/share/locale
/usr/share/locale/cs
/usr/share/locale/cs/LC_MESSAGES
/usr/share/locale/cs/LC_MESSAGES/pg_basebackup-16.mo
/usr/share/locale/cs/LC_MESSAGES/pg_config-16.mo
/usr/share/locale/cs/LC_MESSAGES/pg_dump-16.mo
/usr/share/locale/cs/LC_MESSAGES/pgscripts-16.mo
/usr/share/locale/cs/LC_MESSAGES/psql-16.mo
/usr/share/locale/de
/usr/share/locale/de/LC_MESSAGES
/usr/share/locale/de/LC_MESSAGES/pg_amcheck-16.mo
/usr/share/locale/de/LC_MESSAGES/pg_basebackup-16.mo
/usr/share/locale/de/LC_MESSAGES/pg_config-16.mo
/usr/share/locale/de/LC_MESSAGES/pg_dump-16.mo
/usr/share/locale/de/LC_MESSAGES/pg_verifybackup-16.mo
/usr/share/locale/de/LC_MESSAGES/pgscripts-16.mo
/usr/share/locale/de/LC_MESSAGES/psql-16.mo
/usr/share/locale/el
/usr/share/locale/el/LC_MESSAGES
/usr/share/locale/el/LC_MESSAGES/pg_amcheck-16.mo
/usr/share/locale/el/LC_MESSAGES/pg_basebackup-16.mo
/usr/share/locale/el/LC_MESSAGES/pg_config-16.mo
/usr/share/locale/el/LC_MESSAGES/pg_dump-16.mo
/usr/share/locale/el/LC_MESSAGES/pg_verifybackup-16.mo
/usr/share/locale/el/LC_MESSAGES/pgscripts-16.mo
/usr/share/locale/el/LC_MESSAGES/psql-16.mo
/usr/share/locale/es
/usr/share/locale/es/LC_MESSAGES
/usr/share/locale/es/LC_MESSAGES/pg_amcheck-16.mo
/usr/share/locale/es/LC_MESSAGES/pg_basebackup-16.mo
/usr/share/locale/es/LC_MESSAGES/pg_config-16.mo
/usr/share/locale/es/LC_MESSAGES/pg_dump-16.mo
/usr/share/locale/es/LC_MESSAGES/pg_verifybackup-16.mo
/usr/share/locale/es/LC_MESSAGES/pgscripts-16.mo
/usr/share/locale/es/LC_MESSAGES/psql-16.mo
/usr/share/locale/fr
/usr/share/locale/fr/LC_MESSAGES
/usr/share/locale/fr/LC_MESSAGES/pg_amcheck-16.mo
/usr/share/locale/fr/LC_MESSAGES/pg_basebackup-16.mo
/usr/share/locale/fr/LC_MESSAGES/pg_config-16.mo
/usr/share/locale/fr/LC_MESSAGES/pg_dump-16.mo
/usr/share/locale/fr/LC_MESSAGES/pg_verifybackup-16.mo
/usr/share/locale/fr/LC_MESSAGES/pgscripts-16.mo
/usr/share/locale/fr/LC_MESSAGES/psql-16.mo
/usr/share/locale/he
/usr/share/locale/he/LC_MESSAGES
/usr/share/locale/he/LC_MESSAGES/pg_basebackup-16.mo
/usr/share/locale/he/LC_MESSAGES/pg_config-16.mo
/usr/share/locale/he/LC_MESSAGES/pg_dump-16.mo
/usr/share/locale/he/LC_MESSAGES/pgscripts-16.mo
/usr/share/locale/he/LC_MESSAGES/psql-16.mo
/usr/share/locale/it
/usr/share/locale/it/LC_MESSAGES
/usr/share/locale/it/LC_MESSAGES/pg_amcheck-16.mo
/usr/share/locale/it/LC_MESSAGES/pg_basebackup-16.mo
/usr/share/locale/it/LC_MESSAGES/pg_config-16.mo
/usr/share/locale/it/LC_MESSAGES/pg_dump-16.mo
/usr/share/locale/it/LC_MESSAGES/pg_verifybackup-16.mo
/usr/share/locale/it/LC_MESSAGES/pgscripts-16.mo
/usr/share/locale/it/LC_MESSAGES/psql-16.mo
/usr/share/locale/ja
/usr/share/locale/ja/LC_MESSAGES
/usr/share/locale/ja/LC_MESSAGES/pg_amcheck-16.mo
/usr/share/locale/ja/LC_MESSAGES/pg_basebackup-16.mo
/usr/share/locale/ja/LC_MESSAGES/pg_config-16.mo
/usr/share/locale/ja/LC_MESSAGES/pg_dump-16.mo
/usr/share/locale/ja/LC_MESSAGES/pg_verifybackup-16.mo
/usr/share/locale/ja/LC_MESSAGES/pgscripts-16.mo
/usr/share/locale/ja/LC_MESSAGES/psql-16.mo
/usr/share/locale/ka
/usr/share/locale/ka/LC_MESSAGES
/usr/share/locale/ka/LC_MESSAGES/pg_amcheck-16.mo
/usr/share/locale/ka/LC_MESSAGES/pg_basebackup-16.mo
/usr/share/locale/ka/LC_MESSAGES/pg_config-16.mo
/usr/share/locale/ka/LC_MESSAGES/pg_dump-16.mo
/usr/share/locale/ka/LC_MESSAGES/pg_verifybackup-16.mo
/usr/share/locale/ka/LC_MESSAGES/pgscripts-16.mo
/usr/share/locale/ka/LC_MESSAGES/psql-16.mo
/usr/share/locale/ko
/usr/share/locale/ko/LC_MESSAGES
/usr/share/locale/ko/LC_MESSAGES/pg_amcheck-16.mo
/usr/share/locale/ko/LC_MESSAGES/pg_basebackup-16.mo
/usr/share/locale/ko/LC_MESSAGES/pg_config-16.mo
/usr/share/locale/ko/LC_MESSAGES/pg_dump-16.mo
/usr/share/locale/ko/LC_MESSAGES/pg_verifybackup-16.mo
/usr/share/locale/ko/LC_MESSAGES/pgscripts-16.mo
/usr/share/locale/ko/LC_MESSAGES/psql-16.mo
/usr/share/locale/nb
/usr/share/locale/nb/LC_MESSAGES
/usr/share/locale/nb/LC_MESSAGES/pg_config-16.mo
/usr/share/locale/pl
/usr/share/locale/pl/LC_MESSAGES
/usr/share/locale/pl/LC_MESSAGES/pg_basebackup-16.mo
/usr/share/locale/pl/LC_MESSAGES/pg_config-16.mo
/usr/share/locale/pl/LC_MESSAGES/pg_dump-16.mo
/usr/share/locale/pl/LC_MESSAGES/pgscripts-16.mo
/usr/share/locale/pl/LC_MESSAGES/psql-16.mo
/usr/share/locale/pt_BR
/usr/share/locale/pt_BR/LC_MESSAGES
/usr/share/locale/pt_BR/LC_MESSAGES/pg_basebackup-16.mo
/usr/share/locale/pt_BR/LC_MESSAGES/pg_config-16.mo
/usr/share/locale/pt_BR/LC_MESSAGES/pg_dump-16.mo
/usr/share/locale/pt_BR/LC_MESSAGES/pgscripts-16.mo
/usr/share/locale/pt_BR/LC_MESSAGES/psql-16.mo
/usr/share/locale/ro
/usr/share/locale/ro/LC_MESSAGES
/usr/share/locale/ro/LC_MESSAGES/pg_config-16.mo
/usr/share/locale/ru
/usr/share/locale/ru/LC_MESSAGES
/usr/share/locale/ru/LC_MESSAGES/pg_amcheck-16.mo
/usr/share/locale/ru/LC_MESSAGES/pg_basebackup-16.mo
/usr/share/locale/ru/LC_MESSAGES/pg_config-16.mo
/usr/share/locale/ru/LC_MESSAGES/pg_dump-16.mo
/usr/share/locale/ru/LC_MESSAGES/pg_verifybackup-16.mo
/usr/share/locale/ru/LC_MESSAGES/pgscripts-16.mo
/usr/share/locale/ru/LC_MESSAGES/psql-16.mo
/usr/share/locale/sv
/usr/share/locale/sv/LC_MESSAGES
/usr/share/locale/sv/LC_MESSAGES/pg_amcheck-16.mo
/usr/share/locale/sv/LC_MESSAGES/pg_basebackup-16.mo
/usr/share/locale/sv/LC_MESSAGES/pg_config-16.mo
/usr/share/locale/sv/LC_MESSAGES/pg_dump-16.mo
/usr/share/locale/sv/LC_MESSAGES/pg_verifybackup-16.mo
/usr/share/locale/sv/LC_MESSAGES/pgscripts-16.mo
/usr/share/locale/sv/LC_MESSAGES/psql-16.mo
/usr/share/locale/ta
/usr/share/locale/ta/LC_MESSAGES
/usr/share/locale/ta/LC_MESSAGES/pg_config-16.mo
/usr/share/locale/tr
/usr/share/locale/tr/LC_MESSAGES
/usr/share/locale/tr/LC_MESSAGES/pg_basebackup-16.mo
/usr/share/locale/tr/LC_MESSAGES/pg_config-16.mo
/usr/share/locale/tr/LC_MESSAGES/pg_dump-16.mo
/usr/share/locale/tr/LC_MESSAGES/pgscripts-16.mo
/usr/share/locale/tr/LC_MESSAGES/psql-16.mo
/usr/share/locale/uk
/usr/share/locale/uk/LC_MESSAGES
/usr/share/locale/uk/LC_MESSAGES/pg_amcheck-16.mo
/usr/share/locale/uk/LC_MESSAGES/pg_basebackup-16.mo
/usr/share/locale/uk/LC_MESSAGES/pg_config-16.mo
/usr/share/locale/uk/LC_MESSAGES/pg_dump-16.mo
/usr/share/locale/uk/LC_MESSAGES/pg_verifybackup-16.mo
/usr/share/locale/uk/LC_MESSAGES/pgscripts-16.mo
/usr/share/locale/uk/LC_MESSAGES/psql-16.mo
/usr/share/locale/vi
/usr/share/locale/vi/LC_MESSAGES
/usr/share/locale/vi/LC_MESSAGES/pg_basebackup-16.mo
/usr/share/locale/vi/LC_MESSAGES/pg_config-16.mo
/usr/share/locale/zh_CN
/usr/share/locale/zh_CN/LC_MESSAGES
/usr/share/locale/zh_CN/LC_MESSAGES/pg_amcheck-16.mo
/usr/share/locale/zh_CN/LC_MESSAGES/pg_basebackup-16.mo
/usr/share/locale/zh_CN/LC_MESSAGES/pg_config-16.mo
/usr/share/locale/zh_CN/LC_MESSAGES/pg_dump-16.mo
/usr/share/locale/zh_CN/LC_MESSAGES/pg_verifybackup-16.mo
/usr/share/locale/zh_CN/LC_MESSAGES/pgscripts-16.mo
/usr/share/locale/zh_CN/LC_MESSAGES/psql-16.mo
/usr/share/locale/zh_TW
/usr/share/locale/zh_TW/LC_MESSAGES
/usr/share/locale/zh_TW/LC_MESSAGES/pg_amcheck-16.mo
/usr/share/locale/zh_TW/LC_MESSAGES/pg_basebackup-16.mo
/usr/share/locale/zh_TW/LC_MESSAGES/pg_config-16.mo
/usr/share/locale/zh_TW/LC_MESSAGES/pg_dump-16.mo
/usr/share/locale/zh_TW/LC_MESSAGES/pg_verifybackup-16.mo
/usr/share/locale/zh_TW/LC_MESSAGES/psql-16.mo
/usr/share/postgresql
/usr/share/postgresql/16
/usr/share/postgresql/16/man
/usr/share/postgresql/16/man/man1
/usr/share/postgresql/16/man/man1/clusterdb.1.gz
/usr/share/postgresql/16/man/man1/createdb.1.gz
/usr/share/postgresql/16/man/man1/createuser.1.gz
/usr/share/postgresql/16/man/man1/dropdb.1.gz
/usr/share/postgresql/16/man/man1/dropuser.1.gz
/usr/share/postgresql/16/man/man1/pg_amcheck.1.gz
/usr/share/postgresql/16/man/man1/pg_basebackup.1.gz
/usr/share/postgresql/16/man/man1/pg_dump.1.gz
/usr/share/postgresql/16/man/man1/pg_dumpall.1.gz
/usr/share/postgresql/16/man/man1/pg_isready.1.gz
/usr/share/postgresql/16/man/man1/pg_receivewal.1.gz
/usr/share/postgresql/16/man/man1/pg_recvlogical.1.gz
/usr/share/postgresql/16/man/man1/pg_restore.1.gz
/usr/share/postgresql/16/man/man1/pg_verifybackup.1.gz
/usr/share/postgresql/16/man/man1/psql.1.gz
/usr/share/postgresql/16/man/man1/reindexdb.1.gz
/usr/share/postgresql/16/man/man1/vacuumdb.1.gz
/usr/share/postgresql/16/man/man7
/usr/share/postgresql/16/man/man7/ABORT.7.gz
/usr/share/postgresql/16/man/man7/ALTER_AGGREGATE.7.gz
/usr/share/postgresql/16/man/man7/ALTER_COLLATION.7.gz
/usr/share/postgresql/16/man/man7/ALTER_CONVERSION.7.gz
/usr/share/postgresql/16/man/man7/ALTER_DATABASE.7.gz
/usr/share/postgresql/16/man/man7/ALTER_DEFAULT_PRIVILEGES.7.gz
/usr/share/postgresql/16/man/man7/ALTER_DOMAIN.7.gz
/usr/share/postgresql/16/man/man7/ALTER_EVENT_TRIGGER.7.gz
/usr/share/postgresql/16/man/man7/ALTER_EXTENSION.7.gz
/usr/share/postgresql/16/man/man7/ALTER_FOREIGN_DATA_WRAPPER.7.gz
/usr/share/postgresql/16/man/man7/ALTER_FOREIGN_TABLE.7.gz
/usr/share/postgresql/16/man/man7/ALTER_FUNCTION.7.gz
/usr/share/postgresql/16/man/man7/ALTER_GROUP.7.gz
/usr/share/postgresql/16/man/man7/ALTER_INDEX.7.gz
/usr/share/postgresql/16/man/man7/ALTER_LANGUAGE.7.gz
/usr/share/postgresql/16/man/man7/ALTER_LARGE_OBJECT.7.gz
/usr/share/postgresql/16/man/man7/ALTER_MATERIALIZED_VIEW.7.gz
/usr/share/postgresql/16/man/man7/ALTER_OPERATOR.7.gz
/usr/share/postgresql/16/man/man7/ALTER_OPERATOR_CLASS.7.gz
/usr/share/postgresql/16/man/man7/ALTER_OPERATOR_FAMILY.7.gz
/usr/share/postgresql/16/man/man7/ALTER_POLICY.7.gz
/usr/share/postgresql/16/man/man7/ALTER_PROCEDURE.7.gz
/usr/share/postgresql/16/man/man7/ALTER_PUBLICATION.7.gz
/usr/share/postgresql/16/man/man7/ALTER_ROLE.7.gz
/usr/share/postgresql/16/man/man7/ALTER_ROUTINE.7.gz
/usr/share/postgresql/16/man/man7/ALTER_RULE.7.gz
/usr/share/postgresql/16/man/man7/ALTER_SCHEMA.7.gz
/usr/share/postgresql/16/man/man7/ALTER_SEQUENCE.7.gz
/usr/share/postgresql/16/man/man7/ALTER_SERVER.7.gz
/usr/share/postgresql/16/man/man7/ALTER_STATISTICS.7.gz
/usr/share/postgresql/16/man/man7/ALTER_SUBSCRIPTION.7.gz
/usr/share/postgresql/16/man/man7/ALTER_SYSTEM.7.gz
/usr/share/postgresql/16/man/man7/ALTER_TABLE.7.gz
/usr/share/postgresql/16/man/man7/ALTER_TABLESPACE.7.gz
/usr/share/postgresql/16/man/man7/ALTER_TEXT_SEARCH_CONFIGURATION.7.gz
/usr/share/postgresql/16/man/man7/ALTER_TEXT_SEARCH_DICTIONARY.7.gz
/usr/share/postgresql/16/man/man7/ALTER_TEXT_SEARCH_PARSER.7.gz
/usr/share/postgresql/16/man/man7/ALTER_TEXT_SEARCH_TEMPLATE.7.gz
/usr/share/postgresql/16/man/man7/ALTER_TRIGGER.7.gz
/usr/share/postgresql/16/man/man7/ALTER_TYPE.7.gz
/usr/share/postgresql/16/man/man7/ALTER_USER.7.gz
/usr/share/postgresql/16/man/man7/ALTER_USER_MAPPING.7.gz
/usr/share/postgresql/16/man/man7/ALTER_VIEW.7.gz
/usr/share/postgresql/16/man/man7/ANALYZE.7.gz
/usr/share/postgresql/16/man/man7/BEGIN.7.gz
/usr/share/postgresql/16/man/man7/CALL.7.gz
/usr/share/postgresql/16/man/man7/CHECKPOINT.7.gz
/usr/share/postgresql/16/man/man7/CLOSE.7.gz
/usr/share/postgresql/16/man/man7/CLUSTER.7.gz
/usr/share/postgresql/16/man/man7/COMMENT.7.gz
/usr/share/postgresql/16/man/man7/COMMIT.7.gz
/usr/share/postgresql/16/man/man7/COMMIT_PREPARED.7.gz
/usr/share/postgresql/16/man/man7/COPY.7.gz
/usr/share/postgresql/16/man/man7/CREATE_ACCESS_METHOD.7.gz
/usr/share/postgresql/16/man/man7/CREATE_AGGREGATE.7.gz
/usr/share/postgresql/16/man/man7/CREATE_CAST.7.gz
/usr/share/postgresql/16/man/man7/CREATE_COLLATION.7.gz
/usr/share/postgresql/16/man/man7/CREATE_CONVERSION.7.gz
/usr/share/postgresql/16/man/man7/CREATE_DATABASE.7.gz
/usr/share/postgresql/16/man/man7/CREATE_DOMAIN.7.gz
/usr/share/postgresql/16/man/man7/CREATE_EVENT_TRIGGER.7.gz
/usr/share/postgresql/16/man/man7/CREATE_EXTENSION.7.gz
/usr/share/postgresql/16/man/man7/CREATE_FOREIGN_DATA_WRAPPER.7.gz
/usr/share/postgresql/16/man/man7/CREATE_FOREIGN_TABLE.7.gz
/usr/share/postgresql/16/man/man7/CREATE_FUNCTION.7.gz
/usr/share/postgresql/16/man/man7/CREATE_GROUP.7.gz
/usr/share/postgresql/16/man/man7/CREATE_INDEX.7.gz
/usr/share/postgresql/16/man/man7/CREATE_LANGUAGE.7.gz
/usr/share/postgresql/16/man/man7/CREATE_MATERIALIZED_VIEW.7.gz
/usr/share/postgresql/16/man/man7/CREATE_OPERATOR.7.gz
/usr/share/postgresql/16/man/man7/CREATE_OPERATOR_CLASS.7.gz
/usr/share/postgresql/16/man/man7/CREATE_OPERATOR_FAMILY.7.gz
/usr/share/postgresql/16/man/man7/CREATE_POLICY.7.gz
/usr/share/postgresql/16/man/man7/CREATE_PROCEDURE.7.gz
/usr/share/postgresql/16/man/man7/CREATE_PUBLICATION.7.gz
/usr/share/postgresql/16/man/man7/CREATE_ROLE.7.gz
/usr/share/postgresql/16/man/man7/CREATE_RULE.7.gz
/usr/share/postgresql/16/man/man7/CREATE_SCHEMA.7.gz
/usr/share/postgresql/16/man/man7/CREATE_SEQUENCE.7.gz
/usr/share/postgresql/16/man/man7/CREATE_SERVER.7.gz
/usr/share/postgresql/16/man/man7/CREATE_STATISTICS.7.gz
/usr/share/postgresql/16/man/man7/CREATE_SUBSCRIPTION.7.gz
/usr/share/postgresql/16/man/man7/CREATE_TABLE.7.gz
/usr/share/postgresql/16/man/man7/CREATE_TABLESPACE.7.gz
/usr/share/postgresql/16/man/man7/CREATE_TABLE_AS.7.gz
/usr/share/postgresql/16/man/man7/CREATE_TEXT_SEARCH_CONFIGURATION.7.gz
/usr/share/postgresql/16/man/man7/CREATE_TEXT_SEARCH_DICTIONARY.7.gz
/usr/share/postgresql/16/man/man7/CREATE_TEXT_SEARCH_PARSER.7.gz
/usr/share/postgresql/16/man/man7/CREATE_TEXT_SEARCH_TEMPLATE.7.gz
/usr/share/postgresql/16/man/man7/CREATE_TRANSFORM.7.gz
/usr/share/postgresql/16/man/man7/CREATE_TRIGGER.7.gz
/usr/share/postgresql/16/man/man7/CREATE_TYPE.7.gz
/usr/share/postgresql/16/man/man7/CREATE_USER.7.gz
/usr/share/postgresql/16/man/man7/CREATE_USER_MAPPING.7.gz
/usr/share/postgresql/16/man/man7/CREATE_VIEW.7.gz
/usr/share/postgresql/16/man/man7/DEALLOCATE.7.gz
/usr/share/postgresql/16/man/man7/DECLARE.7.gz
/usr/share/postgresql/16/man/man7/DELETE.7.gz
/usr/share/postgresql/16/man/man7/DISCARD.7.gz
/usr/share/postgresql/16/man/man7/DO.7.gz
/usr/share/postgresql/16/man/man7/DROP_ACCESS_METHOD.7.gz
/usr/share/postgresql/16/man/man7/DROP_AGGREGATE.7.gz
/usr/share/postgresql/16/man/man7/DROP_CAST.7.gz
/usr/share/postgresql/16/man/man7/DROP_COLLATION.7.gz
/usr/share/postgresql/16/man/man7/DROP_CONVERSION.7.gz
/usr/share/postgresql/16/man/man7/DROP_DATABASE.7.gz
/usr/share/postgresql/16/man/man7/DROP_DOMAIN.7.gz
/usr/share/postgresql/16/man/man7/DROP_EVENT_TRIGGER.7.gz
/usr/share/postgresql/16/man/man7/DROP_EXTENSION.7.gz
/usr/share/postgresql/16/man/man7/DROP_FOREIGN_DATA_WRAPPER.7.gz
/usr/share/postgresql/16/man/man7/DROP_FOREIGN_TABLE.7.gz
/usr/share/postgresql/16/man/man7/DROP_FUNCTION.7.gz
/usr/share/postgresql/16/man/man7/DROP_GROUP.7.gz
/usr/share/postgresql/16/man/man7/DROP_INDEX.7.gz
/usr/share/postgresql/16/man/man7/DROP_LANGUAGE.7.gz
/usr/share/postgresql/16/man/man7/DROP_MATERIALIZED_VIEW.7.gz
/usr/share/postgresql/16/man/man7/DROP_OPERATOR.7.gz
/usr/share/postgresql/16/man/man7/DROP_OPERATOR_CLASS.7.gz
/usr/share/postgresql/16/man/man7/DROP_OPERATOR_FAMILY.7.gz
/usr/share/postgresql/16/man/man7/DROP_OWNED.7.gz
/usr/share/postgresql/16/man/man7/DROP_POLICY.7.gz
/usr/share/postgresql/16/man/man7/DROP_PROCEDURE.7.gz
/usr/share/postgresql/16/man/man7/DROP_PUBLICATION.7.gz
/usr/share/postgresql/16/man/man7/DROP_ROLE.7.gz
/usr/share/postgresql/16/man/man7/DROP_ROUTINE.7.gz
/usr/share/postgresql/16/man/man7/DROP_RULE.7.gz
/usr/share/postgresql/16/man/man7/DROP_SCHEMA.7.gz
/usr/share/postgresql/16/man/man7/DROP_SEQUENCE.7.gz
/usr/share/postgresql/16/man/man7/DROP_SERVER.7.gz
/usr/share/postgresql/16/man/man7/DROP_STATISTICS.7.gz
/usr/share/postgresql/16/man/man7/DROP_SUBSCRIPTION.7.gz
/usr/share/postgresql/16/man/man7/DROP_TABLE.7.gz
/usr/share/postgresql/16/man/man7/DROP_TABLESPACE.7.gz
/usr/share/postgresql/16/man/man7/DROP_TEXT_SEARCH_CONFIGURATION.7.gz
/usr/share/postgresql/16/man/man7/DROP_TEXT_SEARCH_DICTIONARY.7.gz
/usr/share/postgresql/16/man/man7/DROP_TEXT_SEARCH_PARSER.7.gz
/usr/share/postgresql/16/man/man7/DROP_TEXT_SEARCH_TEMPLATE.7.gz
/usr/share/postgresql/16/man/man7/DROP_TRANSFORM.7.gz
/usr/share/postgresql/16/man/man7/DROP_TRIGGER.7.gz
/usr/share/postgresql/16/man/man7/DROP_TYPE.7.gz
/usr/share/postgresql/16/man/man7/DROP_USER.7.gz
/usr/share/postgresql/16/man/man7/DROP_USER_MAPPING.7.gz
/usr/share/postgresql/16/man/man7/DROP_VIEW.7.gz
/usr/share/postgresql/16/man/man7/END.7.gz
/usr/share/postgresql/16/man/man7/EXECUTE.7.gz
/usr/share/postgresql/16/man/man7/EXPLAIN.7.gz
/usr/share/postgresql/16/man/man7/FETCH.7.gz
/usr/share/postgresql/16/man/man7/GRANT.7.gz
/usr/share/postgresql/16/man/man7/IMPORT_FOREIGN_SCHEMA.7.gz
/usr/share/postgresql/16/man/man7/INSERT.7.gz
/usr/share/postgresql/16/man/man7/LISTEN.7.gz
/usr/share/postgresql/16/man/man7/LOAD.7.gz
/usr/share/postgresql/16/man/man7/LOCK.7.gz
/usr/share/postgresql/16/man/man7/MERGE.7.gz
/usr/share/postgresql/16/man/man7/MOVE.7.gz
/usr/share/postgresql/16/man/man7/NOTIFY.7.gz
/usr/share/postgresql/16/man/man7/PREPARE.7.gz
/usr/share/postgresql/16/man/man7/PREPARE_TRANSACTION.7.gz
/usr/share/postgresql/16/man/man7/REASSIGN_OWNED.7.gz
/usr/share/postgresql/16/man/man7/REFRESH_MATERIALIZED_VIEW.7.gz
/usr/share/postgresql/16/man/man7/REINDEX.7.gz
/usr/share/postgresql/16/man/man7/RELEASE_SAVEPOINT.7.gz
/usr/share/postgresql/16/man/man7/RESET.7.gz
/usr/share/postgresql/16/man/man7/REVOKE.7.gz
/usr/share/postgresql/16/man/man7/ROLLBACK.7.gz
/usr/share/postgresql/16/man/man7/ROLLBACK_PREPARED.7.gz
/usr/share/postgresql/16/man/man7/ROLLBACK_TO_SAVEPOINT.7.gz
/usr/share/postgresql/16/man/man7/SAVEPOINT.7.gz
/usr/share/postgresql/16/man/man7/SECURITY_LABEL.7.gz
/usr/share/postgresql/16/man/man7/SELECT.7.gz
/usr/share/postgresql/16/man/man7/SELECT_INTO.7.gz
/usr/share/postgresql/16/man/man7/SET.7.gz
/usr/share/postgresql/16/man/man7/SET_CONSTRAINTS.7.gz
/usr/share/postgresql/16/man/man7/SET_ROLE.7.gz
/usr/share/postgresql/16/man/man7/SET_SESSION_AUTHORIZATION.7.gz
/usr/share/postgresql/16/man/man7/SET_TRANSACTION.7.gz
/usr/share/postgresql/16/man/man7/SHOW.7.gz
/usr/share/postgresql/16/man/man7/START_TRANSACTION.7.gz
/usr/share/postgresql/16/man/man7/TABLE.7.gz
/usr/share/postgresql/16/man/man7/TRUNCATE.7.gz
/usr/share/postgresql/16/man/man7/UNLISTEN.7.gz
/usr/share/postgresql/16/man/man7/UPDATE.7.gz
/usr/share/postgresql/16/man/man7/VACUUM.7.gz
/usr/share/postgresql/16/man/man7/VALUES.7.gz
/usr/share/postgresql/16/man/man7/WITH.7.gz
/usr/share/postgresql/16/psqlrc.sample

dpkg -L postgresql-doc-16
dpkg-query: package 'postgresql-doc-16' is not installed
Use dpkg --contents (= dpkg-deb --contents) to list archive files contents.

dpkg -L ca-certificates
dpkg-query: package 'ca-certificates' is not installed
Use dpkg --contents (= dpkg-deb --contents) to list archive files contents.

dpkg -L sysstat
dpkg-query: package 'sysstat' is not installed
Use dpkg --contents (= dpkg-deb --contents) to list archive files contents.

dpkg -L postgresql-16
/.
/usr
/usr/lib
/usr/lib/postgresql
/usr/lib/postgresql/16
/usr/lib/postgresql/16/bin
/usr/lib/postgresql/16/bin/initdb
/usr/lib/postgresql/16/bin/oid2name
/usr/lib/postgresql/16/bin/pg_archivecleanup
/usr/lib/postgresql/16/bin/pg_checksums
/usr/lib/postgresql/16/bin/pg_controldata
/usr/lib/postgresql/16/bin/pg_ctl
/usr/lib/postgresql/16/bin/pg_resetwal
/usr/lib/postgresql/16/bin/pg_rewind
/usr/lib/postgresql/16/bin/pg_test_fsync
/usr/lib/postgresql/16/bin/pg_test_timing
/usr/lib/postgresql/16/bin/pg_upgrade
/usr/lib/postgresql/16/bin/pg_waldump
/usr/lib/postgresql/16/bin/pgbench
/usr/lib/postgresql/16/bin/postgres
/usr/lib/postgresql/16/bin/vacuumlo
/usr/lib/postgresql/16/lib
/usr/lib/postgresql/16/lib/_int.so
/usr/lib/postgresql/16/lib/adminpack.so
/usr/lib/postgresql/16/lib/amcheck.so
/usr/lib/postgresql/16/lib/auth_delay.so
/usr/lib/postgresql/16/lib/auto_explain.so
/usr/lib/postgresql/16/lib/autoinc.so
/usr/lib/postgresql/16/lib/basebackup_to_shell.so
/usr/lib/postgresql/16/lib/basic_archive.so
/usr/lib/postgresql/16/lib/bitcode
/usr/lib/postgresql/16/lib/bitcode/_int
/usr/lib/postgresql/16/lib/bitcode/_int/_int_bool.bc
/usr/lib/postgresql/16/lib/bitcode/_int/_int_gin.bc
/usr/lib/postgresql/16/lib/bitcode/_int/_int_gist.bc
/usr/lib/postgresql/16/lib/bitcode/_int/_int_op.bc
/usr/lib/postgresql/16/lib/bitcode/_int/_int_selfuncs.bc
/usr/lib/postgresql/16/lib/bitcode/_int/_int_tool.bc
/usr/lib/postgresql/16/lib/bitcode/_int/_intbig_gist.bc
/usr/lib/postgresql/16/lib/bitcode/_int.index.bc
/usr/lib/postgresql/16/lib/bitcode/adminpack
/usr/lib/postgresql/16/lib/bitcode/adminpack/adminpack.bc
/usr/lib/postgresql/16/lib/bitcode/adminpack.index.bc
/usr/lib/postgresql/16/lib/bitcode/amcheck
/usr/lib/postgresql/16/lib/bitcode/amcheck/verify_heapam.bc
/usr/lib/postgresql/16/lib/bitcode/amcheck/verify_nbtree.bc
/usr/lib/postgresql/16/lib/bitcode/amcheck.index.bc
/usr/lib/postgresql/16/lib/bitcode/auth_delay
/usr/lib/postgresql/16/lib/bitcode/auth_delay/auth_delay.bc
/usr/lib/postgresql/16/lib/bitcode/auth_delay.index.bc
/usr/lib/postgresql/16/lib/bitcode/auto_explain
/usr/lib/postgresql/16/lib/bitcode/auto_explain/auto_explain.bc
/usr/lib/postgresql/16/lib/bitcode/auto_explain.index.bc
/usr/lib/postgresql/16/lib/bitcode/autoinc
/usr/lib/postgresql/16/lib/bitcode/autoinc/autoinc.bc
/usr/lib/postgresql/16/lib/bitcode/autoinc.index.bc
/usr/lib/postgresql/16/lib/bitcode/basebackup_to_shell
/usr/lib/postgresql/16/lib/bitcode/basebackup_to_shell/basebackup_to_shell.bc
/usr/lib/postgresql/16/lib/bitcode/basebackup_to_shell.index.bc
/usr/lib/postgresql/16/lib/bitcode/basic_archive
/usr/lib/postgresql/16/lib/bitcode/basic_archive/basic_archive.bc
/usr/lib/postgresql/16/lib/bitcode/basic_archive.index.bc
/usr/lib/postgresql/16/lib/bitcode/bloom
/usr/lib/postgresql/16/lib/bitcode/bloom/blcost.bc
/usr/lib/postgresql/16/lib/bitcode/bloom/blinsert.bc
/usr/lib/postgresql/16/lib/bitcode/bloom/blscan.bc
/usr/lib/postgresql/16/lib/bitcode/bloom/blutils.bc
/usr/lib/postgresql/16/lib/bitcode/bloom/blvacuum.bc
/usr/lib/postgresql/16/lib/bitcode/bloom/blvalidate.bc
/usr/lib/postgresql/16/lib/bitcode/bloom.index.bc
/usr/lib/postgresql/16/lib/bitcode/btree_gin
/usr/lib/postgresql/16/lib/bitcode/btree_gin/btree_gin.bc
/usr/lib/postgresql/16/lib/bitcode/btree_gin.index.bc
/usr/lib/postgresql/16/lib/bitcode/btree_gist
/usr/lib/postgresql/16/lib/bitcode/btree_gist/btree_bit.bc
/usr/lib/postgresql/16/lib/bitcode/btree_gist/btree_bool.bc
/usr/lib/postgresql/16/lib/bitcode/btree_gist/btree_bytea.bc
/usr/lib/postgresql/16/lib/bitcode/btree_gist/btree_cash.bc
/usr/lib/postgresql/16/lib/bitcode/btree_gist/btree_date.bc
/usr/lib/postgresql/16/lib/bitcode/btree_gist/btree_enum.bc
/usr/lib/postgresql/16/lib/bitcode/btree_gist/btree_float4.bc
/usr/lib/postgresql/16/lib/bitcode/btree_gist/btree_float8.bc
/usr/lib/postgresql/16/lib/bitcode/btree_gist/btree_gist.bc
/usr/lib/postgresql/16/lib/bitcode/btree_gist/btree_inet.bc
/usr/lib/postgresql/16/lib/bitcode/btree_gist/btree_int2.bc
/usr/lib/postgresql/16/lib/bitcode/btree_gist/btree_int4.bc
/usr/lib/postgresql/16/lib/bitcode/btree_gist/btree_int8.bc
/usr/lib/postgresql/16/lib/bitcode/btree_gist/btree_interval.bc
/usr/lib/postgresql/16/lib/bitcode/btree_gist/btree_macaddr.bc
/usr/lib/postgresql/16/lib/bitcode/btree_gist/btree_macaddr8.bc
/usr/lib/postgresql/16/lib/bitcode/btree_gist/btree_numeric.bc
/usr/lib/postgresql/16/lib/bitcode/btree_gist/btree_oid.bc
/usr/lib/postgresql/16/lib/bitcode/btree_gist/btree_text.bc
/usr/lib/postgresql/16/lib/bitcode/btree_gist/btree_time.bc
/usr/lib/postgresql/16/lib/bitcode/btree_gist/btree_ts.bc
/usr/lib/postgresql/16/lib/bitcode/btree_gist/btree_utils_num.bc
/usr/lib/postgresql/16/lib/bitcode/btree_gist/btree_utils_var.bc
/usr/lib/postgresql/16/lib/bitcode/btree_gist/btree_uuid.bc
/usr/lib/postgresql/16/lib/bitcode/btree_gist.index.bc
/usr/lib/postgresql/16/lib/bitcode/citext
/usr/lib/postgresql/16/lib/bitcode/citext/citext.bc
/usr/lib/postgresql/16/lib/bitcode/citext.index.bc
/usr/lib/postgresql/16/lib/bitcode/cube
/usr/lib/postgresql/16/lib/bitcode/cube/cube.bc
/usr/lib/postgresql/16/lib/bitcode/cube/cubeparse.bc
/usr/lib/postgresql/16/lib/bitcode/cube/cubescan.bc
/usr/lib/postgresql/16/lib/bitcode/cube.index.bc
/usr/lib/postgresql/16/lib/bitcode/dblink
/usr/lib/postgresql/16/lib/bitcode/dblink/dblink.bc
/usr/lib/postgresql/16/lib/bitcode/dblink.index.bc
/usr/lib/postgresql/16/lib/bitcode/dict_int
/usr/lib/postgresql/16/lib/bitcode/dict_int/dict_int.bc
/usr/lib/postgresql/16/lib/bitcode/dict_int.index.bc
/usr/lib/postgresql/16/lib/bitcode/dict_xsyn
/usr/lib/postgresql/16/lib/bitcode/dict_xsyn/dict_xsyn.bc
/usr/lib/postgresql/16/lib/bitcode/dict_xsyn.index.bc
/usr/lib/postgresql/16/lib/bitcode/earthdistance
/usr/lib/postgresql/16/lib/bitcode/earthdistance/earthdistance.bc
/usr/lib/postgresql/16/lib/bitcode/earthdistance.index.bc
/usr/lib/postgresql/16/lib/bitcode/file_fdw
/usr/lib/postgresql/16/lib/bitcode/file_fdw/file_fdw.bc
/usr/lib/postgresql/16/lib/bitcode/file_fdw.index.bc
/usr/lib/postgresql/16/lib/bitcode/fuzzystrmatch
/usr/lib/postgresql/16/lib/bitcode/fuzzystrmatch/daitch_mokotoff.bc
/usr/lib/postgresql/16/lib/bitcode/fuzzystrmatch/dmetaphone.bc
/usr/lib/postgresql/16/lib/bitcode/fuzzystrmatch/fuzzystrmatch.bc
/usr/lib/postgresql/16/lib/bitcode/fuzzystrmatch.index.bc
/usr/lib/postgresql/16/lib/bitcode/hstore
/usr/lib/postgresql/16/lib/bitcode/hstore/hstore_compat.bc
/usr/lib/postgresql/16/lib/bitcode/hstore/hstore_gin.bc
/usr/lib/postgresql/16/lib/bitcode/hstore/hstore_gist.bc
/usr/lib/postgresql/16/lib/bitcode/hstore/hstore_io.bc
/usr/lib/postgresql/16/lib/bitcode/hstore/hstore_op.bc
/usr/lib/postgresql/16/lib/bitcode/hstore/hstore_subs.bc
/usr/lib/postgresql/16/lib/bitcode/hstore.index.bc
/usr/lib/postgresql/16/lib/bitcode/insert_username
/usr/lib/postgresql/16/lib/bitcode/insert_username/insert_username.bc
/usr/lib/postgresql/16/lib/bitcode/insert_username.index.bc
/usr/lib/postgresql/16/lib/bitcode/isn
/usr/lib/postgresql/16/lib/bitcode/isn/isn.bc
/usr/lib/postgresql/16/lib/bitcode/isn.index.bc
/usr/lib/postgresql/16/lib/bitcode/lo
/usr/lib/postgresql/16/lib/bitcode/lo/lo.bc
/usr/lib/postgresql/16/lib/bitcode/lo.index.bc
/usr/lib/postgresql/16/lib/bitcode/ltree
/usr/lib/postgresql/16/lib/bitcode/ltree/_ltree_gist.bc
/usr/lib/postgresql/16/lib/bitcode/ltree/_ltree_op.bc
/usr/lib/postgresql/16/lib/bitcode/ltree/crc32.bc
/usr/lib/postgresql/16/lib/bitcode/ltree/lquery_op.bc
/usr/lib/postgresql/16/lib/bitcode/ltree/ltree_gist.bc
/usr/lib/postgresql/16/lib/bitcode/ltree/ltree_io.bc
/usr/lib/postgresql/16/lib/bitcode/ltree/ltree_op.bc
/usr/lib/postgresql/16/lib/bitcode/ltree/ltxtquery_io.bc
/usr/lib/postgresql/16/lib/bitcode/ltree/ltxtquery_op.bc
/usr/lib/postgresql/16/lib/bitcode/ltree.index.bc
/usr/lib/postgresql/16/lib/bitcode/moddatetime
/usr/lib/postgresql/16/lib/bitcode/moddatetime/moddatetime.bc
/usr/lib/postgresql/16/lib/bitcode/moddatetime.index.bc
/usr/lib/postgresql/16/lib/bitcode/old_snapshot
/usr/lib/postgresql/16/lib/bitcode/old_snapshot/time_mapping.bc
/usr/lib/postgresql/16/lib/bitcode/old_snapshot.index.bc
/usr/lib/postgresql/16/lib/bitcode/pageinspect
/usr/lib/postgresql/16/lib/bitcode/pageinspect/brinfuncs.bc
/usr/lib/postgresql/16/lib/bitcode/pageinspect/btreefuncs.bc
/usr/lib/postgresql/16/lib/bitcode/pageinspect/fsmfuncs.bc
/usr/lib/postgresql/16/lib/bitcode/pageinspect/ginfuncs.bc
/usr/lib/postgresql/16/lib/bitcode/pageinspect/gistfuncs.bc
/usr/lib/postgresql/16/lib/bitcode/pageinspect/hashfuncs.bc
/usr/lib/postgresql/16/lib/bitcode/pageinspect/heapfuncs.bc
/usr/lib/postgresql/16/lib/bitcode/pageinspect/rawpage.bc
/usr/lib/postgresql/16/lib/bitcode/pageinspect.index.bc
/usr/lib/postgresql/16/lib/bitcode/passwordcheck
/usr/lib/postgresql/16/lib/bitcode/passwordcheck/passwordcheck.bc
/usr/lib/postgresql/16/lib/bitcode/passwordcheck.index.bc
/usr/lib/postgresql/16/lib/bitcode/pg_buffercache
/usr/lib/postgresql/16/lib/bitcode/pg_buffercache/pg_buffercache_pages.bc
/usr/lib/postgresql/16/lib/bitcode/pg_buffercache.index.bc
/usr/lib/postgresql/16/lib/bitcode/pg_freespacemap
/usr/lib/postgresql/16/lib/bitcode/pg_freespacemap/pg_freespacemap.bc
/usr/lib/postgresql/16/lib/bitcode/pg_freespacemap.index.bc
/usr/lib/postgresql/16/lib/bitcode/pg_prewarm
/usr/lib/postgresql/16/lib/bitcode/pg_prewarm/autoprewarm.bc
/usr/lib/postgresql/16/lib/bitcode/pg_prewarm/pg_prewarm.bc
/usr/lib/postgresql/16/lib/bitcode/pg_prewarm.index.bc
/usr/lib/postgresql/16/lib/bitcode/pg_stat_statements
/usr/lib/postgresql/16/lib/bitcode/pg_stat_statements/pg_stat_statements.bc
/usr/lib/postgresql/16/lib/bitcode/pg_stat_statements.index.bc
/usr/lib/postgresql/16/lib/bitcode/pg_surgery
/usr/lib/postgresql/16/lib/bitcode/pg_surgery/heap_surgery.bc
/usr/lib/postgresql/16/lib/bitcode/pg_surgery.index.bc
/usr/lib/postgresql/16/lib/bitcode/pg_trgm
/usr/lib/postgresql/16/lib/bitcode/pg_trgm/trgm_gin.bc
/usr/lib/postgresql/16/lib/bitcode/pg_trgm/trgm_gist.bc
/usr/lib/postgresql/16/lib/bitcode/pg_trgm/trgm_op.bc
/usr/lib/postgresql/16/lib/bitcode/pg_trgm/trgm_regexp.bc
/usr/lib/postgresql/16/lib/bitcode/pg_trgm.index.bc
/usr/lib/postgresql/16/lib/bitcode/pg_visibility
/usr/lib/postgresql/16/lib/bitcode/pg_visibility/pg_visibility.bc
/usr/lib/postgresql/16/lib/bitcode/pg_visibility.index.bc
/usr/lib/postgresql/16/lib/bitcode/pg_walinspect
/usr/lib/postgresql/16/lib/bitcode/pg_walinspect/pg_walinspect.bc
/usr/lib/postgresql/16/lib/bitcode/pg_walinspect.index.bc
/usr/lib/postgresql/16/lib/bitcode/pgcrypto
/usr/lib/postgresql/16/lib/bitcode/pgcrypto/crypt-blowfish.bc
/usr/lib/postgresql/16/lib/bitcode/pgcrypto/crypt-des.bc
/usr/lib/postgresql/16/lib/bitcode/pgcrypto/crypt-gensalt.bc
/usr/lib/postgresql/16/lib/bitcode/pgcrypto/crypt-md5.bc
/usr/lib/postgresql/16/lib/bitcode/pgcrypto/mbuf.bc
/usr/lib/postgresql/16/lib/bitcode/pgcrypto/openssl.bc
/usr/lib/postgresql/16/lib/bitcode/pgcrypto/pgcrypto.bc
/usr/lib/postgresql/16/lib/bitcode/pgcrypto/pgp-armor.bc
/usr/lib/postgresql/16/lib/bitcode/pgcrypto/pgp-cfb.bc
/usr/lib/postgresql/16/lib/bitcode/pgcrypto/pgp-compress.bc
/usr/lib/postgresql/16/lib/bitcode/pgcrypto/pgp-decrypt.bc
/usr/lib/postgresql/16/lib/bitcode/pgcrypto/pgp-encrypt.bc
/usr/lib/postgresql/16/lib/bitcode/pgcrypto/pgp-info.bc
/usr/lib/postgresql/16/lib/bitcode/pgcrypto/pgp-mpi-openssl.bc
/usr/lib/postgresql/16/lib/bitcode/pgcrypto/pgp-mpi.bc
/usr/lib/postgresql/16/lib/bitcode/pgcrypto/pgp-pgsql.bc
/usr/lib/postgresql/16/lib/bitcode/pgcrypto/pgp-pubdec.bc
/usr/lib/postgresql/16/lib/bitcode/pgcrypto/pgp-pubenc.bc
/usr/lib/postgresql/16/lib/bitcode/pgcrypto/pgp-pubkey.bc
/usr/lib/postgresql/16/lib/bitcode/pgcrypto/pgp-s2k.bc
/usr/lib/postgresql/16/lib/bitcode/pgcrypto/pgp.bc
/usr/lib/postgresql/16/lib/bitcode/pgcrypto/px-crypt.bc
/usr/lib/postgresql/16/lib/bitcode/pgcrypto/px-hmac.bc
/usr/lib/postgresql/16/lib/bitcode/pgcrypto/px.bc
/usr/lib/postgresql/16/lib/bitcode/pgcrypto.index.bc
/usr/lib/postgresql/16/lib/bitcode/pgrowlocks
/usr/lib/postgresql/16/lib/bitcode/pgrowlocks/pgrowlocks.bc
/usr/lib/postgresql/16/lib/bitcode/pgrowlocks.index.bc
/usr/lib/postgresql/16/lib/bitcode/pgstattuple
/usr/lib/postgresql/16/lib/bitcode/pgstattuple/pgstatapprox.bc
/usr/lib/postgresql/16/lib/bitcode/pgstattuple/pgstatindex.bc
/usr/lib/postgresql/16/lib/bitcode/pgstattuple/pgstattuple.bc
/usr/lib/postgresql/16/lib/bitcode/pgstattuple.index.bc
/usr/lib/postgresql/16/lib/bitcode/pgxml
/usr/lib/postgresql/16/lib/bitcode/pgxml/xpath.bc
/usr/lib/postgresql/16/lib/bitcode/pgxml/xslt_proc.bc
/usr/lib/postgresql/16/lib/bitcode/pgxml.index.bc
/usr/lib/postgresql/16/lib/bitcode/postgres
/usr/lib/postgresql/16/lib/bitcode/postgres/access
/usr/lib/postgresql/16/lib/bitcode/postgres/access/brin
/usr/lib/postgresql/16/lib/bitcode/postgres/access/brin/brin.bc
/usr/lib/postgresql/16/lib/bitcode/postgres/access/brin/brin_bloom.bc
/usr/lib/postgresql/16/lib/bitcode/postgres/access/brin/brin_inclusion.bc
/usr/lib/postgresql/16/lib/bitcode/postgres/access/brin/brin_minmax.bc
/usr/lib/postgresql/16/lib/bitcode/postgres/access/brin/brin_minmax_multi.bc
/usr/lib/postgresql/16/lib/bitcode/postgres/access/brin/brin_pageops.bc
/usr/lib/postgresql/16/lib/bitcode/postgres/access/brin/brin_revmap.bc
/usr/lib/postgresql/16/lib/bitcode/postgres/access/brin/brin_tuple.bc
/usr/lib/postgresql/16/lib/bitcode/postgres/access/brin/brin_validate.bc
/usr/lib/postgresql/16/lib/bitcode/postgres/access/brin/brin_xlog.bc
/usr/lib/postgresql/16/lib/bitcode/postgres/access/common
/usr/lib/postgresql/16/lib/bitcode/postgres/access/common/attmap.bc
/usr/lib/postgresql/16/lib/bitcode/postgres/access/common/bufmask.bc
/usr/lib/postgresql/16/lib/bitcode/postgres/access/common/detoast.bc
/usr/lib/postgresql/16/lib/bitcode/postgres/access/common/heaptuple.bc
/usr/lib/postgresql/16/lib/bitcode/postgres/access/common/indextuple.bc
/usr/lib/postgresql/16/lib/bitcode/postgres/access/common/printsimple.bc
/usr/lib/postgresql/16/lib/bitcode/postgres/access/common/printtup.bc
/usr/lib/postgresql/16/lib/bitcode/postgres/access/common/relation.bc
/usr/lib/postgresql/16/lib/bitcode/postgres/access/common/reloptions.bc
/usr/lib/postgresql/16/lib/bitcode/postgres/access/common/scankey.bc
/usr/lib/postgresql/16/lib/bitcode/postgres/access/common/session.bc
/usr/lib/postgresql/16/lib/bitcode/postgres/access/common/syncscan.bc
/usr/lib/postgresql/16/lib/bitcode/postgres/access/common/toast_compression.bc
/usr/lib/postgresql/16/lib/bitcode/postgres/access/common/toast_internals.bc
/usr/lib/postgresql/16/lib/bitcode/postgres/access/common/tupconvert.bc
/usr/lib/postgresql/16/lib/bitcode/postgres/access/common/tupdesc.bc
/usr/lib/postgresql/16/lib/bitcode/postgres/access/gin
/usr/lib/postgresql/16/lib/bitcode/postgres/access/gin/ginarrayproc.bc
/usr/lib/postgresql/16/lib/bitcode/postgres/access/gin/ginbtree.bc
/usr/lib/postgresql/16/lib/bitcode/postgres/access/gin/ginbulk.bc
/usr/lib/postgresql/16/lib/bitcode/postgres/access/gin/gindatapage.bc
/usr/lib/postgresql/16/lib/bitcode/postgres/access/gin/ginentrypage.bc
/usr/lib/postgresql/16/lib/bitcode/postgres/access/gin/ginfast.bc
/usr/lib/postgresql/16/lib/bitcode/postgres/access/gin/ginget.bc
/usr/lib/postgresql/16/lib/bitcode/postgres/access/gin/gininsert.bc
/usr/lib/postgresql/16/lib/bitcode/postgres/access/gin/ginlogic.bc
/usr/lib/postgresql/16/lib/bitcode/postgres/access/gin/ginpostinglist.bc
/usr/lib/postgresql/16/lib/bitcode/postgres/access/gin/ginscan.bc
/usr/lib/postgresql/16/lib/bitcode/postgres/access/gin/ginutil.bc
/usr/lib/postgresql/16/lib/bitcode/postgres/access/gin/ginvacuum.bc
/usr/lib/postgresql/16/lib/bitcode/postgres/access/gin/ginvalidate.bc
/usr/lib/postgresql/16/lib/bitcode/postgres/access/gin/ginxlog.bc
/usr/lib/postgresql/16/lib/bitcode/postgres/access/gist
/usr/lib/postgresql/16/lib/bitcode/postgres/access/gist/gist.bc
/usr/lib/postgresql/16/lib/bitcode/postgres/access/gist/gistbuild.bc
/usr/lib/postgresql/16/lib/bitcode/postgres/access/gist/gistbuildbuffers.bc
/usr/lib/postgresql/16/lib/bitcode/postgres/access/gist/gistget.bc
/usr/lib/postgresql/16/lib/bitcode/postgres/access/gist/gistproc.bc
/usr/lib/postgresql/16/lib/bitcode/postgres/access/gist/gistscan.bc
/usr/lib/postgresql/16/lib/bitcode/postgres/access/gist/gistsplit.bc
/usr/lib/postgresql/16/lib/bitcode/postgres/access/gist/gistutil.bc
/usr/lib/postgresql/16/lib/bitcode/postgres/access/gist/gistvacuum.bc
/usr/lib/postgresql/16/lib/bitcode/postgres/access/gist/gistvalidate.bc
/usr/lib/postgresql/16/lib/bitcode/postgres/access/gist/gistxlog.bc
/usr/lib/postgresql/16/lib/bitcode/postgres/access/hash
/usr/lib/postgresql/16/lib/bitcode/postgres/access/hash/hash.bc
/usr/lib/postgresql/16/lib/bitcode/postgres/access/hash/hash_xlog.bc
/usr/lib/postgresql/16/lib/bitcode/postgres/access/hash/hashfunc.bc
/usr/lib/postgresql/16/lib/bitcode/postgres/access/hash/hashinsert.bc
/usr/lib/postgresql/16/lib/bitcode/postgres/access/hash/hashovfl.bc
/usr/lib/postgresql/16/lib/bitcode/postgres/access/hash/hashpage.bc
/usr/lib/postgresql/16/lib/bitcode/postgres/access/hash/hashsearch.bc
/usr/lib/postgresql/16/lib/bitcode/postgres/access/hash/hashsort.bc
/usr/lib/postgresql/16/lib/bitcode/postgres/access/hash/hashutil.bc
/usr/lib/postgresql/16/lib/bitcode/postgres/access/hash/hashvalidate.bc
/usr/lib/postgresql/16/lib/bitcode/postgres/access/heap
/usr/lib/postgresql/16/lib/bitcode/postgres/access/heap/heapam.bc
/usr/lib/postgresql/16/lib/bitcode/postgres/access/heap/heapam_handler.bc
/usr/lib/postgresql/16/lib/bitcode/postgres/access/heap/heapam_visibility.bc
/usr/lib/postgresql/16/lib/bitcode/postgres/access/heap/heaptoast.bc
/usr/lib/postgresql/16/lib/bitcode/postgres/access/heap/hio.bc
/usr/lib/postgresql/16/lib/bitcode/postgres/access/heap/pruneheap.bc
/usr/lib/postgresql/16/lib/bitcode/postgres/access/heap/rewriteheap.bc
/usr/lib/postgresql/16/lib/bitcode/postgres/access/heap/vacuumlazy.bc
/usr/lib/postgresql/16/lib/bitcode/postgres/access/heap/visibilitymap.bc
/usr/lib/postgresql/16/lib/bitcode/postgres/access/index
/usr/lib/postgresql/16/lib/bitcode/postgres/access/index/amapi.bc
/usr/lib/postgresql/16/lib/bitcode/postgres/access/index/amvalidate.bc
/usr/lib/postgresql/16/lib/bitcode/postgres/access/index/genam.bc
/usr/lib/postgresql/16/lib/bitcode/postgres/access/index/indexam.bc
/usr/lib/postgresql/16/lib/bitcode/postgres/access/nbtree
/usr/lib/postgresql/16/lib/bitcode/postgres/access/nbtree/nbtcompare.bc
/usr/lib/postgresql/16/lib/bitcode/postgres/access/nbtree/nbtdedup.bc
/usr/lib/postgresql/16/lib/bitcode/postgres/access/nbtree/nbtinsert.bc
/usr/lib/postgresql/16/lib/bitcode/postgres/access/nbtree/nbtpage.bc
/usr/lib/postgresql/16/lib/bitcode/postgres/access/nbtree/nbtree.bc
/usr/lib/postgresql/16/lib/bitcode/postgres/access/nbtree/nbtsearch.bc
/usr/lib/postgresql/16/lib/bitcode/postgres/access/nbtree/nbtsort.bc
/usr/lib/postgresql/16/lib/bitcode/postgres/access/nbtree/nbtsplitloc.bc
/usr/lib/postgresql/16/lib/bitcode/postgres/access/nbtree/nbtutils.bc
/usr/lib/postgresql/16/lib/bitcode/postgres/access/nbtree/nbtvalidate.bc
/usr/lib/postgresql/16/lib/bitcode/postgres/access/nbtree/nbtxlog.bc
/usr/lib/postgresql/16/lib/bitcode/postgres/access/rmgrdesc
/usr/lib/postgresql/16/lib/bitcode/postgres/access/rmgrdesc/brindesc.bc
/usr/lib/postgresql/16/lib/bitcode/postgres/access/rmgrdesc/clogdesc.bc
/usr/lib/postgresql/16/lib/bitcode/postgres/access/rmgrdesc/committsdesc.bc
/usr/lib/postgresql/16/lib/bitcode/postgres/access/rmgrdesc/dbasedesc.bc
/usr/lib/postgresql/16/lib/bitcode/postgres/access/rmgrdesc/genericdesc.bc
/usr/lib/postgresql/16/lib/bitcode/postgres/access/rmgrdesc/gindesc.bc
/usr/lib/postgresql/16/lib/bitcode/postgres/access/rmgrdesc/gistdesc.bc
/usr/lib/postgresql/16/lib/bitcode/postgres/access/rmgrdesc/hashdesc.bc
/usr/lib/postgresql/16/lib/bitcode/postgres/access/rmgrdesc/heapdesc.bc
/usr/lib/postgresql/16/lib/bitcode/postgres/access/rmgrdesc/logicalmsgdesc.bc
/usr/lib/postgresql/16/lib/bitcode/postgres/access/rmgrdesc/mxactdesc.bc
/usr/lib/postgresql/16/lib/bitcode/postgres/access/rmgrdesc/nbtdesc.bc
/usr/lib/postgresql/16/lib/bitcode/postgres/access/rmgrdesc/relmapdesc.bc
/usr/lib/postgresql/16/lib/bitcode/postgres/access/rmgrdesc/replorigindesc.bc
/usr/lib/postgresql/16/lib/bitcode/postgres/access/rmgrdesc/rmgrdesc_utils.bc
/usr/lib/postgresql/16/lib/bitcode/postgres/access/rmgrdesc/seqdesc.bc
/usr/lib/postgresql/16/lib/bitcode/postgres/access/rmgrdesc/smgrdesc.bc
/usr/lib/postgresql/16/lib/bitcode/postgres/access/rmgrdesc/spgdesc.bc
/usr/lib/postgresql/16/lib/bitcode/postgres/access/rmgrdesc/standbydesc.bc
/usr/lib/postgresql/16/lib/bitcode/postgres/access/rmgrdesc/tblspcdesc.bc
/usr/lib/postgresql/16/lib/bitcode/postgres/access/rmgrdesc/xactdesc.bc
/usr/lib/postgresql/16/lib/bitcode/postgres/access/rmgrdesc/xlogdesc.bc
/usr/lib/postgresql/16/lib/bitcode/postgres/access/spgist
/usr/lib/postgresql/16/lib/bitcode/postgres/access/spgist/spgdoinsert.bc
/usr/lib/postgresql/16/lib/bitcode/postgres/access/spgist/spginsert.bc
/usr/lib/postgresql/16/lib/bitcode/postgres/access/spgist/spgkdtreeproc.bc
/usr/lib/postgresql/16/lib/bitcode/postgres/access/spgist/spgproc.bc
/usr/lib/postgresql/16/lib/bitcode/postgres/access/spgist/spgquadtreeproc.bc
/usr/lib/postgresql/16/lib/bitcode/postgres/access/spgist/spgscan.bc
/usr/lib/postgresql/16/lib/bitcode/postgres/access/spgist/spgtextproc.bc
/usr/lib/postgresql/16/lib/bitcode/postgres/access/spgist/spgutils.bc
/usr/lib/postgresql/16/lib/bitcode/postgres/access/spgist/spgvacuum.bc
/usr/lib/postgresql/16/lib/bitcode/postgres/access/spgist/spgvalidate.bc
/usr/lib/postgresql/16/lib/bitcode/postgres/access/spgist/spgxlog.bc
/usr/lib/postgresql/16/lib/bitcode/postgres/access/table
/usr/lib/postgresql/16/lib/bitcode/postgres/access/table/table.bc
/usr/lib/postgresql/16/lib/bitcode/postgres/access/table/tableam.bc
/usr/lib/postgresql/16/lib/bitcode/postgres/access/table/tableamapi.bc
/usr/lib/postgresql/16/lib/bitcode/postgres/access/table/toast_helper.bc
/usr/lib/postgresql/16/lib/bitcode/postgres/access/tablesample
/usr/lib/postgresql/16/lib/bitcode/postgres/access/tablesample/bernoulli.bc
/usr/lib/postgresql/16/lib/bitcode/postgres/access/tablesample/system.bc
/usr/lib/postgresql/16/lib/bitcode/postgres/access/tablesample/tablesample.bc
/usr/lib/postgresql/16/lib/bitcode/postgres/access/transam
/usr/lib/postgresql/16/lib/bitcode/postgres/access/transam/clog.bc
/usr/lib/postgresql/16/lib/bitcode/postgres/access/transam/commit_ts.bc
/usr/lib/postgresql/16/lib/bitcode/postgres/access/transam/generic_xlog.bc
/usr/lib/postgresql/16/lib/bitcode/postgres/access/transam/multixact.bc
/usr/lib/postgresql/16/lib/bitcode/postgres/access/transam/parallel.bc
/usr/lib/postgresql/16/lib/bitcode/postgres/access/transam/rmgr.bc
/usr/lib/postgresql/16/lib/bitcode/postgres/access/transam/slru.bc
/usr/lib/postgresql/16/lib/bitcode/postgres/access/transam/subtrans.bc
/usr/lib/postgresql/16/lib/bitcode/postgres/access/transam/timeline.bc
/usr/lib/postgresql/16/lib/bitcode/postgres/access/transam/transam.bc
/usr/lib/postgresql/16/lib/bitcode/postgres/access/transam/twophase.bc
/usr/lib/postgresql/16/lib/bitcode/postgres/access/transam/twophase_rmgr.bc
/usr/lib/postgresql/16/lib/bitcode/postgres/access/transam/varsup.bc
/usr/lib/postgresql/16/lib/bitcode/postgres/access/transam/xact.bc
/usr/lib/postgresql/16/lib/bitcode/postgres/access/transam/xlog.bc
/usr/lib/postgresql/16/lib/bitcode/postgres/access/transam/xlogarchive.bc
/usr/lib/postgresql/16/lib/bitcode/postgres/access/transam/xlogbackup.bc
/usr/lib/postgresql/16/lib/bitcode/postgres/access/transam/xlogfuncs.bc
/usr/lib/postgresql/16/lib/bitcode/postgres/access/transam/xloginsert.bc
/usr/lib/postgresql/16/lib/bitcode/postgres/access/transam/xlogprefetcher.bc
/usr/lib/postgresql/16/lib/bitcode/postgres/access/transam/xlogreader.bc
/usr/lib/postgresql/16/lib/bitcode/postgres/access/transam/xlogrecovery.bc
/usr/lib/postgresql/16/lib/bitcode/postgres/access/transam/xlogstats.bc
/usr/lib/postgresql/16/lib/bitcode/postgres/access/transam/xlogutils.bc
/usr/lib/postgresql/16/lib/bitcode/postgres/archive
/usr/lib/postgresql/16/lib/bitcode/postgres/archive/shell_archive.bc
/usr/lib/postgresql/16/lib/bitcode/postgres/backup
/usr/lib/postgresql/16/lib/bitcode/postgres/backup/backup_manifest.bc
/usr/lib/postgresql/16/lib/bitcode/postgres/backup/basebackup.bc
/usr/lib/postgresql/16/lib/bitcode/postgres/backup/basebackup_copy.bc
/usr/lib/postgresql/16/lib/bitcode/postgres/backup/basebackup_gzip.bc
/usr/lib/postgresql/16/lib/bitcode/postgres/backup/basebackup_lz4.bc
/usr/lib/postgresql/16/lib/bitcode/postgres/backup/basebackup_progress.bc
/usr/lib/postgresql/16/lib/bitcode/postgres/backup/basebackup_server.bc
/usr/lib/postgresql/16/lib/bitcode/postgres/backup/basebackup_sink.bc
/usr/lib/postgresql/16/lib/bitcode/postgres/backup/basebackup_target.bc
/usr/lib/postgresql/16/lib/bitcode/postgres/backup/basebackup_throttle.bc
/usr/lib/postgresql/16/lib/bitcode/postgres/backup/basebackup_zstd.bc
/usr/lib/postgresql/16/lib/bitcode/postgres/bootstrap
/usr/lib/postgresql/16/lib/bitcode/postgres/bootstrap/bootparse.bc
/usr/lib/postgresql/16/lib/bitcode/postgres/bootstrap/bootscanner.bc
/usr/lib/postgresql/16/lib/bitcode/postgres/bootstrap/bootstrap.bc
/usr/lib/postgresql/16/lib/bitcode/postgres/catalog
/usr/lib/postgresql/16/lib/bitcode/postgres/catalog/aclchk.bc
/usr/lib/postgresql/16/lib/bitcode/postgres/catalog/catalog.bc
/usr/lib/postgresql/16/lib/bitcode/postgres/catalog/dependency.bc
/usr/lib/postgresql/16/lib/bitcode/postgres/catalog/heap.bc
/usr/lib/postgresql/16/lib/bitcode/postgres/catalog/index.bc
/usr/lib/postgresql/16/lib/bitcode/postgres/catalog/indexing.bc
/usr/lib/postgresql/16/lib/bitcode/postgres/catalog/namespace.bc
/usr/lib/postgresql/16/lib/bitcode/postgres/catalog/objectaccess.bc
/usr/lib/postgresql/16/lib/bitcode/postgres/catalog/objectaddress.bc
/usr/lib/postgresql/16/lib/bitcode/postgres/catalog/partition.bc
/usr/lib/postgresql/16/lib/bitcode/postgres/catalog/pg_aggregate.bc
/usr/lib/postgresql/16/lib/bitcode/postgres/catalog/pg_attrdef.bc
/usr/lib/postgresql/16/lib/bitcode/postgres/catalog/pg_cast.bc
/usr/lib/postgresql/16/lib/bitcode/postgres/catalog/pg_class.bc
/usr/lib/postgresql/16/lib/bitcode/postgres/catalog/pg_collation.bc
/usr/lib/postgresql/16/lib/bitcode/postgres/catalog/pg_constraint.bc
/usr/lib/postgresql/16/lib/bitcode/postgres/catalog/pg_conversion.bc
/usr/lib/postgresql/16/lib/bitcode/postgres/catalog/pg_db_role_setting.bc
/usr/lib/postgresql/16/lib/bitcode/postgres/catalog/pg_depend.bc
/usr/lib/postgresql/16/lib/bitcode/postgres/catalog/pg_enum.bc
/usr/lib/postgresql/16/lib/bitcode/postgres/catalog/pg_inherits.bc
/usr/lib/postgresql/16/lib/bitcode/postgres/catalog/pg_largeobject.bc
/usr/lib/postgresql/16/lib/bitcode/postgres/catalog/pg_namespace.bc
/usr/lib/postgresql/16/lib/bitcode/postgres/catalog/pg_operator.bc
/usr/lib/postgresql/16/lib/bitcode/postgres/catalog/pg_parameter_acl.bc
/usr/lib/postgresql/16/lib/bitcode/postgres/catalog/pg_proc.bc
/usr/lib/postgresql/16/lib/bitcode/postgres/catalog/pg_publication.bc
/usr/lib/postgresql/16/lib/bitcode/postgres/catalog/pg_range.bc
/usr/lib/postgresql/16/lib/bitcode/postgres/catalog/pg_shdepend.bc
/usr/lib/postgresql/16/lib/bitcode/postgres/catalog/pg_subscription.bc
/usr/lib/postgresql/16/lib/bitcode/postgres/catalog/pg_type.bc
/usr/lib/postgresql/16/lib/bitcode/postgres/catalog/storage.bc
/usr/lib/postgresql/16/lib/bitcode/postgres/catalog/toasting.bc
/usr/lib/postgresql/16/lib/bitcode/postgres/commands
/usr/lib/postgresql/16/lib/bitcode/postgres/commands/aggregatecmds.bc
/usr/lib/postgresql/16/lib/bitcode/postgres/commands/alter.bc
/usr/lib/postgresql/16/lib/bitcode/postgres/commands/amcmds.bc
/usr/lib/postgresql/16/lib/bitcode/postgres/commands/analyze.bc
/usr/lib/postgresql/16/lib/bitcode/postgres/commands/async.bc
/usr/lib/postgresql/16/lib/bitcode/postgres/commands/cluster.bc
/usr/lib/postgresql/16/lib/bitcode/postgres/commands/collationcmds.bc
/usr/lib/postgresql/16/lib/bitcode/postgres/commands/comment.bc
/usr/lib/postgresql/16/lib/bitcode/postgres/commands/constraint.bc
/usr/lib/postgresql/16/lib/bitcode/postgres/commands/conversioncmds.bc
/usr/lib/postgresql/16/lib/bitcode/postgres/commands/copy.bc
/usr/lib/postgresql/16/lib/bitcode/postgres/commands/copyfrom.bc
/usr/lib/postgresql/16/lib/bitcode/postgres/commands/copyfromparse.bc
/usr/lib/postgresql/16/lib/bitcode/postgres/commands/copyto.bc
/usr/lib/postgresql/16/lib/bitcode/postgres/commands/createas.bc
/usr/lib/postgresql/16/lib/bitcode/postgres/commands/dbcommands.bc
/usr/lib/postgresql/16/lib/bitcode/postgres/commands/define.bc
/usr/lib/postgresql/16/lib/bitcode/postgres/commands/discard.bc
/usr/lib/postgresql/16/lib/bitcode/postgres/commands/dropcmds.bc
/usr/lib/postgresql/16/lib/bitcode/postgres/commands/event_trigger.bc
/usr/lib/postgresql/16/lib/bitcode/postgres/commands/explain.bc
/usr/lib/postgresql/16/lib/bitcode/postgres/commands/extension.bc
/usr/lib/postgresql/16/lib/bitcode/postgres/commands/foreigncmds.bc
/usr/lib/postgresql/16/lib/bitcode/postgres/commands/functioncmds.bc
/usr/lib/postgresql/16/lib/bitcode/postgres/commands/indexcmds.bc
/usr/lib/postgresql/16/lib/bitcode/postgres/commands/lockcmds.bc
/usr/lib/postgresql/16/lib/bitcode/postgres/commands/matview.bc
/usr/lib/postgresql/16/lib/bitcode/postgres/commands/opclasscmds.bc
/usr/lib/postgresql/16/lib/bitcode/postgres/commands/operatorcmds.bc
/usr/lib/postgresql/16/lib/bitcode/postgres/commands/policy.bc
/usr/lib/postgresql/16/lib/bitcode/postgres/commands/portalcmds.bc
/usr/lib/postgresql/16/lib/bitcode/postgres/commands/prepare.bc
/usr/lib/postgresql/16/lib/bitcode/postgres/commands/proclang.bc
/usr/lib/postgresql/16/lib/bitcode/postgres/commands/publicationcmds.bc
/usr/lib/postgresql/16/lib/bitcode/postgres/commands/schemacmds.bc
/usr/lib/postgresql/16/lib/bitcode/postgres/commands/seclabel.bc
/usr/lib/postgresql/16/lib/bitcode/postgres/commands/sequence.bc
/usr/lib/postgresql/16/lib/bitcode/postgres/commands/statscmds.bc
/usr/lib/postgresql/16/lib/bitcode/postgres/commands/subscriptioncmds.bc
/usr/lib/postgresql/16/lib/bitcode/postgres/commands/tablecmds.bc
/usr/lib/postgresql/16/lib/bitcode/postgres/commands/tablespace.bc
/usr/lib/postgresql/16/lib/bitcode/postgres/commands/trigger.bc
/usr/lib/postgresql/16/lib/bitcode/postgres/commands/tsearchcmds.bc
/usr/lib/postgresql/16/lib/bitcode/postgres/commands/typecmds.bc
/usr/lib/postgresql/16/lib/bitcode/postgres/commands/user.bc
/usr/lib/postgresql/16/lib/bitcode/postgres/commands/vacuum.bc
/usr/lib/postgresql/16/lib/bitcode/postgres/commands/vacuumparallel.bc
/usr/lib/postgresql/16/lib/bitcode/postgres/commands/variable.bc
/usr/lib/postgresql/16/lib/bitcode/postgres/commands/view.bc
/usr/lib/postgresql/16/lib/bitcode/postgres/executor
/usr/lib/postgresql/16/lib/bitcode/postgres/executor/execAmi.bc
/usr/lib/postgresql/16/lib/bitcode/postgres/executor/execAsync.bc
/usr/lib/postgresql/16/lib/bitcode/postgres/executor/execCurrent.bc
/usr/lib/postgresql/16/lib/bitcode/postgres/executor/execExpr.bc
/usr/lib/postgresql/16/lib/bitcode/postgres/executor/execExprInterp.bc
/usr/lib/postgresql/16/lib/bitcode/postgres/executor/execGrouping.bc
/usr/lib/postgresql/16/lib/bitcode/postgres/executor/execIndexing.bc
/usr/lib/postgresql/16/lib/bitcode/postgres/executor/execJunk.bc
/usr/lib/postgresql/16/lib/bitcode/postgres/executor/execMain.bc
/usr/lib/postgresql/16/lib/bitcode/postgres/executor/execParallel.bc
/usr/lib/postgresql/16/lib/bitcode/postgres/executor/execPartition.bc
/usr/lib/postgresql/16/lib/bitcode/postgres/executor/execProcnode.bc
/usr/lib/postgresql/16/lib/bitcode/postgres/executor/execReplication.bc
/usr/lib/postgresql/16/lib/bitcode/postgres/executor/execSRF.bc
/usr/lib/postgresql/16/lib/bitcode/postgres/executor/execScan.bc
/usr/lib/postgresql/16/lib/bitcode/postgres/executor/execTuples.bc
/usr/lib/postgresql/16/lib/bitcode/postgres/executor/execUtils.bc
/usr/lib/postgresql/16/lib/bitcode/postgres/executor/functions.bc
/usr/lib/postgresql/16/lib/bitcode/postgres/executor/instrument.bc
/usr/lib/postgresql/16/lib/bitcode/postgres/executor/nodeAgg.bc
/usr/lib/postgresql/16/lib/bitcode/postgres/executor/nodeAppend.bc
/usr/lib/postgresql/16/lib/bitcode/postgres/executor/nodeBitmapAnd.bc
/usr/lib/postgresql/16/lib/bitcode/postgres/executor/nodeBitmapHeapscan.bc
/usr/lib/postgresql/16/lib/bitcode/postgres/executor/nodeBitmapIndexscan.bc
/usr/lib/postgresql/16/lib/bitcode/postgres/executor/nodeBitmapOr.bc
/usr/lib/postgresql/16/lib/bitcode/postgres/executor/nodeCtescan.bc
/usr/lib/postgresql/16/lib/bitcode/postgres/executor/nodeCustom.bc
/usr/lib/postgresql/16/lib/bitcode/postgres/executor/nodeForeignscan.bc
/usr/lib/postgresql/16/lib/bitcode/postgres/executor/nodeFunctionscan.bc
/usr/lib/postgresql/16/lib/bitcode/postgres/executor/nodeGather.bc
/usr/lib/postgresql/16/lib/bitcode/postgres/executor/nodeGatherMerge.bc
/usr/lib/postgresql/16/lib/bitcode/postgres/executor/nodeGroup.bc
/usr/lib/postgresql/16/lib/bitcode/postgres/executor/nodeHash.bc
/usr/lib/postgresql/16/lib/bitcode/postgres/executor/nodeHashjoin.bc
/usr/lib/postgresql/16/lib/bitcode/postgres/executor/nodeIncrementalSort.bc
/usr/lib/postgresql/16/lib/bitcode/postgres/executor/nodeIndexonlyscan.bc
/usr/lib/postgresql/16/lib/bitcode/postgres/executor/nodeIndexscan.bc
/usr/lib/postgresql/16/lib/bitcode/postgres/executor/nodeLimit.bc
/usr/lib/postgresql/16/lib/bitcode/postgres/executor/nodeLockRows.bc
/usr/lib/postgresql/16/lib/bitcode/postgres/executor/nodeMaterial.bc
/usr/lib/postgresql/16/lib/bitcode/postgres/executor/nodeMemoize.bc
/usr/lib/postgresql/16/lib/bitcode/postgres/executor/nodeMergeAppend.bc
/usr/lib/postgresql/16/lib/bitcode/postgres/executor/nodeMergejoin.bc
/usr/lib/postgresql/16/lib/bitcode/postgres/executor/nodeModifyTable.bc
/usr/lib/postgresql/16/lib/bitcode/postgres/executor/nodeNamedtuplestorescan.bc
/usr/lib/postgresql/16/lib/bitcode/postgres/executor/nodeNestloop.bc
/usr/lib/postgresql/16/lib/bitcode/postgres/executor/nodeProjectSet.bc
/usr/lib/postgresql/16/lib/bitcode/postgres/executor/nodeRecursiveunion.bc
/usr/lib/postgresql/16/lib/bitcode/postgres/executor/nodeResult.bc
/usr/lib/postgresql/16/lib/bitcode/postgres/executor/nodeSamplescan.bc
/usr/lib/postgresql/16/lib/bitcode/postgres/executor/nodeSeqscan.bc
/usr/lib/postgresql/16/lib/bitcode/postgres/executor/nodeSetOp.bc
/usr/lib/postgresql/16/lib/bitcode/postgres/executor/nodeSort.bc
/usr/lib/postgresql/16/lib/bitcode/postgres/executor/nodeSubplan.bc
/usr/lib/postgresql/16/lib/bitcode/postgres/executor/nodeSubqueryscan.bc
/usr/lib/postgresql/16/lib/bitcode/postgres/executor/nodeTableFuncscan.bc
/usr/lib/postgresql/16/lib/bitcode/postgres/executor/nodeTidrangescan.bc
/usr/lib/postgresql/16/lib/bitcode/postgres/executor/nodeTidscan.bc
/usr/lib/postgresql/16/lib/bitcode/postgres/executor/nodeUnique.bc
/usr/lib/postgresql/16/lib/bitcode/postgres/executor/nodeValuesscan.bc
/usr/lib/postgresql/16/lib/bitcode/postgres/executor/nodeWindowAgg.bc
/usr/lib/postgresql/16/lib/bitcode/postgres/executor/nodeWorktablescan.bc
/usr/lib/postgresql/16/lib/bitcode/postgres/executor/spi.bc
/usr/lib/postgresql/16/lib/bitcode/postgres/executor/tqueue.bc
/usr/lib/postgresql/16/lib/bitcode/postgres/executor/tstoreReceiver.bc
/usr/lib/postgresql/16/lib/bitcode/postgres/foreign
/usr/lib/postgresql/16/lib/bitcode/postgres/foreign/foreign.bc
/usr/lib/postgresql/16/lib/bitcode/postgres/jit
/usr/lib/postgresql/16/lib/bitcode/postgres/jit/jit.bc
/usr/lib/postgresql/16/lib/bitcode/postgres/lib
/usr/lib/postgresql/16/lib/bitcode/postgres/lib/binaryheap.bc
/usr/lib/postgresql/16/lib/bitcode/postgres/lib/bipartite_match.bc
/usr/lib/postgresql/16/lib/bitcode/postgres/lib/bloomfilter.bc
/usr/lib/postgresql/16/lib/bitcode/postgres/lib/dshash.bc
/usr/lib/postgresql/16/lib/bitcode/postgres/lib/hyperloglog.bc
/usr/lib/postgresql/16/lib/bitcode/postgres/lib/ilist.bc
/usr/lib/postgresql/16/lib/bitcode/postgres/lib/integerset.bc
/usr/lib/postgresql/16/lib/bitcode/postgres/lib/knapsack.bc
/usr/lib/postgresql/16/lib/bitcode/postgres/lib/pairingheap.bc
/usr/lib/postgresql/16/lib/bitcode/postgres/lib/rbtree.bc
/usr/lib/postgresql/16/lib/bitcode/postgres/libpq
/usr/lib/postgresql/16/lib/bitcode/postgres/libpq/auth-sasl.bc
/usr/lib/postgresql/16/lib/bitcode/postgres/libpq/auth-scram.bc
/usr/lib/postgresql/16/lib/bitcode/postgres/libpq/auth.bc
/usr/lib/postgresql/16/lib/bitcode/postgres/libpq/be-fsstubs.bc
/usr/lib/postgresql/16/lib/bitcode/postgres/libpq/be-gssapi-common.bc
/usr/lib/postgresql/16/lib/bitcode/postgres/libpq/be-secure-common.bc
/usr/lib/postgresql/16/lib/bitcode/postgres/libpq/be-secure-gssapi.bc
/usr/lib/postgresql/16/lib/bitcode/postgres/libpq/be-secure-openssl.bc
/usr/lib/postgresql/16/lib/bitcode/postgres/libpq/be-secure.bc
/usr/lib/postgresql/16/lib/bitcode/postgres/libpq/crypt.bc
/usr/lib/postgresql/16/lib/bitcode/postgres/libpq/hba.bc
/usr/lib/postgresql/16/lib/bitcode/postgres/libpq/ifaddr.bc
/usr/lib/postgresql/16/lib/bitcode/postgres/libpq/pqcomm.bc
/usr/lib/postgresql/16/lib/bitcode/postgres/libpq/pqformat.bc
/usr/lib/postgresql/16/lib/bitcode/postgres/libpq/pqmq.bc
/usr/lib/postgresql/16/lib/bitcode/postgres/libpq/pqsignal.bc
/usr/lib/postgresql/16/lib/bitcode/postgres/main
/usr/lib/postgresql/16/lib/bitcode/postgres/main/main.bc
/usr/lib/postgresql/16/lib/bitcode/postgres/nodes
/usr/lib/postgresql/16/lib/bitcode/postgres/nodes/bitmapset.bc
/usr/lib/postgresql/16/lib/bitcode/postgres/nodes/copyfuncs.bc
/usr/lib/postgresql/16/lib/bitcode/postgres/nodes/equalfuncs.bc
/usr/lib/postgresql/16/lib/bitcode/postgres/nodes/extensible.bc
/usr/lib/postgresql/16/lib/bitcode/postgres/nodes/list.bc
/usr/lib/postgresql/16/lib/bitcode/postgres/nodes/makefuncs.bc
/usr/lib/postgresql/16/lib/bitcode/postgres/nodes/multibitmapset.bc
/usr/lib/postgresql/16/lib/bitcode/postgres/nodes/nodeFuncs.bc
/usr/lib/postgresql/16/lib/bitcode/postgres/nodes/nodes.bc
/usr/lib/postgresql/16/lib/bitcode/postgres/nodes/outfuncs.bc
/usr/lib/postgresql/16/lib/bitcode/postgres/nodes/params.bc
/usr/lib/postgresql/16/lib/bitcode/postgres/nodes/print.bc
/usr/lib/postgresql/16/lib/bitcode/postgres/nodes/queryjumblefuncs.bc
/usr/lib/postgresql/16/lib/bitcode/postgres/nodes/read.bc
/usr/lib/postgresql/16/lib/bitcode/postgres/nodes/readfuncs.bc
/usr/lib/postgresql/16/lib/bitcode/postgres/nodes/tidbitmap.bc
/usr/lib/postgresql/16/lib/bitcode/postgres/nodes/value.bc
/usr/lib/postgresql/16/lib/bitcode/postgres/optimizer
/usr/lib/postgresql/16/lib/bitcode/postgres/optimizer/geqo
/usr/lib/postgresql/16/lib/bitcode/postgres/optimizer/geqo/geqo_copy.bc
/usr/lib/postgresql/16/lib/bitcode/postgres/optimizer/geqo/geqo_cx.bc
/usr/lib/postgresql/16/lib/bitcode/postgres/optimizer/geqo/geqo_erx.bc
/usr/lib/postgresql/16/lib/bitcode/postgres/optimizer/geqo/geqo_eval.bc
/usr/lib/postgresql/16/lib/bitcode/postgres/optimizer/geqo/geqo_main.bc
/usr/lib/postgresql/16/lib/bitcode/postgres/optimizer/geqo/geqo_misc.bc
/usr/lib/postgresql/16/lib/bitcode/postgres/optimizer/geqo/geqo_mutation.bc
/usr/lib/postgresql/16/lib/bitcode/postgres/optimizer/geqo/geqo_ox1.bc
/usr/lib/postgresql/16/lib/bitcode/postgres/optimizer/geqo/geqo_ox2.bc
/usr/lib/postgresql/16/lib/bitcode/postgres/optimizer/geqo/geqo_pmx.bc
/usr/lib/postgresql/16/lib/bitcode/postgres/optimizer/geqo/geqo_pool.bc
/usr/lib/postgresql/16/lib/bitcode/postgres/optimizer/geqo/geqo_px.bc
/usr/lib/postgresql/16/lib/bitcode/postgres/optimizer/geqo/geqo_random.bc
/usr/lib/postgresql/16/lib/bitcode/postgres/optimizer/geqo/geqo_recombination.bc
/usr/lib/postgresql/16/lib/bitcode/postgres/optimizer/geqo/geqo_selection.bc
/usr/lib/postgresql/16/lib/bitcode/postgres/optimizer/path
/usr/lib/postgresql/16/lib/bitcode/postgres/optimizer/path/allpaths.bc
/usr/lib/postgresql/16/lib/bitcode/postgres/optimizer/path/clausesel.bc
/usr/lib/postgresql/16/lib/bitcode/postgres/optimizer/path/costsize.bc
/usr/lib/postgresql/16/lib/bitcode/postgres/optimizer/path/equivclass.bc
/usr/lib/postgresql/16/lib/bitcode/postgres/optimizer/path/indxpath.bc
/usr/lib/postgresql/16/lib/bitcode/postgres/optimizer/path/joinpath.bc
/usr/lib/postgresql/16/lib/bitcode/postgres/optimizer/path/joinrels.bc
/usr/lib/postgresql/16/lib/bitcode/postgres/optimizer/path/pathkeys.bc
/usr/lib/postgresql/16/lib/bitcode/postgres/optimizer/path/tidpath.bc
/usr/lib/postgresql/16/lib/bitcode/postgres/optimizer/plan
/usr/lib/postgresql/16/lib/bitcode/postgres/optimizer/plan/analyzejoins.bc
/usr/lib/postgresql/16/lib/bitcode/postgres/optimizer/plan/createplan.bc
/usr/lib/postgresql/16/lib/bitcode/postgres/optimizer/plan/initsplan.bc
/usr/lib/postgresql/16/lib/bitcode/postgres/optimizer/plan/planagg.bc
/usr/lib/postgresql/16/lib/bitcode/postgres/optimizer/plan/planmain.bc
/usr/lib/postgresql/16/lib/bitcode/postgres/optimizer/plan/planner.bc
/usr/lib/postgresql/16/lib/bitcode/postgres/optimizer/plan/setrefs.bc
/usr/lib/postgresql/16/lib/bitcode/postgres/optimizer/plan/subselect.bc
/usr/lib/postgresql/16/lib/bitcode/postgres/optimizer/prep
/usr/lib/postgresql/16/lib/bitcode/postgres/optimizer/prep/prepagg.bc
/usr/lib/postgresql/16/lib/bitcode/postgres/optimizer/prep/prepjointree.bc
/usr/lib/postgresql/16/lib/bitcode/postgres/optimizer/prep/prepqual.bc
/usr/lib/postgresql/16/lib/bitcode/postgres/optimizer/prep/preptlist.bc
/usr/lib/postgresql/16/lib/bitcode/postgres/optimizer/prep/prepunion.bc
/usr/lib/postgresql/16/lib/bitcode/postgres/optimizer/util
/usr/lib/postgresql/16/lib/bitcode/postgres/optimizer/util/appendinfo.bc
/usr/lib/postgresql/16/lib/bitcode/postgres/optimizer/util/clauses.bc
/usr/lib/postgresql/16/lib/bitcode/postgres/optimizer/util/inherit.bc
/usr/lib/postgresql/16/lib/bitcode/postgres/optimizer/util/joininfo.bc
/usr/lib/postgresql/16/lib/bitcode/postgres/optimizer/util/orclauses.bc
/usr/lib/postgresql/16/lib/bitcode/postgres/optimizer/util/paramassign.bc
/usr/lib/postgresql/16/lib/bitcode/postgres/optimizer/util/pathnode.bc
/usr/lib/postgresql/16/lib/bitcode/postgres/optimizer/util/placeholder.bc
/usr/lib/postgresql/16/lib/bitcode/postgres/optimizer/util/plancat.bc
/usr/lib/postgresql/16/lib/bitcode/postgres/optimizer/util/predtest.bc
/usr/lib/postgresql/16/lib/bitcode/postgres/optimizer/util/relnode.bc
/usr/lib/postgresql/16/lib/bitcode/postgres/optimizer/util/restrictinfo.bc
/usr/lib/postgresql/16/lib/bitcode/postgres/optimizer/util/tlist.bc
/usr/lib/postgresql/16/lib/bitcode/postgres/optimizer/util/var.bc
/usr/lib/postgresql/16/lib/bitcode/postgres/parser
/usr/lib/postgresql/16/lib/bitcode/postgres/parser/analyze.bc
/usr/lib/postgresql/16/lib/bitcode/postgres/parser/gram.bc
/usr/lib/postgresql/16/lib/bitcode/postgres/parser/parse_agg.bc
/usr/lib/postgresql/16/lib/bitcode/postgres/parser/parse_clause.bc
/usr/lib/postgresql/16/lib/bitcode/postgres/parser/parse_coerce.bc
/usr/lib/postgresql/16/lib/bitcode/postgres/parser/parse_collate.bc
/usr/lib/postgresql/16/lib/bitcode/postgres/parser/parse_cte.bc
/usr/lib/postgresql/16/lib/bitcode/postgres/parser/parse_enr.bc
/usr/lib/postgresql/16/lib/bitcode/postgres/parser/parse_expr.bc
/usr/lib/postgresql/16/lib/bitcode/postgres/parser/parse_func.bc
/usr/lib/postgresql/16/lib/bitcode/postgres/parser/parse_merge.bc
/usr/lib/postgresql/16/lib/bitcode/postgres/parser/parse_node.bc
/usr/lib/postgresql/16/lib/bitcode/postgres/parser/parse_oper.bc
/usr/lib/postgresql/16/lib/bitcode/postgres/parser/parse_param.bc
/usr/lib/postgresql/16/lib/bitcode/postgres/parser/parse_relation.bc
/usr/lib/postgresql/16/lib/bitcode/postgres/parser/parse_target.bc
/usr/lib/postgresql/16/lib/bitcode/postgres/parser/parse_type.bc
/usr/lib/postgresql/16/lib/bitcode/postgres/parser/parse_utilcmd.bc
/usr/lib/postgresql/16/lib/bitcode/postgres/parser/parser.bc
/usr/lib/postgresql/16/lib/bitcode/postgres/parser/scan.bc
/usr/lib/postgresql/16/lib/bitcode/postgres/parser/scansup.bc
/usr/lib/postgresql/16/lib/bitcode/postgres/partitioning
/usr/lib/postgresql/16/lib/bitcode/postgres/partitioning/partbounds.bc
/usr/lib/postgresql/16/lib/bitcode/postgres/partitioning/partdesc.bc
/usr/lib/postgresql/16/lib/bitcode/postgres/partitioning/partprune.bc
/usr/lib/postgresql/16/lib/bitcode/postgres/port
/usr/lib/postgresql/16/lib/bitcode/postgres/port/atomics.bc
/usr/lib/postgresql/16/lib/bitcode/postgres/port/pg_sema.bc
/usr/lib/postgresql/16/lib/bitcode/postgres/port/pg_shmem.bc
/usr/lib/postgresql/16/lib/bitcode/postgres/postmaster
/usr/lib/postgresql/16/lib/bitcode/postgres/postmaster/autovacuum.bc
/usr/lib/postgresql/16/lib/bitcode/postgres/postmaster/auxprocess.bc
/usr/lib/postgresql/16/lib/bitcode/postgres/postmaster/bgworker.bc
/usr/lib/postgresql/16/lib/bitcode/postgres/postmaster/bgwriter.bc
/usr/lib/postgresql/16/lib/bitcode/postgres/postmaster/checkpointer.bc
/usr/lib/postgresql/16/lib/bitcode/postgres/postmaster/fork_process.bc
/usr/lib/postgresql/16/lib/bitcode/postgres/postmaster/interrupt.bc
/usr/lib/postgresql/16/lib/bitcode/postgres/postmaster/pgarch.bc
/usr/lib/postgresql/16/lib/bitcode/postgres/postmaster/postmaster.bc
/usr/lib/postgresql/16/lib/bitcode/postgres/postmaster/startup.bc
/usr/lib/postgresql/16/lib/bitcode/postgres/postmaster/syslogger.bc
/usr/lib/postgresql/16/lib/bitcode/postgres/postmaster/walwriter.bc
/usr/lib/postgresql/16/lib/bitcode/postgres/regex
/usr/lib/postgresql/16/lib/bitcode/postgres/regex/regcomp.bc
/usr/lib/postgresql/16/lib/bitcode/postgres/regex/regerror.bc
/usr/lib/postgresql/16/lib/bitcode/postgres/regex/regexec.bc
/usr/lib/postgresql/16/lib/bitcode/postgres/regex/regexport.bc
/usr/lib/postgresql/16/lib/bitcode/postgres/regex/regfree.bc
/usr/lib/postgresql/16/lib/bitcode/postgres/regex/regprefix.bc
/usr/lib/postgresql/16/lib/bitcode/postgres/replication
/usr/lib/postgresql/16/lib/bitcode/postgres/replication/logical
/usr/lib/postgresql/16/lib/bitcode/postgres/replication/logical/applyparallelworker.bc
/usr/lib/postgresql/16/lib/bitcode/postgres/replication/logical/decode.bc
/usr/lib/postgresql/16/lib/bitcode/postgres/replication/logical/launcher.bc
/usr/lib/postgresql/16/lib/bitcode/postgres/replication/logical/logical.bc
/usr/lib/postgresql/16/lib/bitcode/postgres/replication/logical/logicalfuncs.bc
/usr/lib/postgresql/16/lib/bitcode/postgres/replication/logical/message.bc
/usr/lib/postgresql/16/lib/bitcode/postgres/replication/logical/origin.bc
/usr/lib/postgresql/16/lib/bitcode/postgres/replication/logical/proto.bc
/usr/lib/postgresql/16/lib/bitcode/postgres/replication/logical/relation.bc
/usr/lib/postgresql/16/lib/bitcode/postgres/replication/logical/reorderbuffer.bc
/usr/lib/postgresql/16/lib/bitcode/postgres/replication/logical/snapbuild.bc
/usr/lib/postgresql/16/lib/bitcode/postgres/replication/logical/tablesync.bc
/usr/lib/postgresql/16/lib/bitcode/postgres/replication/logical/worker.bc
/usr/lib/postgresql/16/lib/bitcode/postgres/replication/repl_gram.bc
/usr/lib/postgresql/16/lib/bitcode/postgres/replication/repl_scanner.bc
/usr/lib/postgresql/16/lib/bitcode/postgres/replication/slot.bc
/usr/lib/postgresql/16/lib/bitcode/postgres/replication/slotfuncs.bc
/usr/lib/postgresql/16/lib/bitcode/postgres/replication/syncrep.bc
/usr/lib/postgresql/16/lib/bitcode/postgres/replication/syncrep_gram.bc
/usr/lib/postgresql/16/lib/bitcode/postgres/replication/syncrep_scanner.bc
/usr/lib/postgresql/16/lib/bitcode/postgres/replication/walreceiver.bc
/usr/lib/postgresql/16/lib/bitcode/postgres/replication/walreceiverfuncs.bc
/usr/lib/postgresql/16/lib/bitcode/postgres/replication/walsender.bc
/usr/lib/postgresql/16/lib/bitcode/postgres/rewrite
/usr/lib/postgresql/16/lib/bitcode/postgres/rewrite/rewriteDefine.bc
/usr/lib/postgresql/16/lib/bitcode/postgres/rewrite/rewriteHandler.bc
/usr/lib/postgresql/16/lib/bitcode/postgres/rewrite/rewriteManip.bc
/usr/lib/postgresql/16/lib/bitcode/postgres/rewrite/rewriteRemove.bc
/usr/lib/postgresql/16/lib/bitcode/postgres/rewrite/rewriteSearchCycle.bc
/usr/lib/postgresql/16/lib/bitcode/postgres/rewrite/rewriteSupport.bc
/usr/lib/postgresql/16/lib/bitcode/postgres/rewrite/rowsecurity.bc
/usr/lib/postgresql/16/lib/bitcode/postgres/statistics
/usr/lib/postgresql/16/lib/bitcode/postgres/statistics/dependencies.bc
/usr/lib/postgresql/16/lib/bitcode/postgres/statistics/extended_stats.bc
/usr/lib/postgresql/16/lib/bitcode/postgres/statistics/mcv.bc
/usr/lib/postgresql/16/lib/bitcode/postgres/statistics/mvdistinct.bc
/usr/lib/postgresql/16/lib/bitcode/postgres/storage
/usr/lib/postgresql/16/lib/bitcode/postgres/storage/buffer
/usr/lib/postgresql/16/lib/bitcode/postgres/storage/buffer/buf_init.bc
/usr/lib/postgresql/16/lib/bitcode/postgres/storage/buffer/buf_table.bc
/usr/lib/postgresql/16/lib/bitcode/postgres/storage/buffer/bufmgr.bc
/usr/lib/postgresql/16/lib/bitcode/postgres/storage/buffer/freelist.bc
/usr/lib/postgresql/16/lib/bitcode/postgres/storage/buffer/localbuf.bc
/usr/lib/postgresql/16/lib/bitcode/postgres/storage/file
/usr/lib/postgresql/16/lib/bitcode/postgres/storage/file/buffile.bc
/usr/lib/postgresql/16/lib/bitcode/postgres/storage/file/copydir.bc
/usr/lib/postgresql/16/lib/bitcode/postgres/storage/file/fd.bc
/usr/lib/postgresql/16/lib/bitcode/postgres/storage/file/fileset.bc
/usr/lib/postgresql/16/lib/bitcode/postgres/storage/file/reinit.bc
/usr/lib/postgresql/16/lib/bitcode/postgres/storage/file/sharedfileset.bc
/usr/lib/postgresql/16/lib/bitcode/postgres/storage/freespace
/usr/lib/postgresql/16/lib/bitcode/postgres/storage/freespace/freespace.bc
/usr/lib/postgresql/16/lib/bitcode/postgres/storage/freespace/fsmpage.bc
/usr/lib/postgresql/16/lib/bitcode/postgres/storage/freespace/indexfsm.bc
/usr/lib/postgresql/16/lib/bitcode/postgres/storage/ipc
/usr/lib/postgresql/16/lib/bitcode/postgres/storage/ipc/barrier.bc
/usr/lib/postgresql/16/lib/bitcode/postgres/storage/ipc/dsm.bc
/usr/lib/postgresql/16/lib/bitcode/postgres/storage/ipc/dsm_impl.bc
/usr/lib/postgresql/16/lib/bitcode/postgres/storage/ipc/ipc.bc
/usr/lib/postgresql/16/lib/bitcode/postgres/storage/ipc/ipci.bc
/usr/lib/postgresql/16/lib/bitcode/postgres/storage/ipc/latch.bc
/usr/lib/postgresql/16/lib/bitcode/postgres/storage/ipc/pmsignal.bc
/usr/lib/postgresql/16/lib/bitcode/postgres/storage/ipc/procarray.bc
/usr/lib/postgresql/16/lib/bitcode/postgres/storage/ipc/procsignal.bc
/usr/lib/postgresql/16/lib/bitcode/postgres/storage/ipc/shm_mq.bc
/usr/lib/postgresql/16/lib/bitcode/postgres/storage/ipc/shm_toc.bc
/usr/lib/postgresql/16/lib/bitcode/postgres/storage/ipc/shmem.bc
/usr/lib/postgresql/16/lib/bitcode/postgres/storage/ipc/signalfuncs.bc
/usr/lib/postgresql/16/lib/bitcode/postgres/storage/ipc/sinval.bc
/usr/lib/postgresql/16/lib/bitcode/postgres/storage/ipc/sinvaladt.bc
/usr/lib/postgresql/16/lib/bitcode/postgres/storage/ipc/standby.bc
/usr/lib/postgresql/16/lib/bitcode/postgres/storage/large_object
/usr/lib/postgresql/16/lib/bitcode/postgres/storage/large_object/inv_api.bc
/usr/lib/postgresql/16/lib/bitcode/postgres/storage/lmgr
/usr/lib/postgresql/16/lib/bitcode/postgres/storage/lmgr/condition_variable.bc
/usr/lib/postgresql/16/lib/bitcode/postgres/storage/lmgr/deadlock.bc
/usr/lib/postgresql/16/lib/bitcode/postgres/storage/lmgr/lmgr.bc
/usr/lib/postgresql/16/lib/bitcode/postgres/storage/lmgr/lock.bc
/usr/lib/postgresql/16/lib/bitcode/postgres/storage/lmgr/lwlock.bc
/usr/lib/postgresql/16/lib/bitcode/postgres/storage/lmgr/lwlocknames.bc
/usr/lib/postgresql/16/lib/bitcode/postgres/storage/lmgr/predicate.bc
/usr/lib/postgresql/16/lib/bitcode/postgres/storage/lmgr/proc.bc
/usr/lib/postgresql/16/lib/bitcode/postgres/storage/lmgr/s_lock.bc
/usr/lib/postgresql/16/lib/bitcode/postgres/storage/lmgr/spin.bc
/usr/lib/postgresql/16/lib/bitcode/postgres/storage/page
/usr/lib/postgresql/16/lib/bitcode/postgres/storage/page/bufpage.bc
/usr/lib/postgresql/16/lib/bitcode/postgres/storage/page/checksum.bc
/usr/lib/postgresql/16/lib/bitcode/postgres/storage/page/itemptr.bc
/usr/lib/postgresql/16/lib/bitcode/postgres/storage/smgr
/usr/lib/postgresql/16/lib/bitcode/postgres/storage/smgr/md.bc
/usr/lib/postgresql/16/lib/bitcode/postgres/storage/smgr/smgr.bc
/usr/lib/postgresql/16/lib/bitcode/postgres/storage/sync
/usr/lib/postgresql/16/lib/bitcode/postgres/storage/sync/sync.bc
/usr/lib/postgresql/16/lib/bitcode/postgres/tcop
/usr/lib/postgresql/16/lib/bitcode/postgres/tcop/cmdtag.bc
/usr/lib/postgresql/16/lib/bitcode/postgres/tcop/dest.bc
/usr/lib/postgresql/16/lib/bitcode/postgres/tcop/fastpath.bc
/usr/lib/postgresql/16/lib/bitcode/postgres/tcop/postgres.bc
/usr/lib/postgresql/16/lib/bitcode/postgres/tcop/pquery.bc
/usr/lib/postgresql/16/lib/bitcode/postgres/tcop/utility.bc
/usr/lib/postgresql/16/lib/bitcode/postgres/tsearch
/usr/lib/postgresql/16/lib/bitcode/postgres/tsearch/dict.bc
/usr/lib/postgresql/16/lib/bitcode/postgres/tsearch/dict_ispell.bc
/usr/lib/postgresql/16/lib/bitcode/postgres/tsearch/dict_simple.bc
/usr/lib/postgresql/16/lib/bitcode/postgres/tsearch/dict_synonym.bc
/usr/lib/postgresql/16/lib/bitcode/postgres/tsearch/dict_thesaurus.bc
/usr/lib/postgresql/16/lib/bitcode/postgres/tsearch/regis.bc
/usr/lib/postgresql/16/lib/bitcode/postgres/tsearch/spell.bc
/usr/lib/postgresql/16/lib/bitcode/postgres/tsearch/to_tsany.bc
/usr/lib/postgresql/16/lib/bitcode/postgres/tsearch/ts_locale.bc
/usr/lib/postgresql/16/lib/bitcode/postgres/tsearch/ts_parse.bc
/usr/lib/postgresql/16/lib/bitcode/postgres/tsearch/ts_selfuncs.bc
/usr/lib/postgresql/16/lib/bitcode/postgres/tsearch/ts_typanalyze.bc
/usr/lib/postgresql/16/lib/bitcode/postgres/tsearch/ts_utils.bc
/usr/lib/postgresql/16/lib/bitcode/postgres/tsearch/wparser.bc
/usr/lib/postgresql/16/lib/bitcode/postgres/tsearch/wparser_def.bc
/usr/lib/postgresql/16/lib/bitcode/postgres/utils
/usr/lib/postgresql/16/lib/bitcode/postgres/utils/activity
/usr/lib/postgresql/16/lib/bitcode/postgres/utils/activity/backend_progress.bc
/usr/lib/postgresql/16/lib/bitcode/postgres/utils/activity/backend_status.bc
/usr/lib/postgresql/16/lib/bitcode/postgres/utils/activity/pgstat.bc
/usr/lib/postgresql/16/lib/bitcode/postgres/utils/activity/pgstat_archiver.bc
/usr/lib/postgresql/16/lib/bitcode/postgres/utils/activity/pgstat_bgwriter.bc
/usr/lib/postgresql/16/lib/bitcode/postgres/utils/activity/pgstat_checkpointer.bc
/usr/lib/postgresql/16/lib/bitcode/postgres/utils/activity/pgstat_database.bc
/usr/lib/postgresql/16/lib/bitcode/postgres/utils/activity/pgstat_function.bc
/usr/lib/postgresql/16/lib/bitcode/postgres/utils/activity/pgstat_io.bc
/usr/lib/postgresql/16/lib/bitcode/postgres/utils/activity/pgstat_relation.bc
/usr/lib/postgresql/16/lib/bitcode/postgres/utils/activity/pgstat_replslot.bc
/usr/lib/postgresql/16/lib/bitcode/postgres/utils/activity/pgstat_shmem.bc
/usr/lib/postgresql/16/lib/bitcode/postgres/utils/activity/pgstat_slru.bc
/usr/lib/postgresql/16/lib/bitcode/postgres/utils/activity/pgstat_subscription.bc
/usr/lib/postgresql/16/lib/bitcode/postgres/utils/activity/pgstat_wal.bc
/usr/lib/postgresql/16/lib/bitcode/postgres/utils/activity/pgstat_xact.bc
/usr/lib/postgresql/16/lib/bitcode/postgres/utils/activity/wait_event.bc
/usr/lib/postgresql/16/lib/bitcode/postgres/utils/adt
/usr/lib/postgresql/16/lib/bitcode/postgres/utils/adt/acl.bc
/usr/lib/postgresql/16/lib/bitcode/postgres/utils/adt/amutils.bc
/usr/lib/postgresql/16/lib/bitcode/postgres/utils/adt/array_expanded.bc
/usr/lib/postgresql/16/lib/bitcode/postgres/utils/adt/array_selfuncs.bc
/usr/lib/postgresql/16/lib/bitcode/postgres/utils/adt/array_typanalyze.bc
/usr/lib/postgresql/16/lib/bitcode/postgres/utils/adt/array_userfuncs.bc
/usr/lib/postgresql/16/lib/bitcode/postgres/utils/adt/arrayfuncs.bc
/usr/lib/postgresql/16/lib/bitcode/postgres/utils/adt/arraysubs.bc
/usr/lib/postgresql/16/lib/bitcode/postgres/utils/adt/arrayutils.bc
/usr/lib/postgresql/16/lib/bitcode/postgres/utils/adt/ascii.bc
/usr/lib/postgresql/16/lib/bitcode/postgres/utils/adt/bool.bc
/usr/lib/postgresql/16/lib/bitcode/postgres/utils/adt/cash.bc
/usr/lib/postgresql/16/lib/bitcode/postgres/utils/adt/char.bc
/usr/lib/postgresql/16/lib/bitcode/postgres/utils/adt/cryptohashfuncs.bc
/usr/lib/postgresql/16/lib/bitcode/postgres/utils/adt/date.bc
/usr/lib/postgresql/16/lib/bitcode/postgres/utils/adt/datetime.bc
/usr/lib/postgresql/16/lib/bitcode/postgres/utils/adt/datum.bc
/usr/lib/postgresql/16/lib/bitcode/postgres/utils/adt/dbsize.bc
/usr/lib/postgresql/16/lib/bitcode/postgres/utils/adt/domains.bc
/usr/lib/postgresql/16/lib/bitcode/postgres/utils/adt/encode.bc
/usr/lib/postgresql/16/lib/bitcode/postgres/utils/adt/enum.bc
/usr/lib/postgresql/16/lib/bitcode/postgres/utils/adt/expandeddatum.bc
/usr/lib/postgresql/16/lib/bitcode/postgres/utils/adt/expandedrecord.bc
/usr/lib/postgresql/16/lib/bitcode/postgres/utils/adt/float.bc
/usr/lib/postgresql/16/lib/bitcode/postgres/utils/adt/format_type.bc
/usr/lib/postgresql/16/lib/bitcode/postgres/utils/adt/formatting.bc
/usr/lib/postgresql/16/lib/bitcode/postgres/utils/adt/genfile.bc
/usr/lib/postgresql/16/lib/bitcode/postgres/utils/adt/geo_ops.bc
/usr/lib/postgresql/16/lib/bitcode/postgres/utils/adt/geo_selfuncs.bc
/usr/lib/postgresql/16/lib/bitcode/postgres/utils/adt/geo_spgist.bc
/usr/lib/postgresql/16/lib/bitcode/postgres/utils/adt/hbafuncs.bc
/usr/lib/postgresql/16/lib/bitcode/postgres/utils/adt/inet_cidr_ntop.bc
/usr/lib/postgresql/16/lib/bitcode/postgres/utils/adt/inet_net_pton.bc
/usr/lib/postgresql/16/lib/bitcode/postgres/utils/adt/int.bc
/usr/lib/postgresql/16/lib/bitcode/postgres/utils/adt/int8.bc
/usr/lib/postgresql/16/lib/bitcode/postgres/utils/adt/json.bc
/usr/lib/postgresql/16/lib/bitcode/postgres/utils/adt/jsonb.bc
/usr/lib/postgresql/16/lib/bitcode/postgres/utils/adt/jsonb_gin.bc
/usr/lib/postgresql/16/lib/bitcode/postgres/utils/adt/jsonb_op.bc
/usr/lib/postgresql/16/lib/bitcode/postgres/utils/adt/jsonb_util.bc
/usr/lib/postgresql/16/lib/bitcode/postgres/utils/adt/jsonbsubs.bc
/usr/lib/postgresql/16/lib/bitcode/postgres/utils/adt/jsonfuncs.bc
/usr/lib/postgresql/16/lib/bitcode/postgres/utils/adt/jsonpath.bc
/usr/lib/postgresql/16/lib/bitcode/postgres/utils/adt/jsonpath_exec.bc
/usr/lib/postgresql/16/lib/bitcode/postgres/utils/adt/jsonpath_gram.bc
/usr/lib/postgresql/16/lib/bitcode/postgres/utils/adt/jsonpath_scan.bc
/usr/lib/postgresql/16/lib/bitcode/postgres/utils/adt/like.bc
/usr/lib/postgresql/16/lib/bitcode/postgres/utils/adt/like_support.bc
/usr/lib/postgresql/16/lib/bitcode/postgres/utils/adt/lockfuncs.bc
/usr/lib/postgresql/16/lib/bitcode/postgres/utils/adt/mac.bc
/usr/lib/postgresql/16/lib/bitcode/postgres/utils/adt/mac8.bc
/usr/lib/postgresql/16/lib/bitcode/postgres/utils/adt/mcxtfuncs.bc
/usr/lib/postgresql/16/lib/bitcode/postgres/utils/adt/misc.bc
/usr/lib/postgresql/16/lib/bitcode/postgres/utils/adt/multirangetypes.bc
/usr/lib/postgresql/16/lib/bitcode/postgres/utils/adt/multirangetypes_selfuncs.bc
/usr/lib/postgresql/16/lib/bitcode/postgres/utils/adt/name.bc
/usr/lib/postgresql/16/lib/bitcode/postgres/utils/adt/network.bc
/usr/lib/postgresql/16/lib/bitcode/postgres/utils/adt/network_gist.bc
/usr/lib/postgresql/16/lib/bitcode/postgres/utils/adt/network_selfuncs.bc
/usr/lib/postgresql/16/lib/bitcode/postgres/utils/adt/network_spgist.bc
/usr/lib/postgresql/16/lib/bitcode/postgres/utils/adt/numeric.bc
/usr/lib/postgresql/16/lib/bitcode/postgres/utils/adt/numutils.bc
/usr/lib/postgresql/16/lib/bitcode/postgres/utils/adt/oid.bc
/usr/lib/postgresql/16/lib/bitcode/postgres/utils/adt/oracle_compat.bc
/usr/lib/postgresql/16/lib/bitcode/postgres/utils/adt/orderedsetaggs.bc
/usr/lib/postgresql/16/lib/bitcode/postgres/utils/adt/partitionfuncs.bc
/usr/lib/postgresql/16/lib/bitcode/postgres/utils/adt/pg_locale.bc
/usr/lib/postgresql/16/lib/bitcode/postgres/utils/adt/pg_lsn.bc
/usr/lib/postgresql/16/lib/bitcode/postgres/utils/adt/pg_upgrade_support.bc
/usr/lib/postgresql/16/lib/bitcode/postgres/utils/adt/pgstatfuncs.bc
/usr/lib/postgresql/16/lib/bitcode/postgres/utils/adt/pseudotypes.bc
/usr/lib/postgresql/16/lib/bitcode/postgres/utils/adt/quote.bc
/usr/lib/postgresql/16/lib/bitcode/postgres/utils/adt/rangetypes.bc
/usr/lib/postgresql/16/lib/bitcode/postgres/utils/adt/rangetypes_gist.bc
/usr/lib/postgresql/16/lib/bitcode/postgres/utils/adt/rangetypes_selfuncs.bc
/usr/lib/postgresql/16/lib/bitcode/postgres/utils/adt/rangetypes_spgist.bc
/usr/lib/postgresql/16/lib/bitcode/postgres/utils/adt/rangetypes_typanalyze.bc
/usr/lib/postgresql/16/lib/bitcode/postgres/utils/adt/regexp.bc
/usr/lib/postgresql/16/lib/bitcode/postgres/utils/adt/regproc.bc
/usr/lib/postgresql/16/lib/bitcode/postgres/utils/adt/ri_triggers.bc
/usr/lib/postgresql/16/lib/bitcode/postgres/utils/adt/rowtypes.bc
/usr/lib/postgresql/16/lib/bitcode/postgres/utils/adt/ruleutils.bc
/usr/lib/postgresql/16/lib/bitcode/postgres/utils/adt/selfuncs.bc
/usr/lib/postgresql/16/lib/bitcode/postgres/utils/adt/tid.bc
/usr/lib/postgresql/16/lib/bitcode/postgres/utils/adt/timestamp.bc
/usr/lib/postgresql/16/lib/bitcode/postgres/utils/adt/trigfuncs.bc
/usr/lib/postgresql/16/lib/bitcode/postgres/utils/adt/tsginidx.bc
/usr/lib/postgresql/16/lib/bitcode/postgres/utils/adt/tsgistidx.bc
/usr/lib/postgresql/16/lib/bitcode/postgres/utils/adt/tsquery.bc
/usr/lib/postgresql/16/lib/bitcode/postgres/utils/adt/tsquery_cleanup.bc
/usr/lib/postgresql/16/lib/bitcode/postgres/utils/adt/tsquery_gist.bc
/usr/lib/postgresql/16/lib/bitcode/postgres/utils/adt/tsquery_op.bc
/usr/lib/postgresql/16/lib/bitcode/postgres/utils/adt/tsquery_rewrite.bc
/usr/lib/postgresql/16/lib/bitcode/postgres/utils/adt/tsquery_util.bc
/usr/lib/postgresql/16/lib/bitcode/postgres/utils/adt/tsrank.bc
/usr/lib/postgresql/16/lib/bitcode/postgres/utils/adt/tsvector.bc
/usr/lib/postgresql/16/lib/bitcode/postgres/utils/adt/tsvector_op.bc
/usr/lib/postgresql/16/lib/bitcode/postgres/utils/adt/tsvector_parser.bc
/usr/lib/postgresql/16/lib/bitcode/postgres/utils/adt/uuid.bc
/usr/lib/postgresql/16/lib/bitcode/postgres/utils/adt/varbit.bc
/usr/lib/postgresql/16/lib/bitcode/postgres/utils/adt/varchar.bc
/usr/lib/postgresql/16/lib/bitcode/postgres/utils/adt/varlena.bc
/usr/lib/postgresql/16/lib/bitcode/postgres/utils/adt/version.bc
/usr/lib/postgresql/16/lib/bitcode/postgres/utils/adt/windowfuncs.bc
/usr/lib/postgresql/16/lib/bitcode/postgres/utils/adt/xid.bc
/usr/lib/postgresql/16/lib/bitcode/postgres/utils/adt/xid8funcs.bc
/usr/lib/postgresql/16/lib/bitcode/postgres/utils/adt/xml.bc
/usr/lib/postgresql/16/lib/bitcode/postgres/utils/cache
/usr/lib/postgresql/16/lib/bitcode/postgres/utils/cache/attoptcache.bc
/usr/lib/postgresql/16/lib/bitcode/postgres/utils/cache/catcache.bc
/usr/lib/postgresql/16/lib/bitcode/postgres/utils/cache/evtcache.bc
/usr/lib/postgresql/16/lib/bitcode/postgres/utils/cache/inval.bc
/usr/lib/postgresql/16/lib/bitcode/postgres/utils/cache/lsyscache.bc
/usr/lib/postgresql/16/lib/bitcode/postgres/utils/cache/partcache.bc
/usr/lib/postgresql/16/lib/bitcode/postgres/utils/cache/plancache.bc
/usr/lib/postgresql/16/lib/bitcode/postgres/utils/cache/relcache.bc
/usr/lib/postgresql/16/lib/bitcode/postgres/utils/cache/relfilenumbermap.bc
/usr/lib/postgresql/16/lib/bitcode/postgres/utils/cache/relmapper.bc
/usr/lib/postgresql/16/lib/bitcode/postgres/utils/cache/spccache.bc
/usr/lib/postgresql/16/lib/bitcode/postgres/utils/cache/syscache.bc
/usr/lib/postgresql/16/lib/bitcode/postgres/utils/cache/ts_cache.bc
/usr/lib/postgresql/16/lib/bitcode/postgres/utils/cache/typcache.bc
/usr/lib/postgresql/16/lib/bitcode/postgres/utils/error
/usr/lib/postgresql/16/lib/bitcode/postgres/utils/error/assert.bc
/usr/lib/postgresql/16/lib/bitcode/postgres/utils/error/csvlog.bc
/usr/lib/postgresql/16/lib/bitcode/postgres/utils/error/elog.bc
/usr/lib/postgresql/16/lib/bitcode/postgres/utils/error/jsonlog.bc
/usr/lib/postgresql/16/lib/bitcode/postgres/utils/fmgr
/usr/lib/postgresql/16/lib/bitcode/postgres/utils/fmgr/dfmgr.bc
/usr/lib/postgresql/16/lib/bitcode/postgres/utils/fmgr/fmgr.bc
/usr/lib/postgresql/16/lib/bitcode/postgres/utils/fmgr/funcapi.bc
/usr/lib/postgresql/16/lib/bitcode/postgres/utils/fmgrtab.bc
/usr/lib/postgresql/16/lib/bitcode/postgres/utils/hash
/usr/lib/postgresql/16/lib/bitcode/postgres/utils/hash/dynahash.bc
/usr/lib/postgresql/16/lib/bitcode/postgres/utils/hash/pg_crc.bc
/usr/lib/postgresql/16/lib/bitcode/postgres/utils/init
/usr/lib/postgresql/16/lib/bitcode/postgres/utils/init/globals.bc
/usr/lib/postgresql/16/lib/bitcode/postgres/utils/init/miscinit.bc
/usr/lib/postgresql/16/lib/bitcode/postgres/utils/init/postinit.bc
/usr/lib/postgresql/16/lib/bitcode/postgres/utils/init/usercontext.bc
/usr/lib/postgresql/16/lib/bitcode/postgres/utils/mb
/usr/lib/postgresql/16/lib/bitcode/postgres/utils/mb/conv.bc
/usr/lib/postgresql/16/lib/bitcode/postgres/utils/mb/mbutils.bc
/usr/lib/postgresql/16/lib/bitcode/postgres/utils/mb/stringinfo_mb.bc
/usr/lib/postgresql/16/lib/bitcode/postgres/utils/mb/wstrcmp.bc
/usr/lib/postgresql/16/lib/bitcode/postgres/utils/mb/wstrncmp.bc
/usr/lib/postgresql/16/lib/bitcode/postgres/utils/misc
/usr/lib/postgresql/16/lib/bitcode/postgres/utils/misc/conffiles.bc
/usr/lib/postgresql/16/lib/bitcode/postgres/utils/misc/guc-file.bc
/usr/lib/postgresql/16/lib/bitcode/postgres/utils/misc/guc.bc
/usr/lib/postgresql/16/lib/bitcode/postgres/utils/misc/guc_funcs.bc
/usr/lib/postgresql/16/lib/bitcode/postgres/utils/misc/guc_tables.bc
/usr/lib/postgresql/16/lib/bitcode/postgres/utils/misc/help_config.bc
/usr/lib/postgresql/16/lib/bitcode/postgres/utils/misc/pg_config.bc
/usr/lib/postgresql/16/lib/bitcode/postgres/utils/misc/pg_controldata.bc
/usr/lib/postgresql/16/lib/bitcode/postgres/utils/misc/pg_rusage.bc
/usr/lib/postgresql/16/lib/bitcode/postgres/utils/misc/ps_status.bc
/usr/lib/postgresql/16/lib/bitcode/postgres/utils/misc/queryenvironment.bc
/usr/lib/postgresql/16/lib/bitcode/postgres/utils/misc/rls.bc
/usr/lib/postgresql/16/lib/bitcode/postgres/utils/misc/sampling.bc
/usr/lib/postgresql/16/lib/bitcode/postgres/utils/misc/superuser.bc
/usr/lib/postgresql/16/lib/bitcode/postgres/utils/misc/timeout.bc
/usr/lib/postgresql/16/lib/bitcode/postgres/utils/misc/tzparser.bc
/usr/lib/postgresql/16/lib/bitcode/postgres/utils/mmgr
/usr/lib/postgresql/16/lib/bitcode/postgres/utils/mmgr/alignedalloc.bc
/usr/lib/postgresql/16/lib/bitcode/postgres/utils/mmgr/aset.bc
/usr/lib/postgresql/16/lib/bitcode/postgres/utils/mmgr/dsa.bc
/usr/lib/postgresql/16/lib/bitcode/postgres/utils/mmgr/freepage.bc
/usr/lib/postgresql/16/lib/bitcode/postgres/utils/mmgr/generation.bc
/usr/lib/postgresql/16/lib/bitcode/postgres/utils/mmgr/mcxt.bc
/usr/lib/postgresql/16/lib/bitcode/postgres/utils/mmgr/memdebug.bc
/usr/lib/postgresql/16/lib/bitcode/postgres/utils/mmgr/portalmem.bc
/usr/lib/postgresql/16/lib/bitcode/postgres/utils/mmgr/slab.bc
/usr/lib/postgresql/16/lib/bitcode/postgres/utils/resowner
/usr/lib/postgresql/16/lib/bitcode/postgres/utils/resowner/resowner.bc
/usr/lib/postgresql/16/lib/bitcode/postgres/utils/sort
/usr/lib/postgresql/16/lib/bitcode/postgres/utils/sort/logtape.bc
/usr/lib/postgresql/16/lib/bitcode/postgres/utils/sort/qsort_interruptible.bc
/usr/lib/postgresql/16/lib/bitcode/postgres/utils/sort/sharedtuplestore.bc
/usr/lib/postgresql/16/lib/bitcode/postgres/utils/sort/sortsupport.bc
/usr/lib/postgresql/16/lib/bitcode/postgres/utils/sort/tuplesort.bc
/usr/lib/postgresql/16/lib/bitcode/postgres/utils/sort/tuplesortvariants.bc
/usr/lib/postgresql/16/lib/bitcode/postgres/utils/sort/tuplestore.bc
/usr/lib/postgresql/16/lib/bitcode/postgres/utils/time
/usr/lib/postgresql/16/lib/bitcode/postgres/utils/time/combocid.bc
/usr/lib/postgresql/16/lib/bitcode/postgres/utils/time/snapmgr.bc
/usr/lib/postgresql/16/lib/bitcode/postgres.index.bc
/usr/lib/postgresql/16/lib/bitcode/postgres_fdw
/usr/lib/postgresql/16/lib/bitcode/postgres_fdw/connection.bc
/usr/lib/postgresql/16/lib/bitcode/postgres_fdw/deparse.bc
/usr/lib/postgresql/16/lib/bitcode/postgres_fdw/option.bc
/usr/lib/postgresql/16/lib/bitcode/postgres_fdw/postgres_fdw.bc
/usr/lib/postgresql/16/lib/bitcode/postgres_fdw/shippable.bc
/usr/lib/postgresql/16/lib/bitcode/postgres_fdw.index.bc
/usr/lib/postgresql/16/lib/bitcode/refint
/usr/lib/postgresql/16/lib/bitcode/refint/refint.bc
/usr/lib/postgresql/16/lib/bitcode/refint.index.bc
/usr/lib/postgresql/16/lib/bitcode/seg
/usr/lib/postgresql/16/lib/bitcode/seg/seg.bc
/usr/lib/postgresql/16/lib/bitcode/seg/segparse.bc
/usr/lib/postgresql/16/lib/bitcode/seg/segscan.bc
/usr/lib/postgresql/16/lib/bitcode/seg.index.bc
/usr/lib/postgresql/16/lib/bitcode/sepgsql
/usr/lib/postgresql/16/lib/bitcode/sepgsql/database.bc
/usr/lib/postgresql/16/lib/bitcode/sepgsql/dml.bc
/usr/lib/postgresql/16/lib/bitcode/sepgsql/hooks.bc
/usr/lib/postgresql/16/lib/bitcode/sepgsql/label.bc
/usr/lib/postgresql/16/lib/bitcode/sepgsql/proc.bc
/usr/lib/postgresql/16/lib/bitcode/sepgsql/relation.bc
/usr/lib/postgresql/16/lib/bitcode/sepgsql/schema.bc
/usr/lib/postgresql/16/lib/bitcode/sepgsql/selinux.bc
/usr/lib/postgresql/16/lib/bitcode/sepgsql/uavc.bc
/usr/lib/postgresql/16/lib/bitcode/sepgsql.index.bc
/usr/lib/postgresql/16/lib/bitcode/sslinfo
/usr/lib/postgresql/16/lib/bitcode/sslinfo/sslinfo.bc
/usr/lib/postgresql/16/lib/bitcode/sslinfo.index.bc
/usr/lib/postgresql/16/lib/bitcode/tablefunc
/usr/lib/postgresql/16/lib/bitcode/tablefunc/tablefunc.bc
/usr/lib/postgresql/16/lib/bitcode/tablefunc.index.bc
/usr/lib/postgresql/16/lib/bitcode/tcn
/usr/lib/postgresql/16/lib/bitcode/tcn/tcn.bc
/usr/lib/postgresql/16/lib/bitcode/tcn.index.bc
/usr/lib/postgresql/16/lib/bitcode/test_decoding
/usr/lib/postgresql/16/lib/bitcode/test_decoding/test_decoding.bc
/usr/lib/postgresql/16/lib/bitcode/test_decoding.index.bc
/usr/lib/postgresql/16/lib/bitcode/tsm_system_rows
/usr/lib/postgresql/16/lib/bitcode/tsm_system_rows/tsm_system_rows.bc
/usr/lib/postgresql/16/lib/bitcode/tsm_system_rows.index.bc
/usr/lib/postgresql/16/lib/bitcode/tsm_system_time
/usr/lib/postgresql/16/lib/bitcode/tsm_system_time/tsm_system_time.bc
/usr/lib/postgresql/16/lib/bitcode/tsm_system_time.index.bc
/usr/lib/postgresql/16/lib/bitcode/unaccent
/usr/lib/postgresql/16/lib/bitcode/unaccent/unaccent.bc
/usr/lib/postgresql/16/lib/bitcode/unaccent.index.bc
/usr/lib/postgresql/16/lib/bitcode/uuid-ossp
/usr/lib/postgresql/16/lib/bitcode/uuid-ossp/uuid-ossp.bc
/usr/lib/postgresql/16/lib/bitcode/uuid-ossp.index.bc
/usr/lib/postgresql/16/lib/bloom.so
/usr/lib/postgresql/16/lib/btree_gin.so
/usr/lib/postgresql/16/lib/btree_gist.so
/usr/lib/postgresql/16/lib/citext.so
/usr/lib/postgresql/16/lib/cube.so
/usr/lib/postgresql/16/lib/cyrillic_and_mic.so
/usr/lib/postgresql/16/lib/dblink.so
/usr/lib/postgresql/16/lib/dict_int.so
/usr/lib/postgresql/16/lib/dict_snowball.so
/usr/lib/postgresql/16/lib/dict_xsyn.so
/usr/lib/postgresql/16/lib/earthdistance.so
/usr/lib/postgresql/16/lib/euc2004_sjis2004.so
/usr/lib/postgresql/16/lib/euc_cn_and_mic.so
/usr/lib/postgresql/16/lib/euc_jp_and_sjis.so
/usr/lib/postgresql/16/lib/euc_kr_and_mic.so
/usr/lib/postgresql/16/lib/euc_tw_and_big5.so
/usr/lib/postgresql/16/lib/file_fdw.so
/usr/lib/postgresql/16/lib/fuzzystrmatch.so
/usr/lib/postgresql/16/lib/hstore.so
/usr/lib/postgresql/16/lib/insert_username.so
/usr/lib/postgresql/16/lib/isn.so
/usr/lib/postgresql/16/lib/latin2_and_win1250.so
/usr/lib/postgresql/16/lib/latin_and_mic.so
/usr/lib/postgresql/16/lib/libpqwalreceiver.so
/usr/lib/postgresql/16/lib/llvmjit.so
/usr/lib/postgresql/16/lib/llvmjit_types.bc
/usr/lib/postgresql/16/lib/lo.so
/usr/lib/postgresql/16/lib/ltree.so
/usr/lib/postgresql/16/lib/moddatetime.so
/usr/lib/postgresql/16/lib/old_snapshot.so
/usr/lib/postgresql/16/lib/pageinspect.so
/usr/lib/postgresql/16/lib/passwordcheck.so
/usr/lib/postgresql/16/lib/pg_buffercache.so
/usr/lib/postgresql/16/lib/pg_freespacemap.so
/usr/lib/postgresql/16/lib/pg_prewarm.so
/usr/lib/postgresql/16/lib/pg_stat_statements.so
/usr/lib/postgresql/16/lib/pg_surgery.so
/usr/lib/postgresql/16/lib/pg_trgm.so
/usr/lib/postgresql/16/lib/pg_visibility.so
/usr/lib/postgresql/16/lib/pg_walinspect.so
/usr/lib/postgresql/16/lib/pgcrypto.so
/usr/lib/postgresql/16/lib/pgoutput.so
/usr/lib/postgresql/16/lib/pgrowlocks.so
/usr/lib/postgresql/16/lib/pgstattuple.so
/usr/lib/postgresql/16/lib/pgxml.so
/usr/lib/postgresql/16/lib/plpgsql.so
/usr/lib/postgresql/16/lib/postgres_fdw.so
/usr/lib/postgresql/16/lib/refint.so
/usr/lib/postgresql/16/lib/seg.so
/usr/lib/postgresql/16/lib/sepgsql.so
/usr/lib/postgresql/16/lib/sslinfo.so
/usr/lib/postgresql/16/lib/tablefunc.so
/usr/lib/postgresql/16/lib/tcn.so
/usr/lib/postgresql/16/lib/test_decoding.so
/usr/lib/postgresql/16/lib/tsm_system_rows.so
/usr/lib/postgresql/16/lib/tsm_system_time.so
/usr/lib/postgresql/16/lib/unaccent.so
/usr/lib/postgresql/16/lib/utf8_and_big5.so
/usr/lib/postgresql/16/lib/utf8_and_cyrillic.so
/usr/lib/postgresql/16/lib/utf8_and_euc2004.so
/usr/lib/postgresql/16/lib/utf8_and_euc_cn.so
/usr/lib/postgresql/16/lib/utf8_and_euc_jp.so
/usr/lib/postgresql/16/lib/utf8_and_euc_kr.so
/usr/lib/postgresql/16/lib/utf8_and_euc_tw.so
/usr/lib/postgresql/16/lib/utf8_and_gb18030.so
/usr/lib/postgresql/16/lib/utf8_and_gbk.so
/usr/lib/postgresql/16/lib/utf8_and_iso8859.so
/usr/lib/postgresql/16/lib/utf8_and_iso8859_1.so
/usr/lib/postgresql/16/lib/utf8_and_johab.so
/usr/lib/postgresql/16/lib/utf8_and_sjis.so
/usr/lib/postgresql/16/lib/utf8_and_sjis2004.so
/usr/lib/postgresql/16/lib/utf8_and_uhc.so
/usr/lib/postgresql/16/lib/utf8_and_win.so
/usr/lib/postgresql/16/lib/uuid-ossp.so
/usr/share
/usr/share/doc
/usr/share/doc/postgresql-16
/usr/share/doc/postgresql-16/changelog.Debian.gz
/usr/share/doc/postgresql-16/changelog.gz
/usr/share/doc/postgresql-16/copyright
/usr/share/doc/postgresql-16/examples
/usr/share/doc/postgresql-16/examples/autoinc.example
/usr/share/doc/postgresql-16/examples/insert_username.example
/usr/share/doc/postgresql-16/examples/moddatetime.example
/usr/share/doc/postgresql-16/examples/refint.example
/usr/share/lintian
/usr/share/lintian/overrides
/usr/share/lintian/overrides/postgresql-16
/usr/share/locale
/usr/share/locale/cs
/usr/share/locale/cs/LC_MESSAGES
/usr/share/locale/cs/LC_MESSAGES/initdb-16.mo
/usr/share/locale/cs/LC_MESSAGES/pg_archivecleanup-16.mo
/usr/share/locale/cs/LC_MESSAGES/pg_checksums-16.mo
/usr/share/locale/cs/LC_MESSAGES/pg_controldata-16.mo
/usr/share/locale/cs/LC_MESSAGES/pg_ctl-16.mo
/usr/share/locale/cs/LC_MESSAGES/pg_resetwal-16.mo
/usr/share/locale/cs/LC_MESSAGES/pg_rewind-16.mo
/usr/share/locale/cs/LC_MESSAGES/pg_test_fsync-16.mo
/usr/share/locale/cs/LC_MESSAGES/pg_test_timing-16.mo
/usr/share/locale/cs/LC_MESSAGES/pg_upgrade-16.mo
/usr/share/locale/cs/LC_MESSAGES/pg_waldump-16.mo
/usr/share/locale/cs/LC_MESSAGES/plpgsql-16.mo
/usr/share/locale/de
/usr/share/locale/de/LC_MESSAGES
/usr/share/locale/de/LC_MESSAGES/initdb-16.mo
/usr/share/locale/de/LC_MESSAGES/pg_archivecleanup-16.mo
/usr/share/locale/de/LC_MESSAGES/pg_checksums-16.mo
/usr/share/locale/de/LC_MESSAGES/pg_controldata-16.mo
/usr/share/locale/de/LC_MESSAGES/pg_ctl-16.mo
/usr/share/locale/de/LC_MESSAGES/pg_resetwal-16.mo
/usr/share/locale/de/LC_MESSAGES/pg_rewind-16.mo
/usr/share/locale/de/LC_MESSAGES/pg_test_fsync-16.mo
/usr/share/locale/de/LC_MESSAGES/pg_test_timing-16.mo
/usr/share/locale/de/LC_MESSAGES/pg_upgrade-16.mo
/usr/share/locale/de/LC_MESSAGES/pg_waldump-16.mo
/usr/share/locale/de/LC_MESSAGES/plpgsql-16.mo
/usr/share/locale/de/LC_MESSAGES/postgres-16.mo
/usr/share/locale/el
/usr/share/locale/el/LC_MESSAGES
/usr/share/locale/el/LC_MESSAGES/initdb-16.mo
/usr/share/locale/el/LC_MESSAGES/pg_archivecleanup-16.mo
/usr/share/locale/el/LC_MESSAGES/pg_checksums-16.mo
/usr/share/locale/el/LC_MESSAGES/pg_controldata-16.mo
/usr/share/locale/el/LC_MESSAGES/pg_ctl-16.mo
/usr/share/locale/el/LC_MESSAGES/pg_resetwal-16.mo
/usr/share/locale/el/LC_MESSAGES/pg_rewind-16.mo
/usr/share/locale/el/LC_MESSAGES/pg_test_fsync-16.mo
/usr/share/locale/el/LC_MESSAGES/pg_test_timing-16.mo
/usr/share/locale/el/LC_MESSAGES/pg_waldump-16.mo
/usr/share/locale/el/LC_MESSAGES/plpgsql-16.mo
/usr/share/locale/es
/usr/share/locale/es/LC_MESSAGES
/usr/share/locale/es/LC_MESSAGES/initdb-16.mo
/usr/share/locale/es/LC_MESSAGES/pg_archivecleanup-16.mo
/usr/share/locale/es/LC_MESSAGES/pg_checksums-16.mo
/usr/share/locale/es/LC_MESSAGES/pg_controldata-16.mo
/usr/share/locale/es/LC_MESSAGES/pg_ctl-16.mo
/usr/share/locale/es/LC_MESSAGES/pg_resetwal-16.mo
/usr/share/locale/es/LC_MESSAGES/pg_rewind-16.mo
/usr/share/locale/es/LC_MESSAGES/pg_test_fsync-16.mo
/usr/share/locale/es/LC_MESSAGES/pg_test_timing-16.mo
/usr/share/locale/es/LC_MESSAGES/pg_upgrade-16.mo
/usr/share/locale/es/LC_MESSAGES/pg_waldump-16.mo
/usr/share/locale/es/LC_MESSAGES/plpgsql-16.mo
/usr/share/locale/es/LC_MESSAGES/postgres-16.mo
/usr/share/locale/fr
/usr/share/locale/fr/LC_MESSAGES
/usr/share/locale/fr/LC_MESSAGES/initdb-16.mo
/usr/share/locale/fr/LC_MESSAGES/pg_archivecleanup-16.mo
/usr/share/locale/fr/LC_MESSAGES/pg_checksums-16.mo
/usr/share/locale/fr/LC_MESSAGES/pg_controldata-16.mo
/usr/share/locale/fr/LC_MESSAGES/pg_ctl-16.mo
/usr/share/locale/fr/LC_MESSAGES/pg_resetwal-16.mo
/usr/share/locale/fr/LC_MESSAGES/pg_rewind-16.mo
/usr/share/locale/fr/LC_MESSAGES/pg_test_fsync-16.mo
/usr/share/locale/fr/LC_MESSAGES/pg_test_timing-16.mo
/usr/share/locale/fr/LC_MESSAGES/pg_upgrade-16.mo
/usr/share/locale/fr/LC_MESSAGES/pg_waldump-16.mo
/usr/share/locale/fr/LC_MESSAGES/plpgsql-16.mo
/usr/share/locale/fr/LC_MESSAGES/postgres-16.mo
/usr/share/locale/he
/usr/share/locale/he/LC_MESSAGES
/usr/share/locale/he/LC_MESSAGES/initdb-16.mo
/usr/share/locale/he/LC_MESSAGES/pg_ctl-16.mo
/usr/share/locale/id
/usr/share/locale/id/LC_MESSAGES
/usr/share/locale/id/LC_MESSAGES/postgres-16.mo
/usr/share/locale/it
/usr/share/locale/it/LC_MESSAGES
/usr/share/locale/it/LC_MESSAGES/initdb-16.mo
/usr/share/locale/it/LC_MESSAGES/pg_archivecleanup-16.mo
/usr/share/locale/it/LC_MESSAGES/pg_checksums-16.mo
/usr/share/locale/it/LC_MESSAGES/pg_controldata-16.mo
/usr/share/locale/it/LC_MESSAGES/pg_ctl-16.mo
/usr/share/locale/it/LC_MESSAGES/pg_resetwal-16.mo
/usr/share/locale/it/LC_MESSAGES/pg_rewind-16.mo
/usr/share/locale/it/LC_MESSAGES/pg_test_fsync-16.mo
/usr/share/locale/it/LC_MESSAGES/pg_test_timing-16.mo
/usr/share/locale/it/LC_MESSAGES/pg_waldump-16.mo
/usr/share/locale/it/LC_MESSAGES/plpgsql-16.mo
/usr/share/locale/it/LC_MESSAGES/postgres-16.mo
/usr/share/locale/ja
/usr/share/locale/ja/LC_MESSAGES
/usr/share/locale/ja/LC_MESSAGES/initdb-16.mo
/usr/share/locale/ja/LC_MESSAGES/pg_archivecleanup-16.mo
/usr/share/locale/ja/LC_MESSAGES/pg_checksums-16.mo
/usr/share/locale/ja/LC_MESSAGES/pg_controldata-16.mo
/usr/share/locale/ja/LC_MESSAGES/pg_ctl-16.mo
/usr/share/locale/ja/LC_MESSAGES/pg_resetwal-16.mo
/usr/share/locale/ja/LC_MESSAGES/pg_rewind-16.mo
/usr/share/locale/ja/LC_MESSAGES/pg_test_fsync-16.mo
/usr/share/locale/ja/LC_MESSAGES/pg_test_timing-16.mo
/usr/share/locale/ja/LC_MESSAGES/pg_upgrade-16.mo
/usr/share/locale/ja/LC_MESSAGES/pg_waldump-16.mo
/usr/share/locale/ja/LC_MESSAGES/plpgsql-16.mo
/usr/share/locale/ja/LC_MESSAGES/postgres-16.mo
/usr/share/locale/ka
/usr/share/locale/ka/LC_MESSAGES
/usr/share/locale/ka/LC_MESSAGES/initdb-16.mo
/usr/share/locale/ka/LC_MESSAGES/pg_archivecleanup-16.mo
/usr/share/locale/ka/LC_MESSAGES/pg_checksums-16.mo
/usr/share/locale/ka/LC_MESSAGES/pg_controldata-16.mo
/usr/share/locale/ka/LC_MESSAGES/pg_ctl-16.mo
/usr/share/locale/ka/LC_MESSAGES/pg_resetwal-16.mo
/usr/share/locale/ka/LC_MESSAGES/pg_rewind-16.mo
/usr/share/locale/ka/LC_MESSAGES/pg_test_fsync-16.mo
/usr/share/locale/ka/LC_MESSAGES/pg_test_timing-16.mo
/usr/share/locale/ka/LC_MESSAGES/pg_upgrade-16.mo
/usr/share/locale/ka/LC_MESSAGES/pg_waldump-16.mo
/usr/share/locale/ka/LC_MESSAGES/plpgsql-16.mo
/usr/share/locale/ka/LC_MESSAGES/postgres-16.mo
/usr/share/locale/ko
/usr/share/locale/ko/LC_MESSAGES
/usr/share/locale/ko/LC_MESSAGES/initdb-16.mo
/usr/share/locale/ko/LC_MESSAGES/pg_archivecleanup-16.mo
/usr/share/locale/ko/LC_MESSAGES/pg_checksums-16.mo
/usr/share/locale/ko/LC_MESSAGES/pg_controldata-16.mo
/usr/share/locale/ko/LC_MESSAGES/pg_ctl-16.mo
/usr/share/locale/ko/LC_MESSAGES/pg_resetwal-16.mo
/usr/share/locale/ko/LC_MESSAGES/pg_rewind-16.mo
/usr/share/locale/ko/LC_MESSAGES/pg_test_fsync-16.mo
/usr/share/locale/ko/LC_MESSAGES/pg_test_timing-16.mo
/usr/share/locale/ko/LC_MESSAGES/pg_upgrade-16.mo
/usr/share/locale/ko/LC_MESSAGES/pg_waldump-16.mo
/usr/share/locale/ko/LC_MESSAGES/plpgsql-16.mo
/usr/share/locale/ko/LC_MESSAGES/postgres-16.mo
/usr/share/locale/pl
/usr/share/locale/pl/LC_MESSAGES
/usr/share/locale/pl/LC_MESSAGES/initdb-16.mo
/usr/share/locale/pl/LC_MESSAGES/pg_archivecleanup-16.mo
/usr/share/locale/pl/LC_MESSAGES/pg_controldata-16.mo
/usr/share/locale/pl/LC_MESSAGES/pg_ctl-16.mo
/usr/share/locale/pl/LC_MESSAGES/pg_resetwal-16.mo
/usr/share/locale/pl/LC_MESSAGES/pg_rewind-16.mo
/usr/share/locale/pl/LC_MESSAGES/pg_test_fsync-16.mo
/usr/share/locale/pl/LC_MESSAGES/pg_test_timing-16.mo
/usr/share/locale/pl/LC_MESSAGES/plpgsql-16.mo
/usr/share/locale/pl/LC_MESSAGES/postgres-16.mo
/usr/share/locale/pt_BR
/usr/share/locale/pt_BR/LC_MESSAGES
/usr/share/locale/pt_BR/LC_MESSAGES/initdb-16.mo
/usr/share/locale/pt_BR/LC_MESSAGES/pg_archivecleanup-16.mo
/usr/share/locale/pt_BR/LC_MESSAGES/pg_checksums-16.mo
/usr/share/locale/pt_BR/LC_MESSAGES/pg_controldata-16.mo
/usr/share/locale/pt_BR/LC_MESSAGES/pg_ctl-16.mo
/usr/share/locale/pt_BR/LC_MESSAGES/pg_resetwal-16.mo
/usr/share/locale/pt_BR/LC_MESSAGES/pg_rewind-16.mo
/usr/share/locale/pt_BR/LC_MESSAGES/pg_test_fsync-16.mo
/usr/share/locale/pt_BR/LC_MESSAGES/pg_test_timing-16.mo
/usr/share/locale/pt_BR/LC_MESSAGES/plpgsql-16.mo
/usr/share/locale/pt_BR/LC_MESSAGES/postgres-16.mo
/usr/share/locale/ro
/usr/share/locale/ro/LC_MESSAGES
/usr/share/locale/ro/LC_MESSAGES/plpgsql-16.mo
/usr/share/locale/ru
/usr/share/locale/ru/LC_MESSAGES
/usr/share/locale/ru/LC_MESSAGES/initdb-16.mo
/usr/share/locale/ru/LC_MESSAGES/pg_archivecleanup-16.mo
/usr/share/locale/ru/LC_MESSAGES/pg_checksums-16.mo
/usr/share/locale/ru/LC_MESSAGES/pg_controldata-16.mo
/usr/share/locale/ru/LC_MESSAGES/pg_ctl-16.mo
/usr/share/locale/ru/LC_MESSAGES/pg_resetwal-16.mo
/usr/share/locale/ru/LC_MESSAGES/pg_rewind-16.mo
/usr/share/locale/ru/LC_MESSAGES/pg_test_fsync-16.mo
/usr/share/locale/ru/LC_MESSAGES/pg_test_timing-16.mo
/usr/share/locale/ru/LC_MESSAGES/pg_upgrade-16.mo
/usr/share/locale/ru/LC_MESSAGES/pg_waldump-16.mo
/usr/share/locale/ru/LC_MESSAGES/plpgsql-16.mo
/usr/share/locale/ru/LC_MESSAGES/postgres-16.mo
/usr/share/locale/sv
/usr/share/locale/sv/LC_MESSAGES
/usr/share/locale/sv/LC_MESSAGES/initdb-16.mo
/usr/share/locale/sv/LC_MESSAGES/pg_archivecleanup-16.mo
/usr/share/locale/sv/LC_MESSAGES/pg_checksums-16.mo
/usr/share/locale/sv/LC_MESSAGES/pg_controldata-16.mo
/usr/share/locale/sv/LC_MESSAGES/pg_ctl-16.mo
/usr/share/locale/sv/LC_MESSAGES/pg_resetwal-16.mo
/usr/share/locale/sv/LC_MESSAGES/pg_rewind-16.mo
/usr/share/locale/sv/LC_MESSAGES/pg_test_fsync-16.mo
/usr/share/locale/sv/LC_MESSAGES/pg_test_timing-16.mo
/usr/share/locale/sv/LC_MESSAGES/pg_upgrade-16.mo
/usr/share/locale/sv/LC_MESSAGES/pg_waldump-16.mo
/usr/share/locale/sv/LC_MESSAGES/plpgsql-16.mo
/usr/share/locale/sv/LC_MESSAGES/postgres-16.mo
/usr/share/locale/tr
/usr/share/locale/tr/LC_MESSAGES
/usr/share/locale/tr/LC_MESSAGES/initdb-16.mo
/usr/share/locale/tr/LC_MESSAGES/pg_archivecleanup-16.mo
/usr/share/locale/tr/LC_MESSAGES/pg_checksums-16.mo
/usr/share/locale/tr/LC_MESSAGES/pg_controldata-16.mo
/usr/share/locale/tr/LC_MESSAGES/pg_ctl-16.mo
/usr/share/locale/tr/LC_MESSAGES/pg_resetwal-16.mo
/usr/share/locale/tr/LC_MESSAGES/pg_rewind-16.mo
/usr/share/locale/tr/LC_MESSAGES/pg_test_fsync-16.mo
/usr/share/locale/tr/LC_MESSAGES/pg_test_timing-16.mo
/usr/share/locale/tr/LC_MESSAGES/pg_upgrade-16.mo
/usr/share/locale/tr/LC_MESSAGES/pg_waldump-16.mo
/usr/share/locale/tr/LC_MESSAGES/plpgsql-16.mo
/usr/share/locale/tr/LC_MESSAGES/postgres-16.mo
/usr/share/locale/uk
/usr/share/locale/uk/LC_MESSAGES
/usr/share/locale/uk/LC_MESSAGES/initdb-16.mo
/usr/share/locale/uk/LC_MESSAGES/pg_archivecleanup-16.mo
/usr/share/locale/uk/LC_MESSAGES/pg_checksums-16.mo
/usr/share/locale/uk/LC_MESSAGES/pg_controldata-16.mo
/usr/share/locale/uk/LC_MESSAGES/pg_ctl-16.mo
/usr/share/locale/uk/LC_MESSAGES/pg_resetwal-16.mo
/usr/share/locale/uk/LC_MESSAGES/pg_rewind-16.mo
/usr/share/locale/uk/LC_MESSAGES/pg_test_fsync-16.mo
/usr/share/locale/uk/LC_MESSAGES/pg_test_timing-16.mo
/usr/share/locale/uk/LC_MESSAGES/pg_upgrade-16.mo
/usr/share/locale/uk/LC_MESSAGES/pg_waldump-16.mo
/usr/share/locale/uk/LC_MESSAGES/plpgsql-16.mo
/usr/share/locale/uk/LC_MESSAGES/postgres-16.mo
/usr/share/locale/vi
/usr/share/locale/vi/LC_MESSAGES
/usr/share/locale/vi/LC_MESSAGES/initdb-16.mo
/usr/share/locale/vi/LC_MESSAGES/pg_archivecleanup-16.mo
/usr/share/locale/vi/LC_MESSAGES/pg_controldata-16.mo
/usr/share/locale/vi/LC_MESSAGES/pg_test_fsync-16.mo
/usr/share/locale/vi/LC_MESSAGES/pg_test_timing-16.mo
/usr/share/locale/vi/LC_MESSAGES/pg_waldump-16.mo
/usr/share/locale/vi/LC_MESSAGES/plpgsql-16.mo
/usr/share/locale/zh_CN
/usr/share/locale/zh_CN/LC_MESSAGES
/usr/share/locale/zh_CN/LC_MESSAGES/initdb-16.mo
/usr/share/locale/zh_CN/LC_MESSAGES/pg_archivecleanup-16.mo
/usr/share/locale/zh_CN/LC_MESSAGES/pg_checksums-16.mo
/usr/share/locale/zh_CN/LC_MESSAGES/pg_controldata-16.mo
/usr/share/locale/zh_CN/LC_MESSAGES/pg_ctl-16.mo
/usr/share/locale/zh_CN/LC_MESSAGES/pg_resetwal-16.mo
/usr/share/locale/zh_CN/LC_MESSAGES/pg_rewind-16.mo
/usr/share/locale/zh_CN/LC_MESSAGES/pg_test_fsync-16.mo
/usr/share/locale/zh_CN/LC_MESSAGES/pg_test_timing-16.mo
/usr/share/locale/zh_CN/LC_MESSAGES/pg_upgrade-16.mo
/usr/share/locale/zh_CN/LC_MESSAGES/pg_waldump-16.mo
/usr/share/locale/zh_CN/LC_MESSAGES/plpgsql-16.mo
/usr/share/locale/zh_CN/LC_MESSAGES/postgres-16.mo
/usr/share/locale/zh_TW
/usr/share/locale/zh_TW/LC_MESSAGES
/usr/share/locale/zh_TW/LC_MESSAGES/initdb-16.mo
/usr/share/locale/zh_TW/LC_MESSAGES/pg_archivecleanup-16.mo
/usr/share/locale/zh_TW/LC_MESSAGES/pg_checksums-16.mo
/usr/share/locale/zh_TW/LC_MESSAGES/pg_controldata-16.mo
/usr/share/locale/zh_TW/LC_MESSAGES/pg_ctl-16.mo
/usr/share/locale/zh_TW/LC_MESSAGES/pg_resetwal-16.mo
/usr/share/locale/zh_TW/LC_MESSAGES/pg_rewind-16.mo
/usr/share/locale/zh_TW/LC_MESSAGES/pg_test_fsync-16.mo
/usr/share/locale/zh_TW/LC_MESSAGES/pg_test_timing-16.mo
/usr/share/locale/zh_TW/LC_MESSAGES/pg_upgrade-16.mo
/usr/share/locale/zh_TW/LC_MESSAGES/pg_waldump-16.mo
/usr/share/locale/zh_TW/LC_MESSAGES/plpgsql-16.mo
/usr/share/postgresql
/usr/share/postgresql/16
/usr/share/postgresql/16/catalog_version
/usr/share/postgresql/16/contrib
/usr/share/postgresql/16/contrib/sepgsql.sql
/usr/share/postgresql/16/errcodes.txt
/usr/share/postgresql/16/extension
/usr/share/postgresql/16/extension/adminpack--1.0--1.1.sql
/usr/share/postgresql/16/extension/adminpack--1.0.sql
/usr/share/postgresql/16/extension/adminpack--1.1--2.0.sql
/usr/share/postgresql/16/extension/adminpack--2.0--2.1.sql
/usr/share/postgresql/16/extension/adminpack.control
/usr/share/postgresql/16/extension/amcheck--1.0--1.1.sql
/usr/share/postgresql/16/extension/amcheck--1.0.sql
/usr/share/postgresql/16/extension/amcheck--1.1--1.2.sql
/usr/share/postgresql/16/extension/amcheck--1.2--1.3.sql
/usr/share/postgresql/16/extension/amcheck.control
/usr/share/postgresql/16/extension/autoinc--1.0.sql
/usr/share/postgresql/16/extension/autoinc.control
/usr/share/postgresql/16/extension/bloom--1.0.sql
/usr/share/postgresql/16/extension/bloom.control
/usr/share/postgresql/16/extension/btree_gin--1.0--1.1.sql
/usr/share/postgresql/16/extension/btree_gin--1.0.sql
/usr/share/postgresql/16/extension/btree_gin--1.1--1.2.sql
/usr/share/postgresql/16/extension/btree_gin--1.2--1.3.sql
/usr/share/postgresql/16/extension/btree_gin.control
/usr/share/postgresql/16/extension/btree_gist--1.0--1.1.sql
/usr/share/postgresql/16/extension/btree_gist--1.1--1.2.sql
/usr/share/postgresql/16/extension/btree_gist--1.2--1.3.sql
/usr/share/postgresql/16/extension/btree_gist--1.2.sql
/usr/share/postgresql/16/extension/btree_gist--1.3--1.4.sql
/usr/share/postgresql/16/extension/btree_gist--1.4--1.5.sql
/usr/share/postgresql/16/extension/btree_gist--1.5--1.6.sql
/usr/share/postgresql/16/extension/btree_gist--1.6--1.7.sql
/usr/share/postgresql/16/extension/btree_gist.control
/usr/share/postgresql/16/extension/citext--1.0--1.1.sql
/usr/share/postgresql/16/extension/citext--1.1--1.2.sql
/usr/share/postgresql/16/extension/citext--1.2--1.3.sql
/usr/share/postgresql/16/extension/citext--1.3--1.4.sql
/usr/share/postgresql/16/extension/citext--1.4--1.5.sql
/usr/share/postgresql/16/extension/citext--1.4.sql
/usr/share/postgresql/16/extension/citext--1.5--1.6.sql
/usr/share/postgresql/16/extension/citext.control
/usr/share/postgresql/16/extension/cube--1.0--1.1.sql
/usr/share/postgresql/16/extension/cube--1.1--1.2.sql
/usr/share/postgresql/16/extension/cube--1.2--1.3.sql
/usr/share/postgresql/16/extension/cube--1.2.sql
/usr/share/postgresql/16/extension/cube--1.3--1.4.sql
/usr/share/postgresql/16/extension/cube--1.4--1.5.sql
/usr/share/postgresql/16/extension/cube.control
/usr/share/postgresql/16/extension/dblink--1.0--1.1.sql
/usr/share/postgresql/16/extension/dblink--1.1--1.2.sql
/usr/share/postgresql/16/extension/dblink--1.2.sql
/usr/share/postgresql/16/extension/dblink.control
/usr/share/postgresql/16/extension/dict_int--1.0.sql
/usr/share/postgresql/16/extension/dict_int.control
/usr/share/postgresql/16/extension/dict_xsyn--1.0.sql
/usr/share/postgresql/16/extension/dict_xsyn.control
/usr/share/postgresql/16/extension/earthdistance--1.0--1.1.sql
/usr/share/postgresql/16/extension/earthdistance--1.1--1.2.sql
/usr/share/postgresql/16/extension/earthdistance--1.1.sql
/usr/share/postgresql/16/extension/earthdistance.control
/usr/share/postgresql/16/extension/file_fdw--1.0.sql
/usr/share/postgresql/16/extension/file_fdw.control
/usr/share/postgresql/16/extension/fuzzystrmatch--1.0--1.1.sql
/usr/share/postgresql/16/extension/fuzzystrmatch--1.1--1.2.sql
/usr/share/postgresql/16/extension/fuzzystrmatch--1.1.sql
/usr/share/postgresql/16/extension/fuzzystrmatch.control
/usr/share/postgresql/16/extension/hstore--1.1--1.2.sql
/usr/share/postgresql/16/extension/hstore--1.2--1.3.sql
/usr/share/postgresql/16/extension/hstore--1.3--1.4.sql
/usr/share/postgresql/16/extension/hstore--1.4--1.5.sql
/usr/share/postgresql/16/extension/hstore--1.4.sql
/usr/share/postgresql/16/extension/hstore--1.5--1.6.sql
/usr/share/postgresql/16/extension/hstore--1.6--1.7.sql
/usr/share/postgresql/16/extension/hstore--1.7--1.8.sql
/usr/share/postgresql/16/extension/hstore.control
/usr/share/postgresql/16/extension/insert_username--1.0.sql
/usr/share/postgresql/16/extension/insert_username.control
/usr/share/postgresql/16/extension/intagg--1.0--1.1.sql
/usr/share/postgresql/16/extension/intagg--1.1.sql
/usr/share/postgresql/16/extension/intagg.control
/usr/share/postgresql/16/extension/intarray--1.0--1.1.sql
/usr/share/postgresql/16/extension/intarray--1.1--1.2.sql
/usr/share/postgresql/16/extension/intarray--1.2--1.3.sql
/usr/share/postgresql/16/extension/intarray--1.2.sql
/usr/share/postgresql/16/extension/intarray--1.3--1.4.sql
/usr/share/postgresql/16/extension/intarray--1.4--1.5.sql
/usr/share/postgresql/16/extension/intarray.control
/usr/share/postgresql/16/extension/isn--1.0--1.1.sql
/usr/share/postgresql/16/extension/isn--1.1--1.2.sql
/usr/share/postgresql/16/extension/isn--1.1.sql
/usr/share/postgresql/16/extension/isn.control
/usr/share/postgresql/16/extension/lo--1.0--1.1.sql
/usr/share/postgresql/16/extension/lo--1.1.sql
/usr/share/postgresql/16/extension/lo.control
/usr/share/postgresql/16/extension/ltree--1.0--1.1.sql
/usr/share/postgresql/16/extension/ltree--1.1--1.2.sql
/usr/share/postgresql/16/extension/ltree--1.1.sql
/usr/share/postgresql/16/extension/ltree.control
/usr/share/postgresql/16/extension/moddatetime--1.0.sql
/usr/share/postgresql/16/extension/moddatetime.control
/usr/share/postgresql/16/extension/old_snapshot--1.0.sql
/usr/share/postgresql/16/extension/old_snapshot.control
/usr/share/postgresql/16/extension/pageinspect--1.0--1.1.sql
/usr/share/postgresql/16/extension/pageinspect--1.1--1.2.sql
/usr/share/postgresql/16/extension/pageinspect--1.10--1.11.sql
/usr/share/postgresql/16/extension/pageinspect--1.11--1.12.sql
/usr/share/postgresql/16/extension/pageinspect--1.2--1.3.sql
/usr/share/postgresql/16/extension/pageinspect--1.3--1.4.sql
/usr/share/postgresql/16/extension/pageinspect--1.4--1.5.sql
/usr/share/postgresql/16/extension/pageinspect--1.5--1.6.sql
/usr/share/postgresql/16/extension/pageinspect--1.5.sql
/usr/share/postgresql/16/extension/pageinspect--1.6--1.7.sql
/usr/share/postgresql/16/extension/pageinspect--1.7--1.8.sql
/usr/share/postgresql/16/extension/pageinspect--1.8--1.9.sql
/usr/share/postgresql/16/extension/pageinspect--1.9--1.10.sql
/usr/share/postgresql/16/extension/pageinspect.control
/usr/share/postgresql/16/extension/pg_buffercache--1.0--1.1.sql
/usr/share/postgresql/16/extension/pg_buffercache--1.1--1.2.sql
/usr/share/postgresql/16/extension/pg_buffercache--1.2--1.3.sql
/usr/share/postgresql/16/extension/pg_buffercache--1.2.sql
/usr/share/postgresql/16/extension/pg_buffercache--1.3--1.4.sql
/usr/share/postgresql/16/extension/pg_buffercache.control
/usr/share/postgresql/16/extension/pg_freespacemap--1.0--1.1.sql
/usr/share/postgresql/16/extension/pg_freespacemap--1.1--1.2.sql
/usr/share/postgresql/16/extension/pg_freespacemap--1.1.sql
/usr/share/postgresql/16/extension/pg_freespacemap.control
/usr/share/postgresql/16/extension/pg_prewarm--1.0--1.1.sql
/usr/share/postgresql/16/extension/pg_prewarm--1.1--1.2.sql
/usr/share/postgresql/16/extension/pg_prewarm--1.1.sql
/usr/share/postgresql/16/extension/pg_prewarm.control
/usr/share/postgresql/16/extension/pg_stat_statements--1.0--1.1.sql
/usr/share/postgresql/16/extension/pg_stat_statements--1.1--1.2.sql
/usr/share/postgresql/16/extension/pg_stat_statements--1.2--1.3.sql
/usr/share/postgresql/16/extension/pg_stat_statements--1.3--1.4.sql
/usr/share/postgresql/16/extension/pg_stat_statements--1.4--1.5.sql
/usr/share/postgresql/16/extension/pg_stat_statements--1.4.sql
/usr/share/postgresql/16/extension/pg_stat_statements--1.5--1.6.sql
/usr/share/postgresql/16/extension/pg_stat_statements--1.6--1.7.sql
/usr/share/postgresql/16/extension/pg_stat_statements--1.7--1.8.sql
/usr/share/postgresql/16/extension/pg_stat_statements--1.8--1.9.sql
/usr/share/postgresql/16/extension/pg_stat_statements--1.9--1.10.sql
/usr/share/postgresql/16/extension/pg_stat_statements.control
/usr/share/postgresql/16/extension/pg_surgery--1.0.sql
/usr/share/postgresql/16/extension/pg_surgery.control
/usr/share/postgresql/16/extension/pg_trgm--1.0--1.1.sql
/usr/share/postgresql/16/extension/pg_trgm--1.1--1.2.sql
/usr/share/postgresql/16/extension/pg_trgm--1.2--1.3.sql
/usr/share/postgresql/16/extension/pg_trgm--1.3--1.4.sql
/usr/share/postgresql/16/extension/pg_trgm--1.3.sql
/usr/share/postgresql/16/extension/pg_trgm--1.4--1.5.sql
/usr/share/postgresql/16/extension/pg_trgm--1.5--1.6.sql
/usr/share/postgresql/16/extension/pg_trgm.control
/usr/share/postgresql/16/extension/pg_visibility--1.0--1.1.sql
/usr/share/postgresql/16/extension/pg_visibility--1.1--1.2.sql
/usr/share/postgresql/16/extension/pg_visibility--1.1.sql
/usr/share/postgresql/16/extension/pg_visibility.control
/usr/share/postgresql/16/extension/pg_walinspect--1.0--1.1.sql
/usr/share/postgresql/16/extension/pg_walinspect--1.0.sql
/usr/share/postgresql/16/extension/pg_walinspect.control
/usr/share/postgresql/16/extension/pgcrypto--1.0--1.1.sql
/usr/share/postgresql/16/extension/pgcrypto--1.1--1.2.sql
/usr/share/postgresql/16/extension/pgcrypto--1.2--1.3.sql
/usr/share/postgresql/16/extension/pgcrypto--1.3.sql
/usr/share/postgresql/16/extension/pgcrypto.control
/usr/share/postgresql/16/extension/pgrowlocks--1.0--1.1.sql
/usr/share/postgresql/16/extension/pgrowlocks--1.1--1.2.sql
/usr/share/postgresql/16/extension/pgrowlocks--1.2.sql
/usr/share/postgresql/16/extension/pgrowlocks.control
/usr/share/postgresql/16/extension/pgstattuple--1.0--1.1.sql
/usr/share/postgresql/16/extension/pgstattuple--1.1--1.2.sql
/usr/share/postgresql/16/extension/pgstattuple--1.2--1.3.sql
/usr/share/postgresql/16/extension/pgstattuple--1.3--1.4.sql
/usr/share/postgresql/16/extension/pgstattuple--1.4--1.5.sql
/usr/share/postgresql/16/extension/pgstattuple--1.4.sql
/usr/share/postgresql/16/extension/pgstattuple.control
/usr/share/postgresql/16/extension/plpgsql--1.0.sql
/usr/share/postgresql/16/extension/plpgsql.control
/usr/share/postgresql/16/extension/postgres_fdw--1.0--1.1.sql
/usr/share/postgresql/16/extension/postgres_fdw--1.0.sql
/usr/share/postgresql/16/extension/postgres_fdw.control
/usr/share/postgresql/16/extension/refint--1.0.sql
/usr/share/postgresql/16/extension/refint.control
/usr/share/postgresql/16/extension/seg--1.0--1.1.sql
/usr/share/postgresql/16/extension/seg--1.1--1.2.sql
/usr/share/postgresql/16/extension/seg--1.1.sql
/usr/share/postgresql/16/extension/seg--1.2--1.3.sql
/usr/share/postgresql/16/extension/seg--1.3--1.4.sql
/usr/share/postgresql/16/extension/seg.control
/usr/share/postgresql/16/extension/sslinfo--1.0--1.1.sql
/usr/share/postgresql/16/extension/sslinfo--1.1--1.2.sql
/usr/share/postgresql/16/extension/sslinfo--1.2.sql
/usr/share/postgresql/16/extension/sslinfo.control
/usr/share/postgresql/16/extension/tablefunc--1.0.sql
/usr/share/postgresql/16/extension/tablefunc.control
/usr/share/postgresql/16/extension/tcn--1.0.sql
/usr/share/postgresql/16/extension/tcn.control
/usr/share/postgresql/16/extension/tsm_system_rows--1.0.sql
/usr/share/postgresql/16/extension/tsm_system_rows.control
/usr/share/postgresql/16/extension/tsm_system_time--1.0.sql
/usr/share/postgresql/16/extension/tsm_system_time.control
/usr/share/postgresql/16/extension/unaccent--1.0--1.1.sql
/usr/share/postgresql/16/extension/unaccent--1.1.sql
/usr/share/postgresql/16/extension/unaccent.control
/usr/share/postgresql/16/extension/uuid-ossp--1.0--1.1.sql
/usr/share/postgresql/16/extension/uuid-ossp--1.1.sql
/usr/share/postgresql/16/extension/uuid-ossp.control
/usr/share/postgresql/16/extension/xml2--1.0--1.1.sql
/usr/share/postgresql/16/extension/xml2--1.1.sql
/usr/share/postgresql/16/extension/xml2.control
/usr/share/postgresql/16/fix-CVE-2024-4317.sql
/usr/share/postgresql/16/information_schema.sql
/usr/share/postgresql/16/man
/usr/share/postgresql/16/man/man1
/usr/share/postgresql/16/man/man1/initdb.1.gz
/usr/share/postgresql/16/man/man1/oid2name.1.gz
/usr/share/postgresql/16/man/man1/pg_archivecleanup.1.gz
/usr/share/postgresql/16/man/man1/pg_checksums.1.gz
/usr/share/postgresql/16/man/man1/pg_controldata.1.gz
/usr/share/postgresql/16/man/man1/pg_ctl.1.gz
/usr/share/postgresql/16/man/man1/pg_resetwal.1.gz
/usr/share/postgresql/16/man/man1/pg_rewind.1.gz
/usr/share/postgresql/16/man/man1/pg_test_fsync.1.gz
/usr/share/postgresql/16/man/man1/pg_test_timing.1.gz
/usr/share/postgresql/16/man/man1/pg_upgrade.1.gz
/usr/share/postgresql/16/man/man1/pg_waldump.1.gz
/usr/share/postgresql/16/man/man1/pgbench.1.gz
/usr/share/postgresql/16/man/man1/postgres.1.gz
/usr/share/postgresql/16/man/man1/vacuumlo.1.gz
/usr/share/postgresql/16/pg_hba.conf.sample
/usr/share/postgresql/16/pg_ident.conf.sample
/usr/share/postgresql/16/pg_service.conf.sample
/usr/share/postgresql/16/postgres.bki
/usr/share/postgresql/16/postgresql.conf.sample
/usr/share/postgresql/16/snowball_create.sql
/usr/share/postgresql/16/sql_features.txt
/usr/share/postgresql/16/system_constraints.sql
/usr/share/postgresql/16/system_functions.sql
/usr/share/postgresql/16/system_views.sql
/usr/share/postgresql/16/timezonesets
/usr/share/postgresql/16/timezonesets/Africa.txt
/usr/share/postgresql/16/timezonesets/America.txt
/usr/share/postgresql/16/timezonesets/Antarctica.txt
/usr/share/postgresql/16/timezonesets/Asia.txt
/usr/share/postgresql/16/timezonesets/Atlantic.txt
/usr/share/postgresql/16/timezonesets/Australia
/usr/share/postgresql/16/timezonesets/Australia.txt
/usr/share/postgresql/16/timezonesets/Default
/usr/share/postgresql/16/timezonesets/Etc.txt
/usr/share/postgresql/16/timezonesets/Europe.txt
/usr/share/postgresql/16/timezonesets/India
/usr/share/postgresql/16/timezonesets/Indian.txt
/usr/share/postgresql/16/timezonesets/Pacific.txt
/usr/share/postgresql/16/tsearch_data
/usr/share/postgresql/16/tsearch_data/danish.stop
/usr/share/postgresql/16/tsearch_data/dutch.stop
/usr/share/postgresql/16/tsearch_data/english.stop
/usr/share/postgresql/16/tsearch_data/finnish.stop
/usr/share/postgresql/16/tsearch_data/french.stop
/usr/share/postgresql/16/tsearch_data/german.stop
/usr/share/postgresql/16/tsearch_data/hungarian.stop
/usr/share/postgresql/16/tsearch_data/hunspell_sample.affix
/usr/share/postgresql/16/tsearch_data/hunspell_sample_long.affix
/usr/share/postgresql/16/tsearch_data/hunspell_sample_long.dict
/usr/share/postgresql/16/tsearch_data/hunspell_sample_num.affix
/usr/share/postgresql/16/tsearch_data/hunspell_sample_num.dict
/usr/share/postgresql/16/tsearch_data/ispell_sample.affix
/usr/share/postgresql/16/tsearch_data/ispell_sample.dict
/usr/share/postgresql/16/tsearch_data/italian.stop
/usr/share/postgresql/16/tsearch_data/nepali.stop
/usr/share/postgresql/16/tsearch_data/norwegian.stop
/usr/share/postgresql/16/tsearch_data/portuguese.stop
/usr/share/postgresql/16/tsearch_data/russian.stop
/usr/share/postgresql/16/tsearch_data/spanish.stop
/usr/share/postgresql/16/tsearch_data/swedish.stop
/usr/share/postgresql/16/tsearch_data/synonym_sample.syn
/usr/share/postgresql/16/tsearch_data/thesaurus_sample.ths
/usr/share/postgresql/16/tsearch_data/turkish.stop
/usr/share/postgresql/16/tsearch_data/unaccent.rules
/usr/share/postgresql/16/tsearch_data/xsyn_sample.rules
/usr/share/doc/postgresql-16/README.Debian.gz

